id,text,labels,group,split,valence,arousal
2,Track: Tonight A Lonely Century. Artist: The New Mystikal Troubadours.,Blues,The New Mystikal Troubadours,,-0.475,-0.5
3,Track: DD Groove. Artist: Kevin MacLeod.,Blues,Kevin MacLeod,,-0.375,-0.42500000000000004
4,Track: Slow Burn. Artist: Kevin MacLeod.,Blues,Kevin MacLeod,,0.17500000000000004,0.125
5,Track: Nothing Much. Artist: My Bubba & Mi.,Blues,My Bubba & Mi,,-0.1499999999999999,0.07499999999999996
7,Track: Hustle. Artist: Kevin MacLeod.,Blues,Kevin MacLeod,,0.19999999999999996,0.3500000000000001
8,Track: Dirt Rhodes. Artist: Kevin MacLeod.,Blues,Kevin MacLeod,,-0.44999999999999996,-0.050000000000000044
10,Track: Stormy Blues. Artist: Arne Bang Huseby.,Blues,Arne Bang Huseby,,-0.25,-0.07499999999999996
12,Track: Rebel Blues. Artist: Sul Rebel.,Blues,Sul Rebel,,0.125,0.19999999999999996
13,Track: Oh Kiss No. Artist: My Bubba & Mi.,Blues,My Bubba & Mi,,-0.44999999999999996,-0.25
17,Track: Fjcb Reddit Gtr Fills Mix. Artist: Phoephus.,Blues,Phoephus,,-0.1499999999999999,0.25
18,Track: Beat The Devil's Tattoo (Live @ KEXP). Artist: Black Rebel Motorcycle Club.,Blues,Black Rebel Motorcycle Club,,-0.050000000000000044,-0.275
19,Track: Vultures. Artist: WHO'S PANDA.,Blues,WHO'S PANDA,,0.2250000000000001,-0.17500000000000004
20,Track: Blues Shuffle in A One Take Improv Exercise. Artist: Stevie's Amp Shack.,Blues,Stevie's Amp Shack,,0.10000000000000009,0.375
21,Track: My War Blues. Artist: Cian Nugent.,Blues,Cian Nugent,,0.3999999999999999,0.32499999999999996
22,Track: The Holy Feele. Artist: The New Mystikal Troubadours.,Blues,The New Mystikal Troubadours,,-0.25,-0.050000000000000044
24,Track: Workin Boy Blues. Artist: Bombay Laughing Club.,Blues,Bombay Laughing Club,,0.07499999999999996,-0.275
25,Track: RL Got Soul. Artist: The Jon Spencer Blues Explosion.,Blues,The Jon Spencer Blues Explosion,,0.7250000000000001,-0.07499999999999996
31,Track: All is Right. Artist: Short Hand.,Blues,Short Hand,,-0.07499999999999996,-0.30000000000000004
32,Track: Princely & Comely. Artist: The Agrarians.,Blues,The Agrarians,,-0.19999999999999996,-0.42500000000000004
35,Track: Apoli. Artist: Olima Anditi.,Blues,Olima Anditi,,-0.050000000000000044,0.375
37,Track: Afro. Artist: The Jon Spencer Blues Explosion.,Blues,The Jon Spencer Blues Explosion,,0.3999999999999999,0.07499999999999996
39,Track: Ramblin' Rose. Artist: Barrence Whitfield and The Savages.,Blues,Barrence Whitfield and The Savages,,0.575,0.10000000000000009
40,Track: You And Me Baby (Holding On) (Live @ KEXP). Artist: Chuck Prophet.,Blues,Chuck Prophet,,-0.10000000000000009,-0.050000000000000044
41,Track: Like Nothing Else. Artist: The New Mystikal Troubadours.,Blues,The New Mystikal Troubadours,,-0.17500000000000004,0.02499999999999991
42,Track: A Cinematic Influence. Artist: The New Mystikal Troubadours.,Blues,The New Mystikal Troubadours,,0.2749999999999999,0.02499999999999991
43,Track: PuritansToo. Artist: The Agrarians.,Blues,The Agrarians,,0.42500000000000004,-0.375
44,Track: Walkabout. Artist: Digital Primitives.,Blues,Digital Primitives,,-0.275,-0.02499999999999991
45,Track: Untitled 05. Artist: Mountain Cult.,Blues,Mountain Cult,,0.02499999999999991,-0.725
46,Track: Shes Too Fat. Artist: Little Howlin' Wolf.,Blues,Little Howlin' Wolf,,0.07499999999999996,-0.25
47,Track: Boulevard St Germain. Artist: Jahzzar.,Blues,Jahzzar,,-0.1499999999999999,-0.1499999999999999
48,Track: Our Sacred Cues. Artist: The New Mystikal Troubadours.,Blues,The New Mystikal Troubadours,,-0.125,-0.050000000000000044
49,Track: Our Nights on the Turnpike. Artist: The Agrarians.,Blues,The Agrarians,,-0.275,0.07499999999999996
50,Track: Railroad's Whiskey Co. Artist: Jahzzar.,Blues,Jahzzar,,-0.35,-0.050000000000000044
51,Track: Fathers Tell Yr Sons. Artist: The Agrarians.,Blues,The Agrarians,,-0.35,-0.44999999999999996
52,Track: Recognize An Hour Divine. Artist: The Agrarians.,Blues,The Agrarians,,-0.10000000000000009,0.02499999999999991
53,Track: Owed to Old Poets Our Role in the Play. Artist: The New Mystikal Troubadours.,Blues,The New Mystikal Troubadours,,-0.17500000000000004,0.02499999999999991
54,Track: Broken. Artist: Fit and the Conniptions.,Blues,Fit and the Conniptions,,-0.475,-0.42500000000000004
55,Track: Baby Please Don't Go. Artist: Big Bill Broonzy.,Blues,Big Bill Broonzy,,0.19999999999999996,0.10000000000000009
56,Track: Fafa. Artist: Vieux Farka Touré.,Blues,Vieux Farka Touré,,0.3500000000000001,0.19999999999999996
58,Track: Nothing's Any Fun Any More. Artist: Fit and the Conniptions.,Blues,Fit and the Conniptions,,-0.42500000000000004,-0.4
59,Track: The Truth Is What We Make of It. Artist: The Agrarians.,Blues,The Agrarians,,0.07499999999999996,-0.2250000000000001
60,Track: Heat Index. Artist: Michael Chapman & The Woodpiles.,Blues,Michael Chapman & The Woodpiles,,-0.17500000000000004,0.3500000000000001
62,Track: Baby's Got Morphine Eyes. Artist: Zombie Prom Queen.,Blues,Zombie Prom Queen,,0.30000000000000004,-0.275
64,Track: Jungle Love Revisited. Artist: The New Mystikal Troubadours.,Blues,The New Mystikal Troubadours,,-0.35,-0.02499999999999991
65,Track: Bellbottoms. Artist: The Jon Spencer Blues Explosion.,Blues,The Jon Spencer Blues Explosion,,0.3500000000000001,0.19999999999999996
67,Track: Gadzooks. Artist: The Jon Spencer Blues Explosion.,Blues,The Jon Spencer Blues Explosion,,0.55,0.44999999999999996
68,Track: Sixes & Sevens (Excerpt). Artist: Cian Nugent.,Blues,Cian Nugent,,-0.30000000000000004,-0.02499999999999991
69,Track: Keep Your Lamp Trimmed And Burning [traditional]. Artist: Billy Childish.,Blues,Billy Childish,,-0.44999999999999996,-0.275
70,Track: Deportee. Artist: Michael Chapman & The Woodpiles.,Blues,Michael Chapman & The Woodpiles,,-0.1499999999999999,-0.35
71,Track: The Daily Dose Age. Artist: The Agrarians.,Blues,The Agrarians,,0.2250000000000001,-0.32499999999999996
72,Track: Bona Fide. Artist: Crete Boom.,Blues,Crete Boom,,0.42500000000000004,0.1499999999999999
73,Track: Lalalala. Artist: Solo Dja Kabako.,Blues,Solo Dja Kabako,,0.19999999999999996,0.1499999999999999
74,Track: Interview. Artist: Mount Carmel.,Blues,Mount Carmel,,-0.5,-0.17500000000000004
76,Track: Untitled 07. Artist: Mountain Cult.,Blues,Mountain Cult,,-0.17500000000000004,-0.44999999999999996
77,Track: Yr Blues Tripping. Artist: The Rope River Blues Band.,Blues,The Rope River Blues Band,,-0.19999999999999996,-0.525
78,Track: How to go to sleep. Artist: Mr. & Mrs. Smith.,Blues,Mr. & Mrs. Smith,,-0.4,-0.275
79,Track: No Holiday. Artist: Digital Primitives.,Blues,Digital Primitives,,0.125,0.125
80,Track: Roulette. Artist: Lorenzo's Music.,Blues,Lorenzo's Music,,0.25,0.02499999999999991
81,Track: The Newest Fashions. Artist: The Agrarians.,Blues,The Agrarians,,0.2749999999999999,-0.275
82,Track: Goin On. Artist: Mr. & Mrs. Smith.,Blues,Mr. & Mrs. Smith,,-0.525,-0.375
83,Track: If You Love Me Like You Say. Artist: Paul Wine Jones.,Blues,Paul Wine Jones,,0.2749999999999999,0.19999999999999996
84,Track: Swallow Me Up. Artist: Mount Carmel.,Blues,Mount Carmel,,0.2250000000000001,0.1499999999999999
85,Track: Out Of Our Heads. Artist: Lantern.,Blues,Lantern,,0.5249999999999999,0.30000000000000004
86,Track: Eat at Joe's. Artist: Eat at Joe's.,Blues,Eat at Joe's,,0.10000000000000009,0.1499999999999999
87,Track: Untitled 04. Artist: Mountain Cult.,Blues,Mountain Cult,,0.07499999999999996,-0.6
88,Track: We All Fall Down. Artist: Lorenzo's Music.,Blues,Lorenzo's Music,,0.42500000000000004,0.125
89,Track: Common Experiences Man. Artist: The New Mystikal Troubadours.,Blues,The New Mystikal Troubadours,,-0.125,-0.050000000000000044
90,Track: Wood For The Trees. Artist: Fit and the Conniptions.,Blues,Fit and the Conniptions,,-0.17500000000000004,-0.19999999999999996
91,Track: One. Artist: Sim Cain.,Blues,Sim Cain,,-0.125,0.125
92,Track: Further. Artist: The Rope River Blues Band.,Blues,The Rope River Blues Band,,0.19999999999999996,-0.07499999999999996
93,Track: Waitin' (Live @ KEXP). Artist: Betsy Olson.,Blues,Betsy Olson,,0.55,0.25
95,Track: Old Strange. Artist: Steve Gunn.,Blues,Steve Gunn,,-0.42500000000000004,-0.10000000000000009
96,Track: Aces and Twos (Live @ KEXP). Artist: The Devil Makes Three.,Blues,The Devil Makes Three,,0.44999999999999996,0.4750000000000001
98,Track: The Index of Memory. Artist: The Agrarians.,Blues,The Agrarians,,-0.17500000000000004,-0.575
99,Track: Chamber Blues' Tidal Band Presents. Artist: The New Mystikal Troubadours.,Blues,The New Mystikal Troubadours,,-0.17500000000000004,-0.2250000000000001
101,Track: Least the Ocean is Wet. Artist: Mr. & Mrs. Smith.,Blues,Mr. & Mrs. Smith,,-0.4,-0.55
102,Track: Electricity. Artist: Marisa Anderson.,Blues,Marisa Anderson,,0.375,0.10000000000000009
103,Track: Untitled 01. Artist: Mountain Cult.,Blues,Mountain Cult,,0.1499999999999999,-0.42500000000000004
104,Track: Ben Jonson's Blues. Artist: The Rope River Blues Band.,Blues,The Rope River Blues Band,,0.2749999999999999,-0.42500000000000004
105,Track: Girl Might Do. Artist: mojo monkeys.,Blues,mojo monkeys,,0.375,0.0
106,Track: Wander In A Dream. Artist: Fit and the Conniptions.,Blues,Fit and the Conniptions,,-0.10000000000000009,-0.42500000000000004
107,Track: We Three Kings. Artist: Tarred Brigade.,Blues,Tarred Brigade,,0.25,-0.050000000000000044
108,Track: Giving Away The Bride (Live @ KEXP). Artist: Califone.,Blues,Califone,,-0.125,-0.19999999999999996
109,Track: You're the Wave Wander!. Artist: The Agrarians.,Blues,The Agrarians,,-0.1499999999999999,-0.125
110,Track: (Come On and Feele) The Faith in Me. Artist: The Agrarians.,Blues,The Agrarians,,-0.1499999999999999,-0.55
111,Track: Drop Down Low. Artist: Jawbone.,Blues,Jawbone,,0.07499999999999996,0.07499999999999996
112,Track: Big Mamou. Artist: Barrence Whitfield and The Savages.,Blues,Barrence Whitfield and The Savages,,0.44999999999999996,0.3500000000000001
113,Track: (Shuffling Towards) Art's Holy Shrine. Artist: The New Mystikal Troubadours.,Blues,The New Mystikal Troubadours,,0.10000000000000009,-0.30000000000000004
114,Track: Inne (Live @ KEXP). Artist: Vieux Farka Touré.,Blues,Vieux Farka Touré,,-0.050000000000000044,0.17500000000000004
115,Track: Bip Bop Bip. Artist: Barrence Whitfield and The Savages.,Blues,Barrence Whitfield and The Savages,,0.8500000000000001,0.7
116,Track: Mistress Song. Artist: Fit and the Conniptions.,Blues,Fit and the Conniptions,,-0.1499999999999999,-0.275
117,Track: Queen of Loneliness. Artist: Delta Dreambox.,Blues,Delta Dreambox,,-0.275,0.0
118,Track: America. Artist: Cooper-Moore & Assif Tsahar.,Blues,Cooper-Moore & Assif Tsahar,,-0.02499999999999991,-0.10000000000000009
119,Track: Ethio Song. Artist: Amen Dunes.,Blues,Amen Dunes,,-0.17500000000000004,-0.44999999999999996
120,Track: Mr Franklin. Artist: Steve Gunn.,Blues,Steve Gunn,,-0.30000000000000004,0.0
121,Track: The not so flashy Exit. Artist: Mr. & Mrs. Smith.,Blues,Mr. & Mrs. Smith,,-0.475,-0.275
122,Track: The Attack of Ev'ry Time. Artist: The Agrarians.,Blues,The Agrarians,,0.125,-0.10000000000000009
123,Track: Awei Womei (Live @ KEXP). Artist: Vieux Farka Touré.,Blues,Vieux Farka Touré,,0.2749999999999999,0.30000000000000004
124,Track: The Banks of Eternity. Artist: The Agrarians.,Blues,The Agrarians,,-0.32499999999999996,-0.55
125,Track: Songtress' Sweet Song. Artist: The Agrarians.,Blues,The Agrarians,,-0.125,-0.19999999999999996
126,Track: Le petit jardin (with Les Gauchers Orchestra). Artist: Lee Maddeford.,Classical,Lee Maddeford,,0.02499999999999991,0.2749999999999999
127,Track: Sunset. Artist: Evgeny Grinko.,Classical,Evgeny Grinko,,-0.5,0.07499999999999996
128,Track: Veloma. Artist: Fabrizio Paterlini.,Classical,Fabrizio Paterlini,,-0.35,-0.25
129,Track: Sneeuwland. Artist: Oskar Schuster.,Classical,Oskar Schuster,,-0.19999999999999996,0.25
130,Track: Strides. Artist: Jared C. Balogh.,Classical,Jared C. Balogh,,-0.42500000000000004,-0.19999999999999996
131,Track: Wonderland (Instrumental). Artist: Dexter Britain.,Classical,Dexter Britain,,0.2749999999999999,-0.02499999999999991
133,Track: Aleph. Artist: Ophir Ilzetzki.,Classical,Ophir Ilzetzki,,-0.55,-0.7
134,Track: Summers Coming. Artist: Dexter Britain.,Classical,Dexter Britain,,0.10000000000000009,0.25
135,Track: O Solitude (H. Artist: Jody Pou.,Classical,Jody Pou,,-0.32499999999999996,-0.375
136,Track: Fourth. Artist: Mystic Morrison Visions.,Classical,Mystic Morrison Visions,,0.44999999999999996,0.30000000000000004
137,Track: I. Artist: Aaron Dunn-Sonatina No. 1 in C Major.,Classical,Aaron Dunn-Sonatina No. 1 in C Major,,-0.17500000000000004,0.19999999999999996
138,Track: Encounters With Abusive Men. Artist: Silver Process.,Classical,Silver Process,,-0.30000000000000004,-0.65
140,Track: Shaking Off The Rust. Artist: Jared C. Balogh.,Classical,Jared C. Balogh,,-0.19999999999999996,-0.125
142,Track: Carosello. Artist: Circus Marcus-Aux puces nº2.,Classical,Circus Marcus-Aux puces nº2,,-0.10000000000000009,-0.050000000000000044
143,Track: Aux puces nº5. Artist: Circus Marcus.,Classical,Circus Marcus,,-0.25,-0.02499999999999991
144,Track: The Passing of Time. Artist: krackatoa.,Classical,krackatoa,,-0.4,-0.07499999999999996
145,Track: The Forest and the Trees. Artist: Kevin MacLeod.,Classical,Kevin MacLeod,,-0.475,0.10000000000000009
146,Track: Nine. Artist: Marcel Pequel.,Classical,Marcel Pequel,,-0.65,-0.375
148,Track: Bending Light Infinity version. Artist: krackatoa.,Classical,krackatoa,,-0.07499999999999996,0.0
149,Track: Gagool. Artist: Kevin MacLeod.,Classical,Kevin MacLeod,,-0.4,-0.475
150,Track: Bow to Your Neighbor (Excerpt). Artist: Steven Arntson.,Classical,Steven Arntson,,0.0,0.10000000000000009
151,Track: Pacifico. Artist: James Beaudreau.,Classical,James Beaudreau,,-0.25,-0.125
152,Track: The Tea Party. Artist: Dexter Britain.,Classical,Dexter Britain,,-0.1499999999999999,0.1499999999999999
153,Track: Blizzard. Artist: Evgeny Grinko.,Classical,Evgeny Grinko,,-0.275,-0.125
154,Track: Ouverture. Artist: Lee Maddeford.,Classical,Lee Maddeford,,-0.19999999999999996,-0.2250000000000001
155,Track: Cyprus. Artist: Jared C. Balogh.,Classical,Jared C. Balogh,,-0.35,0.10000000000000009
156,Track: Wheel of fortune (with Les Gauchers Orchestra). Artist: Lee Maddeford.,Classical,Lee Maddeford,,0.3500000000000001,0.42500000000000004
157,Track: Opening Doors. Artist: Jamie Evans.,Classical,Jamie Evans,,-0.25,0.30000000000000004
158,Track: 5 00 AM. Artist: Peter Rudenko.,Classical,Peter Rudenko,,-0.725,-0.35
159,Track: Awaken From A Nightmare. Artist: Silver Process.,Classical,Silver Process,,-0.30000000000000004,-0.475
160,Track: Suite for Violin 9 Hora vivace. Artist: Advent Chamber Orchestra-Bughici.,Classical,Advent Chamber Orchestra-Bughici,,-0.375,-0.375
161,Track: O Fortuna. Artist: MIT Concert Choir.,Classical,MIT Concert Choir,,0.32499999999999996,-0.375
162,Track: Le bal de Rémy. Artist: Circus Marcus.,Classical,Circus Marcus,,-0.32499999999999996,-0.10000000000000009
163,Track: Caught In A Realm. Artist: Jared C. Balogh.,Classical,Jared C. Balogh,,-0.35,-0.125
164,Track: Row Night. Artist: Silver Process-Skid.,Classical,Silver Process-Skid,,-0.2250000000000001,-0.525
166,Track: Stop It (Instrumental). Artist: Dexter Britain.,Classical,Dexter Britain,,-0.475,-0.19999999999999996
167,Track: Les chaises Louis XVI. Artist: Circus Marcus-Aux puces nº1.,Classical,Circus Marcus-Aux puces nº1,,-0.575,-0.42500000000000004
168,Track: Funeral March for Brass. Artist: Kevin MacLeod.,Classical,Kevin MacLeod,,-0.42500000000000004,-0.4
169,Track: Black Coffee. Artist: Jody Pou.,Classical,Jody Pou,,-0.65,-0.55
170,Track: La Flor de Olmedo. Artist: Circus Marcus-Aux puces nº6.,Classical,Circus Marcus-Aux puces nº6,,-0.5,0.0
171,Track: That Kid in Fourth Grade Who Really Liked the Denver Broncos. Artist: Chris Zabriskie.,Classical,Chris Zabriskie,,-0.725,-0.35
172,Track: The Temperature of the Air on the Bow of the Kaleetan. Artist: Chris Zabriskie.,Classical,Chris Zabriskie,,-0.30000000000000004,0.0
173,Track: Ease. Artist: Andrew Bisset-Cultural Dis.,Classical,Andrew Bisset-Cultural Dis,,-0.10000000000000009,-0.7
174,Track: War And Peace. Artist: Jamie Evans.,Classical,Jamie Evans,,-0.25,-0.30000000000000004
175,Track: Don't You Want to Go to Heaven Uncle Sam. Artist: Steven Arntson.,Classical,Steven Arntson,,-0.32499999999999996,-0.17500000000000004
176,Track: Six. Artist: Marcel Pequel.,Classical,Marcel Pequel,,-0.65,-0.275
177,Track: O Come O Come Emmanuel. Artist: IKOS David Clifton with the choirs of Peterborough Cathedral.,Classical,IKOS David Clifton with the choirs of Peterborough Cathedral,,-0.050000000000000044,0.1499999999999999
178,Track: Uno Is Walking. Artist: K-Conjog.,Classical,K-Conjog,,-0.55,-0.32499999999999996
179,Track: The Time To Run. Artist: Dexter Britain.,Classical,Dexter Britain,,0.050000000000000044,0.25
180,Track: Bridging and Mending. Artist: Jared C. Balogh.,Classical,Jared C. Balogh,,-0.050000000000000044,0.2250000000000001
181,Track: A Muddy Heart. Artist: Steven Arntson.,Classical,Steven Arntson,,-0.32499999999999996,-0.625
182,Track: Dedicated to Elizabeth Cotten (with Matt Bauder). Artist: Jessica Pavone.,Classical,Jessica Pavone,,-0.7,-0.32499999999999996
184,Track: imagined version). Artist: Fabrizio Paterlini-Forever blue (March Rosetta re.,Classical,Fabrizio Paterlini-Forever blue (March Rosetta re,,-0.35,-0.4
185,Track: Ghost Dance. Artist: Kevin MacLeod.,Classical,Kevin MacLeod,,-0.02499999999999991,-0.10000000000000009
186,Track: Nights Tale. Artist: Dexter Britain.,Classical,Dexter Britain,,-0.32499999999999996,-0.25
187,Track: Other Child Room. Artist: Evgeny Grinko.,Classical,Evgeny Grinko,,-0.625,-0.32499999999999996
188,Track: Tom's Lullaby (with Les Gauchers Orchestra). Artist: Lee Maddeford.,Classical,Lee Maddeford,,-0.25,-0.42500000000000004
189,Track: Wild Rover with Bellevue Chamber Chorus. Artist: Sláinte.,Classical,Sláinte,,0.375,0.5249999999999999
190,Track: Virtutes Instrumenti. Artist: Kevin MacLeod.,Classical,Kevin MacLeod,,-0.55,-0.475
191,Track: Variatio 14 a 2 Clav. Artist: Kimiko Ishizaka.,Classical,Kimiko Ishizaka,,0.02499999999999991,0.32499999999999996
192,Track: Lucky. Artist: Steven Arntson.,Classical,Steven Arntson,,0.19999999999999996,0.2749999999999999
193,Track: Hands. Artist: Matthew Mehlan.,Classical,Matthew Mehlan,,-0.2250000000000001,-0.5
194,Track: Reminiscence. Artist: Jamie Evans.,Classical,Jamie Evans,,-0.575,-0.07499999999999996
195,Track: Golden Alley Reprise. Artist: Rebecca Foon.,Classical,Rebecca Foon,,-0.19999999999999996,-0.575
196,Track: Borodin Butterfly. Artist: Lanark.,Classical,Lanark,,-0.17500000000000004,-0.125
197,Track: Eight. Artist: Marcel Pequel.,Classical,Marcel Pequel,,-0.7,-0.55
198,Track: Red Danube. Artist: Lee Rosevere.,Classical,Lee Rosevere,,-0.775,-0.42500000000000004
199,Track: Spring Mvt 1 Allegro. Artist: John Harrison with the Wichita State University Chamber Players.,Classical,John Harrison with the Wichita State University Chamber Players,,0.07499999999999996,0.17500000000000004
201,Track: Les crocodiles mangent aussi les bonshommes Wizzards. Artist: Circus Marcus.,Classical,Circus Marcus,,-0.32499999999999996,-0.050000000000000044
202,Track: God Rest Ye Merry Gentlemen. Artist: Chance's end.,Classical,Chance's end,,-0.10000000000000009,0.050000000000000044
203,Track: WATCHING IT SNOW WHILE THINKING OF YOU. Artist: Jared C. Balogh.,Classical,Jared C. Balogh,,-0.375,-0.050000000000000044
204,Track: Sinfonia di Violoncello e AM RadioFinitura. Artist: Joe Merolla.,Classical,Joe Merolla,,-0.35,-0.7
205,Track: Prelude No. Artist: Chris Zabriskie.,Classical,Chris Zabriskie,,-0.5,-0.125
206,Track: Unisons. Artist: Ophir Ilzetzki.,Classical,Ophir Ilzetzki,,-0.675,-0.6
207,Track: Notebook Reading. Artist: Dexter Britain.,Classical,Dexter Britain,,-0.050000000000000044,-0.050000000000000044
208,Track: Leave Well Enough Alone (Instrumental). Artist: Dexter Britain.,Classical,Dexter Britain,,-0.050000000000000044,0.375
209,Track: Amazing Grace 2011. Artist: Kevin MacLeod.,Classical,Kevin MacLeod,,-0.475,-0.10000000000000009
210,Track: Suite for Violin 8 Ardeleneascamoderato. Artist: Advent Chamber Orchestra-Bughici.,Classical,Advent Chamber Orchestra-Bughici,,-0.19999999999999996,0.125
211,Track: After Christmas. Artist: Dexter Britain.,Classical,Dexter Britain,,-0.475,-0.02499999999999991
212,Track: My Song For January. Artist: Dexter Britain.,Classical,Dexter Britain,,-0.10000000000000009,0.10000000000000009
213,Track: Graveyard Illusions. Artist: Silver Process.,Classical,Silver Process,,-0.6,-0.625
214,Track: Blue sox. Artist: Arnaud Roy.,Classical,Arnaud Roy,,-0.35,-0.2250000000000001
215,Track: In A Party Watching A Party. Artist: Silver Process.,Classical,Silver Process,,-0.44999999999999996,-0.6
216,Track: On Things Invisible to the Eye (Act II). Artist: Lloyd Rodgers.,Classical,Lloyd Rodgers,,-0.125,0.07499999999999996
217,Track: Haunted. Artist: Jamie Evans.,Classical,Jamie Evans,,-0.375,-0.050000000000000044
218,Track: the piano of the old seaman. Artist: Evgeny Grinko.,Classical,Evgeny Grinko,,-0.525,-0.25
219,Track: The Book of Floating. Artist: The New Heaven and The New Earth.,Classical,The New Heaven and The New Earth,,-0.65,-0.30000000000000004
220,Track: Jazz Band With Jazz Hands. Artist: Silver Process.,Classical,Silver Process,,-0.2250000000000001,-0.4
221,Track: First. Artist: The New York Underground Orchestra (Conducted By Assif Tsahar).,Classical,The New York Underground Orchestra (Conducted By Assif Tsahar),,-0.17500000000000004,-0.4
222,Track: ha'zman. Artist: Ophir Ilzetzki.,Classical,Ophir Ilzetzki,,-0.30000000000000004,-0.17500000000000004
223,Track: One. Artist: Marcel Pequel.,Classical,Marcel Pequel,,-0.7,-0.375
224,Track: jingles interludes et dimanche minuit. Artist: LE CHEVALIER DE RINCHY.,Classical,LE CHEVALIER DE RINCHY,,0.125,0.17500000000000004
225,Track: The Anticipation Of Spring. Artist: Jared C. Balogh.,Classical,Jared C. Balogh,,-0.32499999999999996,-0.19999999999999996
226,Track: A TOUGH DECISION. Artist: Jared C. Balogh.,Classical,Jared C. Balogh,,-0.02499999999999991,0.0
227,Track: SELF REFLECT. Artist: Jared C. Balogh.,Classical,Jared C. Balogh,,-0.475,-0.375
228,Track: Woody Allen. Artist: Evgeny Grinko.,Classical,Evgeny Grinko,,-0.375,-0.25
229,Track: Slow Motion Strut Version Two. Artist: Dexter Britain.,Classical,Dexter Britain,,-0.050000000000000044,-0.050000000000000044
231,Track: Train. Artist: Dexter Britain.,Classical,Dexter Britain,,-0.2250000000000001,0.1499999999999999
232,Track: Serenade for Strings Op22 in E Major larghetto. Artist: Advent Chamber Orchestra-Dvorak.,Classical,Advent Chamber Orchestra-Dvorak,,-0.625,-0.575
233,Track: HURRY UP AND RAIN. Artist: Jared C. Balogh.,Classical,Jared C. Balogh,,-0.07499999999999996,-0.125
234,Track: Dedicated to Leroy Jenkins. Artist: Jessica Pavone.,Classical,Jessica Pavone,,-0.375,-0.275
235,Track: Flight of the Moth. Artist: Steven Arntson.,Classical,Steven Arntson,,-0.5,-0.32499999999999996
236,Track: Transmutation Of Metals. Artist: Chuck Bettis & Joe Merolla.,Classical,Chuck Bettis & Joe Merolla,,-0.625,-0.65
237,Track: Birth. Artist: Steven Arntson.,Classical,Steven Arntson,,-0.19999999999999996,-0.275
238,Track: BWV 846. Artist: Kevin MacLeod-J. S. Bach Prelude in C.,Classical,Kevin MacLeod-J. S. Bach Prelude in C,,-0.5,-0.10000000000000009
239,Track: Seven. Artist: Marcel Pequel.,Classical,Marcel Pequel,,-0.675,-0.42500000000000004
240,Track: Gammelvals. Artist: Puh.,Classical,Puh,,0.3500000000000001,0.3999999999999999
241,Track: After The Week I've Had. Artist: Dexter Britain.,Classical,Dexter Britain,,-0.2250000000000001,-0.10000000000000009
242,Track: Silent Night. Artist: IKOS David Clifton with the choirs of Peterborough Cathedral.,Classical,IKOS David Clifton with the choirs of Peterborough Cathedral,,-0.375,-0.07499999999999996
243,Track: Ave formosissima — O Fortuna (reprise). Artist: MIT Concert Choir.,Classical,MIT Concert Choir,,0.55,-0.2250000000000001
244,Track: Valediction. Artist: Steven Arntson.,Classical,Steven Arntson,,-0.17500000000000004,-0.19999999999999996
245,Track: Entrance to the Queen of Sheba for Two Oboes Strings and Continuo allegro. Artist: Advent Chamber Orchestra-Handel.,Classical,Advent Chamber Orchestra-Handel,,-0.19999999999999996,0.2749999999999999
246,Track: Traumatic Childhood. Artist: Silver Process.,Classical,Silver Process,,-0.02499999999999991,-0.44999999999999996
247,Track: Micro Composition 10. Artist: Jared C. Balogh.,Classical,Jared C. Balogh,,-0.275,-0.125
248,Track: Chasing Time. Artist: Dexter Britain.,Classical,Dexter Britain,,-0.4,-0.32499999999999996
250,Track: Winter Mvt 3 Allegro. Artist: John Harrison with the Wichita State University Chamber Players.,Classical,John Harrison with the Wichita State University Chamber Players,,-0.4,-0.35
253,Track: Dance!. Artist: The Rope River Blues Band.,Country,The Rope River Blues Band,,0.3999999999999999,-0.625
254,Track: Original Rags (1900 piano roll). Artist: Scott Joplin.,Country,Scott Joplin,,0.07499999999999996,0.6000000000000001
257,Track: Wine Wine Wine. Artist: Stompin' Riff Raffs.,Country,Stompin' Riff Raffs,,0.6499999999999999,0.4750000000000001
258,Track: ChainSmoke Days. Artist: Mr. & Mrs. Smith.,Country,Mr. & Mrs. Smith,,-0.17500000000000004,-0.17500000000000004
260,Track: Detroit. Artist: The Moaners.,Country,The Moaners,,0.07499999999999996,-0.35
262,Track: The Entertainer (1902 piano roll). Artist: Scott Joplin.,Country,Scott Joplin,,0.1499999999999999,0.4750000000000001
264,Track: House Rent Jump. Artist: Peter Case.,Country,Peter Case,,0.07499999999999996,0.125
265,Track: Emmet's Cuckoo Song. Artist: George P. Watson.,Country,George P. Watson,,-0.125,0.3500000000000001
266,Track: SOLO ACOUSTIC GUITAR. Artist: Jason Shaw.,Country,Jason Shaw,,-0.35,-0.050000000000000044
269,Track: Swan Song. Artist: Paper Navy.,Country,Paper Navy,,-0.17500000000000004,-0.050000000000000044
270,Track: I Do Like To Be Beside The Seaside (1907 piano roll). Artist: John H. Glover-Kind.,Country,John H. Glover-Kind,,0.2749999999999999,0.5249999999999999
272,Track: JENNY'S THEME. Artist: Jason Shaw.,Country,Jason Shaw,,0.2250000000000001,0.3500000000000001
273,Track: Western Country. Artist: Shake That Little Foot.,Country,Shake That Little Foot,,0.10000000000000009,0.55
274,Track: Mochi. Artist: LE CLUB DES CHATS.,Country,LE CLUB DES CHATS,,0.675,0.25
275,Track: Rednecks with White Faces. Artist: Caühaüs.,Country,Caühaüs,,0.07499999999999996,0.125
276,Track: Blackberry Hedge. Artist: Secret Jane.,Country,Secret Jane,,0.2749999999999999,0.07499999999999996
278,Track: ACOUSTIC BLUES. Artist: Jason Shaw.,Country,Jason Shaw,,0.125,0.02499999999999991
279,Track: Party. Artist: Krestovsky.,Country,Krestovsky,,-0.35,-0.07499999999999996
280,Track: Upper Room. Artist: Flying Cloud.,Country,Flying Cloud,,-0.19999999999999996,-0.42500000000000004
281,Track: The Smiler (1907Zonophone Concert Band). Artist: Percy Wenrich.,Country,Percy Wenrich,,0.10000000000000009,0.5
282,Track: Have You Seen It. Artist: Dr. Frankenstein.,Country,Dr. Frankenstein,,-0.44999999999999996,-0.19999999999999996
284,Track: Last Dance. Artist: Jahzzar.,Country,Jahzzar,,-0.1499999999999999,0.050000000000000044
285,Track: Death Valley Waltz. Artist: Lucas Gonze.,Country,Lucas Gonze,,-0.375,0.02499999999999991
286,Track: Z. Brewster. Artist: Scott Joplin-Maple Leaf Rag (1899 Geisz version).,Country,Scott Joplin-Maple Leaf Rag (1899 Geisz version),,0.17500000000000004,0.4750000000000001
288,Track: WORDS. Artist: Jason Shaw.,Country,Jason Shaw,,-0.375,0.050000000000000044
289,Track: Pine Apple Rag (1908 piano roll). Artist: Scott Joplin.,Country,Scott Joplin,,0.17500000000000004,0.42500000000000004
290,Track: The City. Artist: Abe Sada.,Country,Abe Sada,,-0.725,-0.275
292,Track: Horror Show. Artist: Stompin' Riff Raffs.,Country,Stompin' Riff Raffs,,0.575,0.6000000000000001
293,Track: Ayahuasca. Artist: Party People in a Can.,Country,Party People in a Can,,0.32499999999999996,-0.19999999999999996
294,Track: Chinese Blues (1916 George Gershwin piano roll). Artist: Moore and Gardner.,Country,Moore and Gardner,,0.125,0.375
296,Track: Candy. Artist: Caravan of Thieves.,Country,Caravan of Thieves,,0.2250000000000001,0.17500000000000004
297,Track: My Friend. Artist: Wooden Ambulance.,Country,Wooden Ambulance,,-0.475,-0.35
298,Track: Obvious. Artist: Moore & Sons.,Country,Moore & Sons,,-0.25,0.10000000000000009
299,Track: RUNNING WATERS. Artist: Jason Shaw.,Country,Jason Shaw,,-0.55,-0.17500000000000004
300,Track: What I Found. Artist: The Brought Low.,Country,The Brought Low,,0.44999999999999996,-0.125
301,Track: Never Turnin' Back (Live @ KEXP). Artist: Shane Tutmarc.,Country,Shane Tutmarc,,-0.44999999999999996,-0.32499999999999996
302,Track: Danger Behind The Wheel (Live @ KEXP). Artist: Rose's Pawn Shop.,Country,Rose's Pawn Shop,,0.3999999999999999,0.5
303,Track: American English. Artist: The Canoes.,Country,The Canoes,,0.5,0.3500000000000001
304,Track: Rose Room. Artist: Jeremy Cohen & Matt Munisteri.,Country,Jeremy Cohen & Matt Munisteri,,-0.30000000000000004,-0.10000000000000009
305,Track: Riding Down To Mexico. Artist: Rex Allen.,Country,Rex Allen,,0.3500000000000001,0.44999999999999996
306,Track: Frog Legs Rag (1906 piano roll). Artist: James Scott.,Country,James Scott,,0.17500000000000004,0.42500000000000004
307,Track: Turkey in the Straw. Artist: Shake That Little Foot.,Country,Shake That Little Foot,,0.2749999999999999,0.44999999999999996
308,Track: WHEELS. Artist: Jason Shaw.,Country,Jason Shaw,,-0.17500000000000004,0.3999999999999999
309,Track: Theme for The Mad Thinker. Artist: Dr. Frankenstein.,Country,Dr. Frankenstein,,0.07499999999999996,0.19999999999999996
310,Track: Neighborhood Funeral Dress. Artist: Mr. & Mrs. Smith.,Country,Mr. & Mrs. Smith,,-0.725,-0.575
311,Track: Ghostwriter. Artist: Caravan of Thieves.,Country,Caravan of Thieves,,0.19999999999999996,0.4750000000000001
312,Track: Wild Guide. Artist: Austin Leonard Jones.,Country,Austin Leonard Jones,,-0.10000000000000009,0.19999999999999996
313,Track: TRAVEL LIGHT. Artist: Jason Shaw.,Country,Jason Shaw,,-0.35,0.07499999999999996
314,Track: Ox Driving Song. Artist: Austin Leonard Jones.,Country,Austin Leonard Jones,,0.19999999999999996,0.2250000000000001
315,Track: Scotland the Brave. Artist: Shake That Little Foot.,Country,Shake That Little Foot,,0.3500000000000001,0.625
316,Track: The River. Artist: Kenny Tudrick.,Country,Kenny Tudrick,,-0.55,-0.375
317,Track: Rose Water. Artist: Waylon Thornton.,Country,Waylon Thornton,,0.2749999999999999,-0.17500000000000004
318,Track: Emergency Exit. Artist: Dr. Frankenstein.,Country,Dr. Frankenstein,,0.2250000000000001,0.2250000000000001
319,Track: Frog In The Well. Artist: Lucas Gonze.,Country,Lucas Gonze,,-0.125,0.3999999999999999
320,Track: 99 Chicks. Artist: Stompin' Riff Raffs.,Country,Stompin' Riff Raffs,,0.6000000000000001,0.3999999999999999
321,Track: Necrófago. Artist: Dr. Frankenstein.,Country,Dr. Frankenstein,,0.575,0.25
322,Track: I Wanna Say Hello. Artist: Pee Wee King.,Country,Pee Wee King,,0.2749999999999999,0.6499999999999999
323,Track: Pilgim Song (Live @ KEXP). Artist: The Water Tower Bucket Boys.,Country,The Water Tower Bucket Boys,,-0.04499999999999993,0.1825000000000001
324,Track: SERENITY. Artist: Jason Shaw.,Country,Jason Shaw,,-0.42500000000000004,-0.07499999999999996
325,Track: Birmingham Jail. Artist: Chatham County Line.,Country,Chatham County Line,,0.125,0.10000000000000009
326,Track: THINGAMAJIG. Artist: Jason Shaw.,Country,Jason Shaw,,0.10000000000000009,0.55
327,Track: Ricky Dee. Artist: Bandana Splits.,Country,Bandana Splits,,0.25,0.5249999999999999
328,Track: Imna 'Merican. Artist: U Can Unlearn Guitar.,Country,U Can Unlearn Guitar,,0.050000000000000044,-0.19999999999999996
329,Track: Cars and Parties. Artist: Edith Frost.,Country,Edith Frost,,-0.42500000000000004,-0.19999999999999996
330,Track: Loco Two. Artist: Vonn Krapp Family.,Country,Vonn Krapp Family,,0.2250000000000001,-0.475
332,Track: FUNKY JUNKY. Artist: Jason Shaw.,Country,Jason Shaw,,0.125,0.4750000000000001
333,Track: Live at the Winston. Artist: Thee Irma & Louise.,Country,Thee Irma & Louise,,0.42500000000000004,0.2749999999999999
334,Track: Childhood Days. Artist: Universal Jubilaires.,Country,Universal Jubilaires,,0.2250000000000001,0.2250000000000001
335,Track: Help You (Live @ KEXP). Artist: Trampled By Turtles.,Country,Trampled By Turtles,,0.44999999999999996,0.44999999999999996
336,Track: Rock n Roll McDonald's. Artist: The Shut-Ins.,Country,The Shut-Ins,,0.2749999999999999,0.3999999999999999
338,Track: Southern Gothic. Artist: Bureaucratica.,Country,Bureaucratica,,-0.5,-0.30000000000000004
339,Track: ROCKY TOP. Artist: Jason Shaw.,Country,Jason Shaw,,0.2250000000000001,0.4750000000000001
340,Track: 30 Days in the Workhouse. Artist: Peter Case.,Country,Peter Case,,-0.30000000000000004,-0.10000000000000009
341,Track: Columbine. Artist: Audra Kubat.,Country,Audra Kubat,,-0.30000000000000004,-0.1499999999999999
342,Track: ACOUSTIC MEDITATION. Artist: Jason Shaw.,Country,Jason Shaw,,-0.25,0.02499999999999991
343,Track: Clear Blue Sky. Artist: Chatham County Line.,Country,Chatham County Line,,0.5,0.7749999999999999
344,Track: ONE FINE DAY. Artist: Jason Shaw.,Country,Jason Shaw,,-0.10000000000000009,0.050000000000000044
345,Track: You Shake Me. Artist: Stompin' Riff Raffs.,Country,Stompin' Riff Raffs,,0.55,0.375
346,Track: TENNESEE HAYRIDE. Artist: Jason Shaw.,Country,Jason Shaw,,0.42500000000000004,0.575
347,Track: Goodbye Old Paint. Artist: Johnny Bond.,Country,Johnny Bond,,-0.29500000000000004,0.20500000000000007
348,Track: I Wish I Was A Headlight. Artist: Austin Leonard Jones.,Country,Austin Leonard Jones,,0.0,0.17500000000000004
349,Track: There Were Some Famous Artists. Artist: Jim Long.,Country,Jim Long,,-0.10000000000000009,0.19999999999999996
350,Track: BACK TO THE WOODS. Artist: Jason Shaw.,Country,Jason Shaw,,0.25,0.375
352,Track: Talk About Suffering. Artist: Lucas Gonze.,Country,Lucas Gonze,,0.125,-0.125
353,Track: Birmingham Jail. Artist: Johnny Bond.,Country,Johnny Bond,,-0.25,-0.050000000000000044
354,Track: If Not For Your Sweet Heart. Artist: Eric Villa.,Country,Eric Villa,,0.5249999999999999,0.3500000000000001
355,Track: Check Girl. Artist: Al Duvall-Stuck On A Hat.,Country,Al Duvall-Stuck On A Hat,,0.02499999999999991,0.375
356,Track: SNAPPY. Artist: Jason Shaw.,Country,Jason Shaw,,-0.10000000000000009,0.1499999999999999
357,Track: Red Clay Road. Artist: D. Charles Speer & the Helix.,Country,D. Charles Speer & the Helix,,-0.050000000000000044,0.375
358,Track: Love Song To Little Trees. Artist: Bill Crosson.,Country,Bill Crosson,,0.1499999999999999,-0.19999999999999996
359,Track: Bed. Artist: Jahzzar.,Country,Jahzzar,,-0.625,-0.32499999999999996
360,Track: NICE AND EASY. Artist: Jason Shaw.,Country,Jason Shaw,,-0.625,0.125
361,Track: AUTUMN SUNSET. Artist: Jason Shaw.,Country,Jason Shaw,,-0.6125,-0.41000000000000003
362,Track: RIVER MEDITATION. Artist: Jason Shaw.,Country,Jason Shaw,,-0.25,0.2250000000000001
364,Track: MOUNTAIN SUN. Artist: Jason Shaw.,Country,Jason Shaw,,0.125,0.375
365,Track: Waterbound. Artist: Shake That Little Foot.,Country,Shake That Little Foot,,0.25,0.5249999999999999
366,Track: Dirty Fingernails. Artist: Golden Boys.,Country,Golden Boys,,0.4750000000000001,0.2749999999999999
367,Track: After Today. Artist: Tift Merritt.,Country,Tift Merritt,,-0.475,-0.575
368,Track: Better Do It Now. Artist: Spade Cooley & the Western Swing Dance Gang Feat. Tex Williams.,Country,Spade Cooley & the Western Swing Dance Gang Feat. Tex Williams,,-0.050000000000000044,0.2749999999999999
369,Track: Mr. Artist: Mr. & Mrs. Smith.,Country,Mr. & Mrs. Smith,,-0.525,-0.4
370,Track: Little Wooden Church. Artist: The Trumpeteers.,Country,The Trumpeteers,,-0.30000000000000004,-0.4
371,Track: Will. Artist: Stapleton Brothers-Call of the Whip-Poor.,Country,Stapleton Brothers-Call of the Whip-Poor,,0.050000000000000044,0.3999999999999999
372,Track: Runaway Puppy. Artist: QQQ.,Country,QQQ,,-0.35,-0.050000000000000044
374,Track: Gambler's Blues. Artist: The Crevulators.,Country,The Crevulators,,0.5,-0.02499999999999991
375,Track: Bit a Bullet. Artist: Mr. & Mrs. Smith.,Country,Mr. & Mrs. Smith,,-0.775,-0.55
376,Track: Night Owl. Artist: Broke For Free.,Electronic,Broke For Free,,0.0,0.2250000000000001
378,Track: Deep Sky Blue. Artist: Graphiqs Groove.,Electronic,Graphiqs Groove,,0.125,0.2250000000000001
379,Track: Chantiers Navals 412. Artist: LJ Kruzer.,Electronic,LJ Kruzer,,-0.775,-0.525
380,Track: Five Minutes at the Rainforest Cafe. Artist: Macaw.,Electronic,Macaw,,0.1499999999999999,-0.050000000000000044
381,Track: DnB Mix (Germany). Artist: Hot Fire-Them Never Love No Bans.,Electronic,Hot Fire-Them Never Love No Bans,,0.25,0.42500000000000004
383,Track: Neuroleptic trio instrumental 5. Artist: Neuroleptic Trio.,Electronic,Neuroleptic Trio,,-0.19999999999999996,-0.35
384,Track: Whirlwind Dance. Artist: Ghost Hunter.,Electronic,Ghost Hunter,,-0.35,-0.2250000000000001
386,Track: As Colorful As Ever. Artist: Broke For Free.,Electronic,Broke For Free,,0.0,0.125
387,Track: Memories Of Thailand (Beat Doctor's 'stuck in Britain' remix). Artist: Risey.,Electronic,Risey,,0.30000000000000004,0.30000000000000004
390,Track: Midori. Artist: Beat Culture.,Electronic,Beat Culture,,0.17500000000000004,0.30000000000000004
391,Track: Another Position (original mix). Artist: Morphamish.,Electronic,Morphamish,,0.125,0.2749999999999999
392,Track: Ode To A Baby Snowstorm. Artist: Ghostly Dust Machine.,Electronic,Ghostly Dust Machine,,-0.4,-0.050000000000000044
393,Track: Lysine. Artist: Max Tundra.,Electronic,Max Tundra,,0.25,0.3500000000000001
395,Track: Spectrum (Subdiffusion Mix). Artist: Foniqz.,Electronic,Foniqz,,0.42500000000000004,0.30000000000000004
397,Track: Mercy. Artist: Lucky Dragons.,Electronic,Lucky Dragons,,0.5,0.5
399,Track: Waking Up (Instrumental). Artist: Dexter Britain.,Electronic,Dexter Britain,,0.42500000000000004,0.5
400,Track: Run The Tape. Artist: Asthmatic Astronaut.,Electronic,Asthmatic Astronaut,,0.02499999999999991,0.1499999999999999
401,Track: Something Elated. Artist: Broke For Free.,Electronic,Broke For Free,,0.125,0.3500000000000001
402,Track: Quittin' Time. Artist: Patrick Lee.,Electronic,Patrick Lee,,0.5249999999999999,0.5249999999999999
403,Track: Flying pea v. Artist: Daddy_Scrabble.,Electronic,Daddy_Scrabble,,0.02499999999999991,0.050000000000000044
404,Track: Calm The Fuck Down. Artist: Broke For Free.,Electronic,Broke For Free,,0.4750000000000001,0.44999999999999996
405,Track: Presenterator. Artist: Kevin MacLeod.,Electronic,Kevin MacLeod,,0.2749999999999999,0.6000000000000001
406,Track: My God Those Legs. Artist: Smersh.,Electronic,Smersh,,0.07499999999999996,-0.17500000000000004
407,Track: april deegee rmx. Artist: Digi G'Alessio-ekiti son feat valeska.,Electronic,Digi G'Alessio-ekiti son feat valeska,,-0.17500000000000004,-0.125
408,Track: snow world under the white moon. Artist: EeL.,Electronic,EeL,,0.3999999999999999,0.2749999999999999
410,Track: Twinkling. Artist: Zero V.,Electronic,Zero V,,-0.30000000000000004,0.02499999999999991
415,Track: Dubsteady. Artist: Phoniandflore.,Electronic,Phoniandflore,,0.25,0.050000000000000044
416,Track: Please Mind the Dubstep. Artist: Bitbasic.,Electronic,Bitbasic,,0.125,0.050000000000000044
419,Track: over and under. Artist: Antiphon.,Electronic,Antiphon,,-0.42500000000000004,-0.25
420,Track: 90. Artist: Casetofoane.,Electronic,Casetofoane,,-0.125,0.10000000000000009
422,Track: Moonlight and Roses. Artist: Lee Rosevere.,Electronic,Lee Rosevere,,-0.55,-0.32499999999999996
423,Track: My Pretty Looking Clothes. Artist: Glass Boy.,Electronic,Glass Boy,,0.050000000000000044,-0.125
425,Track: Stars. Artist: Decktonic.,Electronic,Decktonic,,0.5249999999999999,0.44999999999999996
426,Track: Whispering Through. Artist: Asura.,Electronic,Asura,,0.07499999999999996,0.07499999999999996
427,Track: Enthusiast. Artist: Tours.,Electronic,Tours,,0.050000000000000044,0.19999999999999996
428,Track: How Exciting. Artist: Revolution Void.,Electronic,Revolution Void,,0.3999999999999999,0.3999999999999999
429,Track: Divider. Artist: Chris Zabriskie.,Electronic,Chris Zabriskie,,-0.42500000000000004,-0.17500000000000004
430,Track: Black Gloves. Artist: Vitus Von Degen.,Electronic,Vitus Von Degen,,-0.25,-0.525
431,Track: Dub steps. Artist: Dub Terminator.,Electronic,Dub Terminator,,0.2749999999999999,0.125
432,Track: Barbarian. Artist: Pierlo.,Electronic,Pierlo,,0.07499999999999996,0.07499999999999996
435,Track: Warm Up Suit. Artist: Broke For Free.,Electronic,Broke For Free,,-0.125,0.2250000000000001
436,Track: raw instrumental pt. Artist: Digi G'Alessio.,Electronic,Digi G'Alessio,,-0.17500000000000004,0.050000000000000044
437,Track: Night Beach. Artist: Psychadelik Pedestrian.,Electronic,Psychadelik Pedestrian,,0.050000000000000044,-0.17500000000000004
440,Track: Oh Wee. Artist: Immortal Beats.,Electronic,Immortal Beats,,0.07499999999999996,0.32499999999999996
441,Track: Singing Forest. Artist: M.W.D..,Electronic,M.W.D.,,-0.10000000000000009,0.02499999999999991
442,Track: Arrogalla remix feat Andrea Congia]. Artist: Volfoniq-Memori [Amentu Segretu.,Electronic,Volfoniq-Memori [Amentu Segretu,,-0.2250000000000001,-0.125
444,Track: People Living And Leaving Big Citys. Artist: Augustus Bro & Gallery Six.,Electronic,Augustus Bro & Gallery Six,,-0.675,-0.625
445,Track: Casual Graphic Designer. Artist: Bacalao.,Electronic,Bacalao,,-0.65,-0.10000000000000009
448,Track: Destination. Artist: Anitek.,Electronic,Anitek,,0.42500000000000004,0.375
449,Track: simple. Artist: Orbique.,Electronic,Orbique,,-0.35,-0.30000000000000004
450,Track: Grief And Sleep. Artist: Ghosts.,Electronic,Ghosts,,-0.2250000000000001,0.0
451,Track: Smoothest Runes. Artist: Thick Business.,Electronic,Thick Business,,-0.02499999999999991,-0.1499999999999999
452,Track: La (instrumental). Artist: YACHT-Shangri.,Electronic,YACHT-Shangri,,0.11250000000000004,0.4375
453,Track: Only Instrumental. Artist: Broke For Free.,Electronic,Broke For Free,,-0.10000000000000009,0.1499999999999999
454,Track: Steppin. Artist: Wake.,Electronic,Wake,,0.0,-0.050000000000000044
455,Track: Expedition Chant Cup. Artist: Music For Your Plants.,Electronic,Music For Your Plants,,0.10000000000000009,0.17500000000000004
456,Track: Crack in Time. Artist: Stickfigure.,Electronic,Stickfigure,,0.2749999999999999,-0.675
458,Track: Night Fly. Artist: Nameless Dancers.,Electronic,Nameless Dancers,,-0.4,0.0
459,Track: Cryin in the Delta Wind. Artist: Mutherpluckin' B.,Electronic,Mutherpluckin' B,,0.32499999999999996,0.2749999999999999
460,Track: Inner Demon. Artist: Flex Vector.,Electronic,Flex Vector,,-0.30000000000000004,-0.30000000000000004
461,Track: Ocean Breeze. Artist: Sycamore Drive.,Electronic,Sycamore Drive,,-0.050000000000000044,-0.1499999999999999
462,Track: Ironic (feat. Artist: Morsa-Erotic Post.,Electronic,Morsa-Erotic Post,,0.19999999999999996,-0.10000000000000009
463,Track: Overlay Star. Artist: Lomovolokno.,Electronic,Lomovolokno,,0.0,0.17500000000000004
464,Track: Ropes. Artist: Plurabelle.,Electronic,Plurabelle,,0.02499999999999991,0.1499999999999999
466,Track: Forever falling up. Artist: Fanas.,Electronic,Fanas,,0.3999999999999999,0.2250000000000001
467,Track: Runtime error. Artist: Peter Sharp.,Electronic,Peter Sharp,,0.17500000000000004,0.44999999999999996
468,Track: Hiss. Artist: Zero V.,Electronic,Zero V,,-0.35,-0.4
469,Track: Knock Knock. Artist: Broke For Free.,Electronic,Broke For Free,,0.02499999999999991,0.07499999999999996
472,Track: I. Artist: Listen With Sarah.,Electronic,Listen With Sarah,,0.375,0.050000000000000044
473,Track: SmurfPulser. Artist: Illocanblo.,Electronic,Illocanblo,,0.5249999999999999,0.125
475,Track: Ooo. Artist: Morphamish + MAKO.,Electronic,Morphamish + MAKO,,0.1499999999999999,0.0
477,Track: Night Drive. Artist: Decktonic.,Electronic,Decktonic,,0.5249999999999999,0.55
478,Track: Initiation. Artist: Zero V.,Electronic,Zero V,,-0.55,-0.44999999999999996
479,Track: Not Found (Invisible). Artist: Jiony.,Electronic,Jiony,,-0.125,0.17500000000000004
480,Track: entry. Artist: Lee Rosevere-Chapter Seven - Re.,Electronic,Lee Rosevere-Chapter Seven - Re,,-0.575,-0.2250000000000001
481,Track: Seeing The Future. Artist: Dexter Britain.,Electronic,Dexter Britain,,-0.4,-0.07499999999999996
482,Track: LA. Artist: Julian Winter.,Electronic,Julian Winter,,-0.775,-0.375
484,Track: Got Me (club mix). Artist: Beat Doctor.,Electronic,Beat Doctor,,0.3500000000000001,0.375
485,Track: Coral Reef. Artist: Psychadelik Pedestrian.,Electronic,Psychadelik Pedestrian,,-0.6,-0.32499999999999996
486,Track: Neurociencia. Artist: Pulselooper.,Electronic,Pulselooper,,0.30000000000000004,0.17500000000000004
487,Track: D2. Artist: Foniqz.,Electronic,Foniqz,,-0.125,0.07499999999999996
488,Track: Cold Summer Landscape. Artist: Blear Moon.,Electronic,Blear Moon,,-0.85,-0.4
489,Track: Pink Fuzz!. Artist: The Protagonist!.,Electronic,The Protagonist!,,-0.10000000000000009,0.050000000000000044
490,Track: Chico (The Way Out). Artist: Apes on Tapes.,Electronic,Apes on Tapes,,-0.275,-0.32499999999999996
492,Track: Beryllos. Artist: M-PeX.,Electronic,M-PeX,,-0.1499999999999999,-0.050000000000000044
493,Track: summer. Artist: General Fuzz.,Electronic,General Fuzz,,-0.32499999999999996,-0.02499999999999991
494,Track: Garden Theme. Artist: Deltason.,Electronic,Deltason,,-0.32499999999999996,-0.2250000000000001
496,Track: OutroDub. Artist: Adubter.,Electronic,Adubter,,-0.07499999999999996,0.2250000000000001
497,Track: The Beat Goes On. Artist: Flex Vector.,Electronic,Flex Vector,,0.30000000000000004,0.17500000000000004
498,Track: Drown. Artist: Altered Carbon.,Electronic,Altered Carbon,,-0.525,-0.55
499,Track: Bayview. Artist: Isle.,Electronic,Isle,,-0.35,-0.35
500,Track: القذافي الأمازون الحرس. Artist: Music For Your Plants.,Electronic,Music For Your Plants,,0.25,0.050000000000000044
501,Track: Behind The Seas. Artist: Possimiste.,Folk,Possimiste,,-0.625,-0.1499999999999999
502,Track: Capulet. Artist: The Rope River Blues Band.,Folk,The Rope River Blues Band,,-0.050000000000000044,-0.10000000000000009
503,Track: Big Gay Water Fight. Artist: Plushgoolash.,Folk,Plushgoolash,,0.19999999999999996,0.3500000000000001
504,Track: Rebetikaud. Artist: Sam Shalabi.,Folk,Sam Shalabi,,-0.050000000000000044,-0.25
506,Track: Like Home. Artist: Keshco.,Folk,Keshco,,-0.525,-0.2250000000000001
507,Track: Mε Πιάνουνε Ζαλάδες. Artist: Caligine.,Folk,Caligine,,-0.02499999999999991,-0.050000000000000044
512,Track: Rast'e Tou Teke. Artist: Costa and Nero.,Folk,Costa and Nero,,0.02499999999999991,0.10000000000000009
513,Track: Dream (instrumental). Artist: Chan Wai Fat.,Folk,Chan Wai Fat,,-0.475,-0.19999999999999996
514,Track: SIDEWALK. Artist: Jason Shaw.,Folk,Jason Shaw,,-0.17500000000000004,0.19999999999999996
515,Track: Hash Smugglers Blues. Artist: Plankton Wat.,Folk,Plankton Wat,,-0.30000000000000004,-0.4
518,Track: Burning School. Artist: Free Piece of Tape.,Folk,Free Piece of Tape,,-0.2250000000000001,-0.4
519,Track: MDMA (Pt. Artist: Morus Alba.,Folk,Morus Alba,,0.44999999999999996,0.07499999999999996
520,Track: Broken Spell. Artist: Moore & Sons.,Folk,Moore & Sons,,-0.25,0.125
521,Track: Old Strange. Artist: Black Twig Pickers and Steve Gunn.,Folk,Black Twig Pickers and Steve Gunn,,-0.30000000000000004,-0.10000000000000009
522,Track: New Rembetika 14. Artist: Mike Cooper & Viv Corringham.,Folk,Mike Cooper & Viv Corringham,,-0.375,-0.575
523,Track: Love. Artist: The Upsidedown-E.,Folk,The Upsidedown-E,,0.02499999999999991,0.2250000000000001
524,Track: Black Eyes. Artist: Nettle.,Folk,Nettle,,-0.42500000000000004,-0.25
525,Track: (h) Banjo Arba Minch Garden. Artist: Cooper-Moore.,Folk,Cooper-Moore,,-0.17500000000000004,-0.050000000000000044
527,Track: A Stranger's Map of Texas. Artist: Michael Chapman & The Woodpiles.,Folk,Michael Chapman & The Woodpiles,,-0.25,0.17500000000000004
529,Track: TV Dinner. Artist: Hiiragi Fukuda.,Folk,Hiiragi Fukuda,,-0.07499999999999996,0.19999999999999996
530,Track: The Tropical Lounge Prayer Directory. Artist: The New Mystikal Troubadours.,Folk,The New Mystikal Troubadours,,-0.42500000000000004,-0.375
535,Track: Sally in the Garden Sifting Sand. Artist: Black Twig Pickers and Steve Gunn.,Folk,Black Twig Pickers and Steve Gunn,,0.2749999999999999,0.375
536,Track: Don't You Want to Go to HeavenUncle Sam. Artist: Steven Arntson.,Folk,Steven Arntson,,0.02499999999999991,-0.125
537,Track: Efoumernam Ena Vradi. Artist: Astral Social Club.,Folk,Astral Social Club,,0.0,-0.6
540,Track: Trouba. Artist: Steve Gunn.,Folk,Steve Gunn,,-0.2250000000000001,-0.1499999999999999
544,Track: Day Into Night. Artist: Rho.,Folk,Rho,,-0.050000000000000044,-0.125
547,Track: It's all right. Artist: Mr. & Mrs. Smith.,Folk,Mr. & Mrs. Smith,,-0.4,-0.050000000000000044
550,Track: Titanic. Artist: Michael Chapman & The Woodpiles.,Folk,Michael Chapman & The Woodpiles,,-0.19999999999999996,0.2250000000000001
551,Track: Harmless Blues. Artist: Moore & Sons.,Folk,Moore & Sons,,-0.44999999999999996,-0.25
554,Track: Wave Graves. Artist: Paneye.,Folk,Paneye,,-0.55,0.0
555,Track: Views of The Holy & Divine. Artist: The Agrarians.,Folk,The Agrarians,,0.050000000000000044,-0.050000000000000044
556,Track: Life on the Odyssean Wave. Artist: Steven Arntson.,Folk,Steven Arntson,,0.1499999999999999,0.2749999999999999
558,Track: Good Night Heart. Artist: My Bubba & Mi.,Folk,My Bubba & Mi,,-0.55,-0.44999999999999996
560,Track: Vanlig. Artist: Jahzzar.,Folk,Jahzzar,,-0.525,-0.10000000000000009
561,Track: La Minor Live at Pacific Parc Vol. Artist: La Minor.,Folk,La Minor,,0.4750000000000001,0.5
564,Track: Solemn Ground. Artist: Fit and the Conniptions.,Folk,Fit and the Conniptions,,-0.07499999999999996,-0.02499999999999991
565,Track: Sousta Politiki. Artist: Amen Dunes.,Folk,Amen Dunes,,-0.475,-0.5
568,Track: The Incredible Infection of Unintended Invection. Artist: U Can Unlearn Guitar.,Folk,U Can Unlearn Guitar,,0.10000000000000009,-0.475
574,Track: Cattails. Artist: Kevin MacLeod.,Folk,Kevin MacLeod,,-0.125,-0.050000000000000044
577,Track: Look inside. Artist: Jahzzar.,Folk,Jahzzar,,0.1499999999999999,0.125
579,Track: The Surveyor. Artist: red_robin.,Folk,red_robin,,-0.475,-0.44999999999999996
580,Track: Grass Above My Head. Artist: Cian Nugent.,Folk,Cian Nugent,,-0.65,-0.1499999999999999
581,Track: Mona Lisa. Artist: Atlas Sound.,Folk,Atlas Sound,,0.07499999999999996,0.25
582,Track: 12 MORNINGS. Artist: Jason Shaw.,Folk,Jason Shaw,,-0.475,-0.02499999999999991
584,Track: Stin Ypoga. Artist: Ignatz.,Folk,Ignatz,,-0.625,-0.65
585,Track: The Bright New Year (By Bert Jansch). Artist: Yair Yona.,Folk,Yair Yona,,-0.25,-0.19999999999999996
586,Track: Hemoglobin (Live at the Tonic Room). Artist: Greg Gibbs.,Folk,Greg Gibbs,,0.050000000000000044,0.2250000000000001
591,Track: Whoopee Ti Yi Yo. Artist: The Sons Of The Pioneers.,Folk,The Sons Of The Pioneers,,0.17500000000000004,0.30000000000000004
592,Track: Tape Eater. Artist: Pietnastka.,Folk,Pietnastka,,0.11250000000000004,0.022499999999999964
594,Track: Di Hei Hei (sung by Po Sun Yi). Artist: Chan Wai Fat.,Folk,Chan Wai Fat,,-0.19999999999999996,-0.475
597,Track: Wafternoon. Artist: Keshco.,Folk,Keshco,,-0.050000000000000044,0.3500000000000001
598,Track: Joke. Artist: Jahzzar.,Folk,Jahzzar,,-0.25,0.1499999999999999
600,Track: 32 Ford. Artist: Joe Mazzola.,Folk,Joe Mazzola,,-0.375,-0.25
605,Track: Flirt. Artist: The Simple Carnival.,Folk,The Simple Carnival,,-0.1499999999999999,0.25
606,Track: Ice Cream. Artist: Jahzzar.,Folk,Jahzzar,,-0.2250000000000001,0.1499999999999999
607,Track: Past Has Not Passed. Artist: James Blackshaw.,Folk,James Blackshaw,,-0.1499999999999999,0.2749999999999999
608,Track: Adinatisa O Kaymenos. Artist: Daniel Padden.,Folk,Daniel Padden,,-0.525,-0.30000000000000004
609,Track: Eter. Artist: M-PeX.,Folk,M-PeX,,0.07499999999999996,0.13749999999999996
610,Track: Shine. Artist: Jahzzar.,Folk,Jahzzar,,0.32499999999999996,0.375
611,Track: Car Crash. Artist: Jahzzar.,Folk,Jahzzar,,0.02499999999999991,-0.050000000000000044
612,Track: Wild Horse of Stony Point. Artist: Black Twig Pickers.,Folk,Black Twig Pickers,,0.1499999999999999,0.3999999999999999
613,Track: Going to. Artist: Jahzzar.,Folk,Jahzzar,,0.050000000000000044,0.44999999999999996
614,Track: I Want To Destroy Something Beautiful. Artist: Josh Woodward.,Folk,Josh Woodward,,-0.17500000000000004,-0.32499999999999996
615,Track: Talking. Artist: Moore & Sons.,Folk,Moore & Sons,,-0.44999999999999996,0.0
616,Track: Hot Kettle and a Lonely Gun. Artist: Greg Gibbs.,Folk,Greg Gibbs,,-0.375,0.0
617,Track: A Clean Slate. Artist: The Peach Tree.,Folk,The Peach Tree,,0.375,-0.5
620,Track: Aqua. Artist: M-PeX.,Folk,M-PeX,,0.19999999999999996,-0.1499999999999999
621,Track: The Blender is Not Built For That. Artist: Carter Thornton.,Folk,Carter Thornton,,-0.525,-0.1499999999999999
622,Track: Zoo. Artist: Greg Gibbs.,Folk,Greg Gibbs,,-0.125,0.0
623,Track: Anniversary. Artist: Jahzzar.,Folk,Jahzzar,,-0.30000000000000004,0.2250000000000001
625,Track: Night Ahead. Artist: Moore & Sons.,Folk,Moore & Sons,,-0.475,-0.1499999999999999
628,Track: Hungaria. Artist: Latché Swing.,Jazz,Latché Swing,,-0.02499999999999991,0.44999999999999996
629,Track: Volksing Ferretismico. Artist: Goto80 and the Uwe Schenk Band.,Jazz,Goto80 and the Uwe Schenk Band,,0.6000000000000001,0.6499999999999999
631,Track: Lansdowne. Artist: WWIII.,Jazz,WWIII,,0.6499999999999999,-0.475
632,Track: Forward. Artist: Northbound.,Jazz,Northbound,,-0.19999999999999996,0.10000000000000009
634,Track: If I Can't Dance It's Not My Revolution. Artist: Quantum Jazz.,Jazz,Quantum Jazz,,-0.07499999999999996,0.19999999999999996
635,Track: The Third Man Theme (Live @ KEXP). Artist: Rat City Brass.,Jazz,Rat City Brass,,0.3999999999999999,0.6499999999999999
637,Track: It smells like Chamomile Tea. Artist: Evgeny Grinko.,Jazz,Evgeny Grinko,,-0.7,-0.35
638,Track: Winter Sunshine. Artist: Evgeny Grinko.,Jazz,Evgeny Grinko,,-0.44999999999999996,-0.1499999999999999
639,Track: Indian Summer. Artist: Zero V.,Jazz,Zero V,,0.2749999999999999,0.32499999999999996
640,Track: ¡Qué Paciencia!. Artist: Los Sundayers.,Jazz,Los Sundayers,,0.6499999999999999,0.7
643,Track: Thriller Iller. Artist: Goto80 and the Uwe Schenk Band.,Jazz,Goto80 and the Uwe Schenk Band,,-0.375,-0.19999999999999996
644,Track: By the Coast (2004). Artist: Antony Raijekov.,Jazz,Antony Raijekov,,-0.17500000000000004,0.1499999999999999
645,Track: Mutatis Mutandis. Artist: Cosmic Analog Ensemble.,Jazz,Cosmic Analog Ensemble,,-0.10000000000000009,0.17500000000000004
646,Track: Backed Vibes Clean. Artist: Kevin MacLeod.,Jazz,Kevin MacLeod,,-0.475,-0.30000000000000004
647,Track: Scattered Knowledge. Artist: Revolution Void.,Jazz,Revolution Void,,-0.5,0.19999999999999996
648,Track: Swing 39. Artist: Latché Swing.,Jazz,Latché Swing,,0.02499999999999991,0.44999999999999996
649,Track: I Remember You. Artist: Nature.,Jazz,Nature,,0.30000000000000004,0.42500000000000004
650,Track: City Tail. Artist: Ido Bukelman.,Jazz,Ido Bukelman,,0.25,-0.19999999999999996
651,Track: Balancing Act. Artist: The Underscore Orkestra.,Jazz,The Underscore Orkestra,,0.3500000000000001,0.5249999999999999
652,Track: Don't Rush. Artist: Zero V.,Jazz,Zero V,,-0.44999999999999996,-0.17500000000000004
653,Track: Jazz Club. Artist: Kriss.,Jazz,Kriss,,0.07499999999999996,0.375
654,Track: asrealasitgets2). Artist: Dizzy Banjo-Jazzy Macys (disquiet0038.,Jazz,Dizzy Banjo-Jazzy Macys (disquiet0038,,0.02499999999999991,-0.1499999999999999
656,Track: when. Artist: Stephan Siebert.,Jazz,Stephan Siebert,,-0.6,-0.2250000000000001
657,Track: Ponky Fonky Ferret. Artist: Goto80 and the Uwe Schenk Band.,Jazz,Goto80 and the Uwe Schenk Band,,0.02499999999999991,0.1499999999999999
658,Track: AcidJazz. Artist: Kevin MacLeod.,Jazz,Kevin MacLeod,,-0.1499999999999999,0.17500000000000004
660,Track: 05 CherryBlossom. Artist: Daddy_Scrabble.,Jazz,Daddy_Scrabble,,-0.725,-0.55
661,Track: Are. Artist: Oaxacan.,Jazz,Oaxacan,,-0.7,-0.55
662,Track: Rythme Gitan. Artist: Latché Swing.,Jazz,Latché Swing,,0.2250000000000001,0.02499999999999991
663,Track: Rail Star Mode. Artist: Spartak.,Jazz,Spartak,,-0.42500000000000004,-0.17500000000000004
664,Track: Cable Swingin' Ferret. Artist: Goto80 and the Uwe Schenk Band.,Jazz,Goto80 and the Uwe Schenk Band,,0.5,0.3999999999999999
665,Track: Sweet Georgia Brown. Artist: Latché Swing.,Jazz,Latché Swing,,0.17500000000000004,0.30000000000000004
666,Track: Crackle & Pop. Artist: Digital Primitives.,Jazz,Digital Primitives,,0.07499999999999996,0.0
667,Track: I Can't Behave. Artist: Caravan of Thieves.,Jazz,Caravan of Thieves,,-0.19999999999999996,-0.02499999999999991
668,Track: LordDa Mercy. Artist: Daddy_Scrabble.,Jazz,Daddy_Scrabble,,0.0,0.07499999999999996
671,Track: Menilmontant. Artist: Latché Swing.,Jazz,Latché Swing,,-0.475,-0.32499999999999996
672,Track: Vibe Ace. Artist: Kevin MacLeod.,Jazz,Kevin MacLeod,,-0.1499999999999999,0.32499999999999996
673,Track: Mirando Hacia Atrás. Artist: Los Sundayers.,Jazz,Los Sundayers,,0.3999999999999999,0.42500000000000004
674,Track: Songe D'Automne. Artist: Latché Swing.,Jazz,Latché Swing,,0.44999999999999996,0.6000000000000001
675,Track: Meetin' & Movin'. Artist: Merkel & Fritzemeier.,Jazz,Merkel & Fritzemeier,,0.02499999999999991,0.19999999999999996
676,Track: Chosen Kale Mazel Tov. Artist: The Underscore Orkestra.,Jazz,The Underscore Orkestra,,0.3999999999999999,0.3999999999999999
677,Track: Neuroleptic trio instrumental 6. Artist: Neuroleptic Trio.,Jazz,Neuroleptic Trio,,0.375,0.07499999999999996
681,Track: Devil with the Devil. Artist: The Underscore Orkestra.,Jazz,The Underscore Orkestra,,-0.02499999999999991,0.3999999999999999
682,Track: Resonance. Artist: Nature.,Jazz,Nature,,-0.050000000000000044,0.25
684,Track: magic of fog. Artist: Rushus.,Jazz,Rushus,,-0.17500000000000004,-0.02499999999999991
685,Track: George. Artist: Curha.,Jazz,Curha,,-0.125,-0.35
686,Track: is there anybody out there. Artist: Sergi Boal.,Jazz,Sergi Boal,,-0.4,0.125
687,Track: Balancing Act Chosen Kale Mazel Tov. Artist: The Underscore Orkestra.,Jazz,The Underscore Orkestra,,0.575,0.6000000000000001
688,Track: Irresistible Yvette (with Les Gauchers Quintet). Artist: Lee Maddeford.,Jazz,Lee Maddeford,,-0.17500000000000004,0.0
689,Track: M (2003). Artist: Antony Raijekov-Ambient.,Jazz,Antony Raijekov-Ambient,,-0.30000000000000004,-0.10000000000000009
690,Track: Infant Holy Infant Lowly. Artist: Ann Alee.,Jazz,Ann Alee,,-0.65,-0.1499999999999999
691,Track: Hard Time Killing Floor Blues. Artist: Nature.,Jazz,Nature,,0.0,-0.32499999999999996
692,Track: Boudougou. Artist: Breuss Arrizabalaga Quintet-Nfamoudou.,Jazz,Breuss Arrizabalaga Quintet-Nfamoudou,,0.4750000000000001,0.2749999999999999
693,Track: Impressive. Artist: Mystic Morrison Visions.,Jazz,Mystic Morrison Visions,,0.30000000000000004,0.07499999999999996
695,Track: Track 6. Artist: Sunny Jain's Red Baraat Festival.,Jazz,Sunny Jain's Red Baraat Festival,,0.2250000000000001,0.30000000000000004
696,Track: Extraordinary Vibe. Artist: Nature.,Jazz,Nature,,0.07499999999999996,0.19999999999999996
697,Track: VA Riding (Single Edit). Artist: DJ Harrison.,Jazz,DJ Harrison,,-0.050000000000000044,0.19999999999999996
698,Track: The Keeper (Live @ KEXP). Artist: Bonobo.,Jazz,Bonobo,,-0.275,-0.32499999999999996
699,Track: SYMPHONIC SLIDE. Artist: Jared C. Balogh.,Jazz,Jared C. Balogh,,-0.32499999999999996,-0.125
700,Track: Moon Dream (Extended Mix). Artist: Sephirot.,Jazz,Sephirot,,-0.050000000000000044,0.1499999999999999
702,Track: Shipyard. Artist: WWIII.,Jazz,WWIII,,0.625,-0.42500000000000004
703,Track: Arana. Artist: Jazz at Mladost Club.,Jazz,Jazz at Mladost Club,,0.02499999999999991,0.25
704,Track: Monkeys have arrived. Artist: Daddy_Scrabble.,Jazz,Daddy_Scrabble,,-0.2250000000000001,-0.19999999999999996
706,Track: Amari Szi. Artist: The Underscore Orkestra.,Jazz,The Underscore Orkestra,,0.125,0.25
707,Track: Prelude #2 in A Minor (Chopin). Artist: Ben Holmes and Patrick Farrell.,Jazz,Ben Holmes and Patrick Farrell,,-0.44999999999999996,-0.475
708,Track: NO MATH 7. Artist: Trans Atlantic Rage.,Jazz,Trans Atlantic Rage,,-0.44999999999999996,-0.44999999999999996
709,Track: Jovanko. Artist: The Underscore Orkestra.,Jazz,The Underscore Orkestra,,0.19999999999999996,0.0
710,Track: They Enter Through the Ear. Artist: Ehran Elisha and Roy Campbell.,Jazz,Ehran Elisha and Roy Campbell,,0.10000000000000009,0.02499999999999991
711,Track: Dances and Dames. Artist: Kevin MacLeod.,Jazz,Kevin MacLeod,,-0.525,-0.475
712,Track: As I Figure. Artist: Kevin MacLeod.,Jazz,Kevin MacLeod,,-0.4,0.07499999999999996
713,Track: parte 1 parte 4. Artist: MarginalS.,Jazz,MarginalS,,-0.02499999999999991,0.32499999999999996
714,Track: In The Techno Tent. Artist: Nature.,Jazz,Nature,,-0.1499999999999999,-0.050000000000000044
715,Track: PULLING MYSELF UP THROUGH. Artist: Jared C. Balogh.,Jazz,Jared C. Balogh,,-0.525,-0.17500000000000004
717,Track: Underscore Underwear. Artist: The Underscore Orkestra.,Jazz,The Underscore Orkestra,,-0.125,-0.02499999999999991
718,Track: Cocek. Artist: The Underscore Orkestra.,Jazz,The Underscore Orkestra,,0.2250000000000001,0.375
719,Track: Transparente. Artist: Los Sundayers.,Jazz,Los Sundayers,,0.5249999999999999,0.55
721,Track: Mic Check. Artist: Nature.,Jazz,Nature,,0.17500000000000004,0.125
722,Track: Orbiting A Distant Planet. Artist: Quantum Jazz.,Jazz,Quantum Jazz,,0.17500000000000004,0.5
723,Track: April Showers. Artist: ProleteR.,Jazz,ProleteR,,0.375,0.55
724,Track: RSJFoundation live at Pacific Parc. Artist: Rotterdam Ska Jazz Foundation.,Jazz,Rotterdam Ska Jazz Foundation,,0.25,0.2749999999999999
725,Track: Octopus. Artist: Mystic Morrison Visions.,Jazz,Mystic Morrison Visions,,0.02499999999999991,0.02499999999999991
726,Track: Trio Take 5. Artist: Cooper-Moore.,Jazz,Cooper-Moore,,0.5,-0.35
727,Track: THE HAPPIEST LIFE. Artist: Jared C. Balogh.,Jazz,Jared C. Balogh,,-0.17500000000000004,-0.125
728,Track: Magdalena. Artist: The Underscore Orkestra.,Jazz,The Underscore Orkestra,,0.4750000000000001,0.625
729,Track: Pepper Spray Blues. Artist: The Luddites.,Jazz,The Luddites,,0.3500000000000001,-0.375
730,Track: Mircoobee. Artist: Keinzweiter.,Jazz,Keinzweiter,,-0.32499999999999996,-0.125
731,Track: Džejbe Džejbe. Artist: Neuroleptic Trio.,Jazz,Neuroleptic Trio,,0.575,0.19999999999999996
732,Track: Dobur Vecher. Artist: The Underscore Orkestra.,Jazz,The Underscore Orkestra,,0.1499999999999999,0.32499999999999996
733,Track: Mad About You. Artist: Yair Yona.,Jazz,Yair Yona,,-0.17500000000000004,0.0
734,Track: Sandu. Artist: Hugo 'Droopy' Contini.,Jazz,Hugo 'Droopy' Contini,,0.17500000000000004,0.32499999999999996
735,Track: Invisible Walls. Artist: Revolution Void.,Jazz,Revolution Void,,-0.17500000000000004,-0.02499999999999991
736,Track: Sax. Artist: Kevin MacLeod-Night on the Docks.,Jazz,Kevin MacLeod-Night on the Docks,,-0.575,-0.32499999999999996
737,Track: Some Other Place. Artist: DJ Harrison.,Jazz,DJ Harrison,,-0.2250000000000001,-0.02499999999999991
738,Track: Blue Draggish. Artist: The Underscore Orkestra.,Jazz,The Underscore Orkestra,,0.125,0.30000000000000004
739,Track: Balcarabic Chicken. Artist: Quantum Jazz.,Jazz,Quantum Jazz,,0.30000000000000004,0.4750000000000001
740,Track: Futoristico. Artist: Gilad Atzmon.,Jazz,Gilad Atzmon,,-0.32499999999999996,-0.25
741,Track: Broken String. Artist: The Underscore Orkestra.,Jazz,The Underscore Orkestra,,-0.10000000000000009,-0.1499999999999999
742,Track: Nitro. Artist: OPRACHINA-Oprachina.,Jazz,OPRACHINA-Oprachina,,0.2749999999999999,0.375
743,Track: Tasky. Artist: Blue Swerver.,Jazz,Blue Swerver,,-0.475,0.0
744,Track: Capadócia. Artist: Thiago França.,Jazz,Thiago França,,0.2749999999999999,0.125
745,Track: Maia. Artist: Kreng.,Jazz,Kreng,,-0.19999999999999996,-0.85
746,Track: My Blackbirds Are Bluebirds Now. Artist: The Moonlighters.,Jazz,The Moonlighters,,-0.32499999999999996,-0.10000000000000009
747,Track: bruch. Artist: Stephan Siebert-auf.,Jazz,Stephan Siebert-auf,,-0.35,-0.02499999999999991
748,Track: Night City. Artist: Dirty Beaches.,Jazz,Dirty Beaches,,0.02499999999999991,-0.1499999999999999
749,Track: Big Fun (New Ruckus). Artist: Slumgum.,Jazz,Slumgum,,-0.19999999999999996,-0.02499999999999991
750,Track: Street Song Honga. Artist: Ben Holmes and Patrick Farrell.,Jazz,Ben Holmes and Patrick Farrell,,0.07499999999999996,0.17500000000000004
756,Track: Lips. Artist: Plurabelle.,Pop,Plurabelle,,0.2250000000000001,0.44999999999999996
757,Track: Freeway. Artist: Kurt Vile.,Pop,Kurt Vile,,0.25,0.2749999999999999
758,Track: Ou Inme. Artist: ghostandthesong.,Pop,ghostandthesong,,-0.050000000000000044,0.2250000000000001
759,Track: Frozen Egg. Artist: Lame Drivers.,Pop,Lame Drivers,,0.42500000000000004,0.2250000000000001
763,Track: Siesta. Artist: Jahzzar.,Pop,Jahzzar,,-0.375,0.125
764,Track: Vogelbird. Artist: Sleeping Policemen.,Pop,Sleeping Policemen,,0.32499999999999996,0.625
767,Track: kirblooey. Artist: Windom Earle.,Pop,Windom Earle,,0.050000000000000044,0.375
769,Track: Chaos. Artist: AMANDA.,Pop,AMANDA,,0.30000000000000004,0.0
773,Track: The Island Song. Artist: U.S. Girls.,Pop,U.S. Girls,,-0.125,-0.07499999999999996
775,Track: In The Early Months Of The Emergency. Artist: Ghost Hunter.,Pop,Ghost Hunter,,-0.32499999999999996,-0.1499999999999999
776,Track: Through The Haze Of The Green Glasses. Artist: Ghost Hunter.,Pop,Ghost Hunter,,-0.375,-0.125
777,Track: A Little Too Fast. Artist: The Strangers.,Pop,The Strangers,,0.30000000000000004,0.02499999999999991
779,Track: What Circle Where. Artist: Macaw.,Pop,Macaw,,-0.55,0.07499999999999996
780,Track: Gay_Bar_videogame. Artist: The Wildbunch.,Pop,The Wildbunch,,0.19999999999999996,0.30000000000000004
781,Track: Butterfly. Artist: Delicate Steve.,Pop,Delicate Steve,,-0.02499999999999991,0.32499999999999996
782,Track: Who Are You. Artist: The Strangers.,Pop,The Strangers,,0.55,-0.07499999999999996
784,Track: Le Gateau Au Yaourt. Artist: Benjamin Bret.,Pop,Benjamin Bret,,-0.07499999999999996,0.17500000000000004
787,Track: Ride The Tide. Artist: coverclub.nl-Schotel van de Dag.,Pop,coverclub.nl-Schotel van de Dag,,0.2749999999999999,0.32499999999999996
789,Track: No Slow Dancing. Artist: Austin Leonard Jones.,Pop,Austin Leonard Jones,,-0.275,0.050000000000000044
790,Track: City Sounds. Artist: Sycamore Drive.,Pop,Sycamore Drive,,0.55,0.10000000000000009
791,Track: West Bank. Artist: Lezet.,Pop,Lezet,,-0.575,-0.10000000000000009
794,Track: Window #3. Artist: Two Bicycles.,Pop,Two Bicycles,,-0.625,-0.19999999999999996
795,Track: Simon Cowell. Artist: Ergo Phizmiz.,Pop,Ergo Phizmiz,,-0.7,-0.375
796,Track: Ghost Transference. Artist: Learning Music.,Pop,Learning Music,,0.050000000000000044,0.02499999999999991
797,Track: Sunday Lovers. Artist: Monday Night Fever.,Pop,Monday Night Fever,,-0.02499999999999991,0.10000000000000009
798,Track: Waha. Artist: Casetofoane.,Pop,Casetofoane,,0.375,0.2250000000000001
799,Track: Beach Point Pleasant. Artist: Ducktails.,Pop,Ducktails,,-0.2250000000000001,0.1499999999999999
800,Track: Cinq. Artist: Les Oreilles-Quarante.,Pop,Les Oreilles-Quarante,,-0.125,-0.125
801,Track: Marty Feldman. Artist: Keshco.,Pop,Keshco,,-0.42500000000000004,-0.375
804,Track: Birthday Cake. Artist: Jahzzar.,Pop,Jahzzar,,0.4750000000000001,0.44999999999999996
805,Track: Son Of A Systems Engineer Manager. Artist: Keshco.,Pop,Keshco,,-0.7,-0.375
806,Track: Christmas Day With Me. Artist: coverclub.nl-Laura Vane & the Vipertones.,Pop,coverclub.nl-Laura Vane & the Vipertones,,0.3500000000000001,0.3999999999999999
807,Track: Ftgrr. Artist: Björn & Gorden.,Pop,Björn & Gorden,,-0.050000000000000044,0.375
808,Track: Lost. Artist: Greg Gibbs.,Pop,Greg Gibbs,,-0.475,-0.17500000000000004
810,Track: El barzón. Artist: Los Amparito.,Pop,Los Amparito,,0.375,0.3999999999999999
811,Track: Tourist Shooting Tar Balls. Artist: Party People in a Can.,Pop,Party People in a Can,,-0.2250000000000001,-0.02499999999999991
813,Track: Wild & You. Artist: My Bubba & Mi.,Pop,My Bubba & Mi,,0.30000000000000004,0.42500000000000004
814,Track: re bitterfly. Artist: etc..,Pop,etc.,,0.2749999999999999,0.07499999999999996
815,Track: LightLivid. Artist: Plurabelle.,Pop,Plurabelle,,0.125,0.2250000000000001
818,Track: In Fielder. Artist: Miró Belle.,Pop,Miró Belle,,0.2250000000000001,0.44999999999999996
819,Track: Tilly's Punctured Romancer. Artist: Ergo Phizmiz.,Pop,Ergo Phizmiz,,-0.25,0.17500000000000004
820,Track: Wallflower. Artist: Plurabelle.,Pop,Plurabelle,,0.3500000000000001,0.3500000000000001
823,Track: You Want It. Artist: Gringo Star.,Pop,Gringo Star,,-0.050000000000000044,-0.050000000000000044
824,Track: Untold Story. Artist: Sycamore Drive.,Pop,Sycamore Drive,,0.55,0.5
825,Track: I Keep My Soul Alive with Different Kinds of Germs. Artist: FAVORS.,Pop,FAVORS,,-0.2250000000000001,0.17500000000000004
826,Track: I'll Keep It With Mine. Artist: Dean & Britta.,Pop,Dean & Britta,,-0.25,-0.07499999999999996
829,Track: Talk to me. Artist: Jahzzar.,Pop,Jahzzar,,-0.675,-0.125
830,Track: Enel. Artist: Casetofoane.,Pop,Casetofoane,,0.07499999999999996,0.2250000000000001
831,Track: Electrohood. Artist: Casetofoane.,Pop,Casetofoane,,0.050000000000000044,0.30000000000000004
833,Track: Rocky 5000. Artist: Casetofoane.,Pop,Casetofoane,,0.0,0.19999999999999996
834,Track: Fly By Night. Artist: Keshco.,Pop,Keshco,,-0.07499999999999996,-0.17500000000000004
836,Track: Memories Are Made of This. Artist: The Scallions.,Pop,The Scallions,,0.5249999999999999,0.17500000000000004
839,Track: Fun With Petroleum. Artist: Ergo Phizmiz.,Pop,Ergo Phizmiz,,0.17500000000000004,-0.1499999999999999
841,Track: Nicotine Blues. Artist: Kurt Vile.,Pop,Kurt Vile,,-0.19999999999999996,-0.07499999999999996
844,Track: Wizball. Artist: Gustav Taxén.,Pop,Gustav Taxén,,-0.30000000000000004,-0.4
845,Track: The Great Giana Sisters (Piano cover). Artist: Christian Vestergaard.,Pop,Christian Vestergaard,,0.02499999999999991,-0.25
846,Track: High Buildings. Artist: Flora.,Pop,Flora,,0.25,0.125
848,Track: Eating Baby Lions Nightmare. Artist: Shirley and Spinoza-Half.,Pop,Shirley and Spinoza-Half,,-0.7,-0.575
850,Track: Strange Things. Artist: Ergo Phizmiz.,Pop,Ergo Phizmiz,,-0.35,-0.475
851,Track: Etam Etamski. Artist: How How-Tetrolux.,Pop,How How-Tetrolux,,0.0,-0.1499999999999999
852,Track: Erebus (piano). Artist: Andrea Baroni.,Pop,Andrea Baroni,,-0.125,-0.07499999999999996
854,Track: Through & Through. Artist: My Bubba & Mi.,Pop,My Bubba & Mi,,-0.525,-0.30000000000000004
855,Track: 2. Artist: The Family Simpson.,Pop,The Family Simpson,,-0.525,-0.125
856,Track: The Other Man. Artist: Sloan.,Pop,Sloan,,0.42500000000000004,0.1499999999999999
857,Track: Trick Pony (Live @ KEXP). Artist: Charlotte Gainsbourg.,Pop,Charlotte Gainsbourg,,-0.02499999999999991,0.07499999999999996
858,Track: Alive. Artist: Jahzzar.,Pop,Jahzzar,,-0.1499999999999999,-0.125
859,Track: Delta. Artist: Moonove.,Pop,Moonove,,-0.35,0.02499999999999991
860,Track: Señor Bomba. Artist: MrJuan.,Pop,MrJuan,,0.3999999999999999,0.42500000000000004
863,Track: The End of Time. Artist: Computer Magic.,Pop,Computer Magic,,0.3500000000000001,0.5
864,Track: Polaroid. Artist: Jahzzar.,Pop,Jahzzar,,0.17500000000000004,0.2250000000000001
865,Track: Love Me Like You. Artist: The Mythics.,Pop,The Mythics,,-0.55,-0.10000000000000009
866,Track: Basket Ball Get Your Groove Back (Live @ KEXP). Artist: Deerhoof.,Pop,Deerhoof,,0.19999999999999996,0.02499999999999991
867,Track: Saudades. Artist: Duda Nunes.,Pop,Duda Nunes,,0.19999999999999996,0.375
869,Track: cuts&bruises. Artist: Plurabelle.,Pop,Plurabelle,,-0.6,-0.2250000000000001
871,Track: Deep Thought Process. Artist: Sycamore Drive.,Pop,Sycamore Drive,,0.3500000000000001,0.25
872,Track: Ticking Away. Artist: Cranston.,Pop,Cranston,,-0.4,0.125
873,Track: Summer Song (Instrumental). Artist: YACHT.,Pop,YACHT,,0.44999999999999996,0.5
874,Track: This Love's Got to Change. Artist: Black Math.,Pop,Black Math,,0.32499999999999996,-0.1499999999999999
876,Track: Kopeika. Artist: et_.,Rock,et_,,0.32499999999999996,0.42500000000000004
879,Track: Computer. Artist: State Shirt.,Rock,State Shirt,,0.1499999999999999,0.25
880,Track: Stance Gives You Balance. Artist: Hogan Grip.,Rock,Hogan Grip,,-0.02499999999999991,-0.30000000000000004
882,Track: The last ones. Artist: Jahzzar.,Rock,Jahzzar,,0.07499999999999996,0.050000000000000044
884,Track: Old White Eye. Artist: Ghost Hunter.,Rock,Ghost Hunter,,0.125,0.0
886,Track: Mariachi Bandits of Gatling Gun Ridge. Artist: krackatoa.,Rock,krackatoa,,0.2250000000000001,0.10000000000000009
887,Track: Happening for Lulu. Artist: Kraus.,Rock,Kraus,,0.02499999999999991,0.1499999999999999
889,Track: Requiem for a Fish. Artist: The Freak Fandango Orchestra.,Rock,The Freak Fandango Orchestra,,0.4750000000000001,0.55
890,Track: The Beach! The Beach!. Artist: Holy Coast.,Rock,Holy Coast,,-0.35,-0.07499999999999996
891,Track: Jupiter The Blue. Artist: Gillicuddy.,Rock,Gillicuddy,,-0.4,0.125
892,Track: North Sea Radio. Artist: Paneye.,Rock,Paneye,,-0.275,-0.525
893,Track: Blackroad. Artist: Tyrannic Toy.,Rock,Tyrannic Toy,,0.575,-0.42500000000000004
897,Track: arriba. Artist: reed blue & exteenager.,Rock,reed blue & exteenager,,-0.02499999999999991,-0.17500000000000004
898,Track: No. Artist: Room For A Ghost.,Rock,Room For A Ghost,,0.3500000000000001,0.125
899,Track: One Man And His Piano. Artist: Linus Akesson.,Rock,Linus Akesson,,0.07499999999999996,0.32499999999999996
902,Track: Naramiddu poita (feat. Artist: Arrogalla remixes Dadub.,Rock,Arrogalla remixes Dadub,,0.5,-0.42500000000000004
903,Track: Wild Eyes (live @ WFMU). Artist: Vivian Girls.,Rock,Vivian Girls,,0.2250000000000001,0.1499999999999999
904,Track: Something In the Woods. Artist: krackatoa.,Rock,krackatoa,,0.17500000000000004,-0.19999999999999996
908,Track: You Can't Have It Shinjuku Birdwalk. Artist: Karen Cooper Complex.,Rock,Karen Cooper Complex,,0.125,-0.02499999999999991
909,Track: Exotica. Artist: Juanitos.,Rock,Juanitos,,0.25,0.125
910,Track: Utopia (instrumental). Artist: YACHT.,Rock,YACHT,,0.5,0.3999999999999999
911,Track: Jungle Law. Artist: Original Innocence.,Rock,Original Innocence,,0.5249999999999999,-0.25
913,Track: Untitled 06. Artist: Mountain Cult.,Rock,Mountain Cult,,-0.050000000000000044,-0.42500000000000004
915,Track: Everything Is Changing. Artist: Noi.,Rock,Noi,,0.0,0.050000000000000044
921,Track: Sambarama. Artist: Juanitos.,Rock,Juanitos,,0.2250000000000001,0.2749999999999999
924,Track: Strange Italian Song. Artist: Juanitos.,Rock,Juanitos,,0.10000000000000009,0.30000000000000004
925,Track: Photosphere. Artist: Charles Atlas.,Rock,Charles Atlas,,-0.02499999999999991,0.17500000000000004
926,Track: Flying Alaska V. Artist: Everlone.,Rock,Everlone,,-0.25,0.125
928,Track: the 13 O' Clock in the Morning. Artist: Waiters.,Rock,Waiters,,0.0,-0.25
931,Track: Mickey Maos. Artist: Halloween.,Rock,Halloween,,0.32499999999999996,0.375
932,Track: Crowning Of A Heart (Live @ KEXP). Artist: …And You Will Know Us By The Trail Of Dead.,Rock,…And You Will Know Us By The Trail Of Dead,,-0.125,-0.02499999999999991
934,Track: Other Side. Artist: Lame Drivers.,Rock,Lame Drivers,,0.30000000000000004,0.3500000000000001
936,Track: Plumy Tale. Artist: Dumbo Gets Mad.,Rock,Dumbo Gets Mad,,0.10000000000000009,-0.07499999999999996
938,Track: Thrashing In The Unknown. Artist: Milk Music.,Rock,Milk Music,,0.575,-0.19999999999999996
939,Track: You should go on. Artist: Richard There.,Rock,Richard There,,0.30000000000000004,-0.575
941,Track: Get My Fix (Morphamish Mix). Artist: Morphamish+ Tekkerz.,Rock,Morphamish+ Tekkerz,,0.55,0.2250000000000001
942,Track: Santa Leone. Artist: Pajaro.,Rock,Pajaro,,-0.050000000000000044,-0.2250000000000001
944,Track: Hey Grrl. Artist: Shark.,Rock,Shark,,0.5249999999999999,0.375
945,Track: Leelo (Part 1). Artist: The Ghost Of 29 Megacycles.,Rock,The Ghost Of 29 Megacycles,,-0.675,-0.55
949,Track: Favorite Secrets. Artist: Waylon Thornton.,Rock,Waylon Thornton,,0.17500000000000004,0.2749999999999999
952,Track: Monday at 12. Artist: Glass Boy.,Rock,Glass Boy,,-0.19999999999999996,-0.32499999999999996
954,Track: Bruce Lee (acoustic Jam). Artist: Doron Deutsch.,Rock,Doron Deutsch,,0.02499999999999991,0.125
955,Track: Blind Eyes. Artist: Everlone.,Rock,Everlone,,-0.30000000000000004,0.1499999999999999
956,Track: Indian Summer. Artist: end's not near.,Rock,end's not near,,-0.125,0.10000000000000009
957,Track: boss A. Artist: un automne à Lob-Nor.,Rock,un automne à Lob-Nor,,-0.55,-0.07499999999999996
958,Track: (Untitled 1). Artist: Trailblazer.,Rock,Trailblazer,,0.125,0.02499999999999991
959,Track: Indyair. Artist: springtide.,Rock,springtide,,0.30000000000000004,0.3500000000000001
960,Track: Helix Nebula. Artist: Anamanaguchi.,Rock,Anamanaguchi,,0.675,0.675
961,Track: Union Square. Artist: James Beaudreau.,Rock,James Beaudreau,,0.1499999999999999,0.125
962,Track: Rotting Heights. Artist: Ice Age.,Rock,Ice Age,,0.6000000000000001,-0.4
964,Track: Driftin' Around. Artist: J.Walker & The Crossguards.,Rock,J.Walker & The Crossguards,,0.6499999999999999,0.5
967,Track: I Had A Dream. Artist: Daniel Johnston.,Rock,Daniel Johnston,,-0.55,-0.1499999999999999
968,Track: Bar Trombone. Artist: Abe Sada-Black.,Rock,Abe Sada-Black,,-0.30000000000000004,-0.44999999999999996
970,Track: The Pharaos' Theme. Artist: Pharaos.,Rock,Pharaos,,0.3999999999999999,0.3999999999999999
973,Track: Swagg's & Elliot. Artist: Mount Carmel.,Rock,Mount Carmel,,0.375,-0.10000000000000009
974,Track: Crucial Contact. Artist: Karl Blau.,Rock,Karl Blau,,-0.2250000000000001,-0.19999999999999996
976,Track: Merry Christmas. Artist: Glass Boy.,Rock,Glass Boy,,0.30000000000000004,0.2250000000000001
977,Track: Suck City. Artist: Black Math.,Rock,Black Math,,0.575,-0.375
978,Track: Absolutely Gorgeous. Artist: krackatoa.,Rock,krackatoa,,0.675,0.2749999999999999
979,Track: Deck the Halls. Artist: Rue Royale.,Rock,Rue Royale,,-0.475,0.125
980,Track: Tell The Police The Truth. Artist: Mahjongg.,Rock,Mahjongg,,0.19999999999999996,-0.17500000000000004
981,Track: Bottums Up. Artist: Morphamish.,Rock,Morphamish,,0.42500000000000004,0.3999999999999999
983,Track: Tripped & Fell In Love (instrumental). Artist: YACHT.,Rock,YACHT,,-0.050000000000000044,0.32499999999999996
985,Track: Zebra (Live @ KEXP). Artist: Beach House.,Rock,Beach House,,-0.275,0.2749999999999999
986,Track: Girl. Artist: Suicide.,Rock,Suicide,,0.19999999999999996,-0.125
987,Track: Hit and Run. Artist: Jack Ruby.,Rock,Jack Ruby,,0.32499999999999996,-0.35
988,Track: The Pull. Artist: Bluebrain.,Rock,Bluebrain,,0.10000000000000009,0.2250000000000001
989,Track: piste quatre. Artist: Vespre.,Rock,Vespre,,0.32499999999999996,0.3500000000000001
990,Track: El Tranvía. Artist: Jenifer Avila.,Rock,Jenifer Avila,,0.25,0.2749999999999999
991,Track: Moving Away. Artist: Moore & Sons.,Rock,Moore & Sons,,-0.475,-0.375
993,Track: Stance Gives You Power. Artist: Hogan Grip.,Rock,Hogan Grip,,-0.1499999999999999,-0.30000000000000004
994,Track: Engine #3 (Morphamish Remix). Artist: Morphamish remixes Full Blush.,Rock,Morphamish remixes Full Blush,,0.3999999999999999,0.07499999999999996
995,Track: Honte De Toi. Artist: Benjamin Bret.,Rock,Benjamin Bret,,-0.07499999999999996,-0.65
996,Track: Fireworks. Artist: Jahzzar.,Rock,Jahzzar,,0.25,0.42500000000000004
997,Track: Monster On Campus. Artist: Halloween.,Rock,Halloween,,0.3500000000000001,0.42500000000000004
999,Track: So Easy. Artist: Jahzzar.,Rock,Jahzzar,,-0.2250000000000001,0.2250000000000001
1000,Track: Single. Artist: Republic Of Lights-Got You Surrounded.,Rock,Republic Of Lights-Got You Surrounded,,0.44999999999999996,0.1499999999999999
1001,"Track: Weatherman. Artist: The Rope River Blues Band. Album: Smith Enjoys a Full Bush.. Listener tags: experimental, Avant-Garde, melancholy, love to death, Ivanhoe, czHit, my pleasuredome, oni pout, the Beowulfs choice.",Soulrb|Country|Folk|Pop|Experimental|Rock|Blues,The Rope River Blues Band,,-0.1499999999999999,-0.30000000000000004
1002,"Track: Wolf. Artist: Kidney Brothers (The Numbers Band). Album: Live on WFMU's The John Allen Show - December 11 2013. Listener tags: indie rock, indie, alternative, experimental, rock, TV on the radio, Avant-Garde, electronic, alternative rock, 00s, best of 2006, somafm, Bagel, post-punk, epic.",Blues|Soulrb|Rock,Kidney Brothers (The Numbers Band),,-0.125,-0.44999999999999996
1003,"Track: My My My. Artist: Samm Bennett. Album: Live on WFMU's Miniature Minotaurs with Kurt Gottschalk - November 11 2013. Listener tags: jazz, tony bennett, oldies, easy listening, swing, male vocalists, san francisco, 60s, lounge, crooners, jazzyscrooners, Lisaaubs, crooner, love songs, romantic.",Blues|Soulrb|Folk|Experimental,Samm Bennett,,0.07499999999999996,-0.42500000000000004
1004,"Track: Visitor. Artist: The Rope River Blues Band. Album: The Rope River Blues Band. Listener tags: indie, rock, alternative, post-rock, trippy, texas, Love this song, duyster, silent intensity, what goes on around here.",Soulrb|Country|Folk|Pop|Rock|Blues,The Rope River Blues Band,,-0.30000000000000004,-0.07499999999999996
1005,"Track: Summer. Artist: Brother JT. Album: Live on WFMU's Zzzzzzero Hour with Bill Mac - August 10 ' 2013. Listener tags: classic rock, blues, Janis Joplin, rock, 60s, psychedelic, blues rock, female vocalists, Psychedelic Rock, hippie, summertime, Acid Rock, san francisco 60s, oldies, Love.",Blues|Soulrb|Rock,Brother JT,,0.10000000000000009,0.02499999999999991
1006,"Track: The Window. Artist: Wildbirds and Peacedrums. Album: Live at WFMU on Trouble's Show on 6/19/2008. Listener tags: folk, indie, lovely, indie folk, h0leinmys0ul, melancholy, deep, Awesome, morning calm, blue songs, chilled, tantotempotaste, acoustic, indie rock, slow.",Blues|Soulrb,Wildbirds and Peacedrums,,-0.10000000000000009,-0.1499999999999999
1007,"Track: Doubt/Hope. Artist: Wildbirds and Peacedrums. Album: Live at WFMU on Trouble's Show on 6/19/2008. Listener tags: Pretty music for pretty people, something about dancing like a moron, smile glow, 2009, actually several kinds of brilliant, this is the music i want to dance to, dear song: I will stop sleeping for you, songs that make me want to run around with bubbles, harmonicas or handclaps or cheering or whistling or ukuleles or banjos or accordians or xylophones, hey song youre so fucking cute, involuntary movement of body parts, I Will Possess Your Heart, lets fall in love and run away from here, seen in 2009, Lehigh Valley Community Public Radio.",Blues|Soulrb,Wildbirds and Peacedrums,,0.050000000000000044,0.10000000000000009
1008,"Track: Warm's The New Cool. Artist: Brother JT. Album: Live on WFMU's Zzzzzzero Hour with Bill Mac - August 10 ' 2013. Listener tags: politics, Love, cool, political, clap, crock, handclaps, Meltdown, claps, kindness, dnp, psychedelphia, greater psychedelphia, Whos Got The Clap.",Blues|Soulrb|Rock,Brother JT,,0.25,0.10000000000000009
1009,"Track: Please Don't Go. Artist: Big Bill Broonzy. Album: Baby. Listener tags: blues, acoustic blues, delta blues, harmonica, harmonica blues, Love it, BLUEZZZ, Big joe williams, Old Blues, 30s, country blues, june 2006 berep tag pre1960s treasures, true blues, lonely nights screaming silence away, Baby Please Dont Go.",Soulrb|Blues,Big Bill Broonzy,,-0.375,-0.32499999999999996
1010,"Track: Bad Trip. Artist: The Relatives. Album: Live at the Bell House. Listener tags: jazz, dark ambient, doom jazz, dark jazz, 9 pour cent, drugged and doped according to stretchead, experimental, horror jazz, chillout, hardcore, drone, wish list, 2009.",Blues|Soulrb|Rock,The Relatives,,0.375,0.375
1011,"Track: The Eight. Artist: Cooper-Moore & Assif Tsahar. Album: tells untold. Listener tags: new wave, post-punk, 2005, 00s, 2000s, rock, alternative, indie rock, My Favorites, bunnymen heaven, tiresome and banal music.",Soulrb|Blues,Cooper-Moore & Assif Tsahar,,-0.125,-0.5
1012,"Track: Baltimore Raven. Artist: Little Howlin' Wolf. Album: Brave Nu World. Listener tags: Baltimore, maryland, animals, places, cities.",Soulrb|Blues,Little Howlin' Wolf,,-0.17500000000000004,-0.525
1013,"Track: Untitled 3. Artist: Loren Connors and Bill Orcutt. Album: NATCH 8. Listener tags: ambient, experimental.",Soulrb|Blues,Loren Connors and Bill Orcutt,,-0.44999999999999996,-0.375
1014,"Track: Down in the Dumps. Artist: Nobody's Bizness. Album: Ao Vivo Na Capela da Misericórdia. Listener tags: blues, acoustic.",Soulrb|Blues,Nobody's Bizness,,-0.02499999999999991,-0.125
1015,"Track: Good 'ol Shoe. Artist: Patchwork on the Blues. Album: netBloc Vol. 01: The Opening Salvo. Listener tags: moses r n b rock n roll, moses rock.",Soulrb|Blues,Patchwork on the Blues,,0.2250000000000001,0.32499999999999996
1016,"Track: Lost Love. Artist: Wildbirds and Peacedrums. Album: Live at WFMU on Trouble's Show on 6/19/2008. Listener tags: metalcore, deathcore, death metal, screamo, amazing, alternative, darkwave, saw live, bring me the horizon, love lost.",Blues|Soulrb,Wildbirds and Peacedrums,,-0.42500000000000004,-0.775
1017,"Track: Hare. Artist: James Beaudreau. Album: Java St. Bagatelles (WBR 01). Listener tags: could we please sing this together, folk, singer-songwriter, hares, keele folk club, KEXP Song of the Day, male and female duet, tortoises, 2008, foxes, reptiles, I like this, contemporary folk, animals, male vocals.",Soulrb|Blues|Experimental|Rock,James Beaudreau,,-0.2250000000000001,-0.30000000000000004
1018,"Track: Nebula. Artist: James Beaudreau. Album: Java St. Bagatelles (WBR 01). Listener tags: Soundtrack, movie music great action cues, 80s, Soundtracks, symphonic, favourite tracks, film score, Star Trek, cinema.",Soulrb|Blues|Experimental|Rock,James Beaudreau,,-0.32499999999999996,-0.625
1019,"Track: Plum. Artist: James Beaudreau. Album: Java St. Bagatelles (WBR 01). Listener tags: jazz, female vocalists.",Soulrb|Blues|Experimental|Rock,James Beaudreau,,-0.17500000000000004,-0.55
1020,"Track: magic magic. Artist: Mr. & Mrs. Smith. Album: Uncertain Gravity. Listener tags: alternative rock, alternative, rock, punk rock, pop punk, emo, Angels And Airwaves, space rock, 00s, happy, Love, punk, Awesome, indie, Music that makes me happy.",Soulrb|Blues|Folk,Mr. & Mrs. Smith,,-0.4,-0.625
1021,"Track: The Lurker. Artist: Steve Gunn. Album: Live at Café OTO (Tusk Weekend). Listener tags: folk, singer-songwriter, 21st century folk, less than 100, radio as i want it, less than 50, less than 30, yet another 4.",Blues|Soulrb|Folk,Steve Gunn,,0.30000000000000004,-0.050000000000000044
1022,"Track: Sirens. Artist: Mr. & Mrs. Smith. Album: A Collector's Guidebook. Listener tags: alternative rock, rock, Angels And Airwaves, indie rock, feel good, alternative, punk rock, tom delonge, dance rock, pop punk, indie, ava, space rock, favorite songs, Love.",Soulrb|Blues|Folk,Mr. & Mrs. Smith,,-0.42500000000000004,-0.42500000000000004
1023,"Track: Paris. Artist: Mr. & Mrs. Smith. Album: A Collector's Guidebook. Listener tags: hip hop, that shit cray, rap, Hip-Hop, PARRIS, best of 2011, i, jay-z, Kanye West, collaborations, 2011, Energetic, my fucking jam, luved, GREATEST EVER.",Soulrb|Blues|Folk,Mr. & Mrs. Smith,,-0.525,-0.675
1024,"Track: St James Infirmary. Artist: Roger McGuinn. Album: Folk Den Project. Listener tags: rock, folk.",Soulrb|Blues|Folk,Roger McGuinn,,-0.44999999999999996,-0.525
1025,Track: Willie Meehan. Artist: Barrence Whitfield and The Savages. Album: Live on WFMU's Cherry Blossom Clinic Dec 3rd 2011. Listener tags: Garage Rock.,Blues|Soulrb|Rock,Barrence Whitfield and The Savages,,0.02499999999999991,0.2749999999999999
1026,"Track: with Love. Artist: Mr. & Mrs. Smith. Album: From Holly. Listener tags: Do you wanna?, 60s, classic rock, Fleetwood Mac, rock, christine mcvie, folk-rock, pop, cover, Stevie Nicks, do you wanna dance, folk pop, danny kirwan, 30 Strand Grass, folk.",Soulrb|Blues|Folk|Experimental,Mr. & Mrs. Smith,,-0.32499999999999996,-0.55
1027,"Track: Thyme. Artist: The New Mystikal Troubadours. Album: Second Spring. Listener tags: 60s, classic rock, folk rock, 1960s, rock, folk, lovedbybeyondwithin, Titanium Salvia Lapis Lazuli, folk-rock, cover, foxes harmonies, my love in the hills, wild mountain flowers, Mellow, psychedelic.",Soulrb|Blues|Folk|Experimental,The New Mystikal Troubadours,,-0.10000000000000009,-0.30000000000000004
1028,"Track: Summer's Song. Artist: The New Mystikal Troubadours. Album: The New Mystikal Troubadours. Listener tags: indie rock, alternative, pop punk, rock, singer-songwriter, piano rock, emo, catchy, male vocalist, the rocket summer, Favourites, pop- punk, yeaaa, summer night-stereo up-windows down, whats so wrong with pop punk anyway.",Soulrb|Blues|Folk|Experimental,The New Mystikal Troubadours,,-0.125,-0.050000000000000044
1029,Track: Big Ole Bear. Artist: Little Howlin' Wolf. Album: Brave Nu World. Listener tags: animals.,Blues|Soulrb,Little Howlin' Wolf,,-0.275,-0.125
1030,"Track: There Is No Light. Artist: Wildbirds and Peacedrums. Album: Live at WFMU on Trouble's Show on 6/19/2008. Listener tags: freak folk, jazz, folk, alternative, experimental, female vocalists, drums, weird, wild, new find, glorious noise, best of 2009, thereisnolight.",Blues|Soulrb,Wildbirds and Peacedrums,,0.17500000000000004,0.050000000000000044
1031,"Track: I. Artist: The New Mystikal Troubadours. Album: Joplin Tape No. 1. Listener tags: rock, indie, indie rock, alternative, alternative rock, The Killers, favorites, 00s, Killers, american, Awesome, pop, catchy, epic, indie pop.",Soulrb|Blues|Folk|Experimental|Rock,The New Mystikal Troubadours,,-0.050000000000000044,0.0
1032,"Track: Bury the Dead. Artist: The Agrarians. Album: All Patrol the Alchemist. Listener tags: thrash metal, death metal, Melodic Death Metal, metal, Swedish Metal, thrash, The Haunted, bury your dead, metalcore, 718 Metal, deathgrind, 5-star, brutal, Extreme Metal, Trash.",Soulrb|Blues|Folk|Experimental|Rock,The Agrarians,,-0.42500000000000004,-0.2250000000000001
1033,"Track: Copenhagen. Artist: The New Mystikal Troubadours. Album: III. Listener tags: electronic, the knife, swedish, electro, ambient, Soundtrack, electronica, dark, Down, Fever, Avantgarde Pop, foreing, K1MO likes, The Knife - Girls Night Out, uovertruffent.",Soulrb|Blues|Folk|Experimental|Rock,The New Mystikal Troubadours,,0.07499999999999996,0.1499999999999999
1034,"Track: Farewell Song. Artist: The Agrarians. Album: A Body Through the Day. Listener tags: Melodic Death Metal, death metal, swedish, Sweden, melodeath, Death-Black Metal, swedish melodic death, new true.",Soulrb|Blues|Folk|Experimental|Rock,The Agrarians,,-0.42500000000000004,-0.55
1035,"Track: A Little Soul. Artist: The KrestArians. Album: KrestArians' 45. Listener tags: jazz, funk, acid jazz, lounge, ambient, downtempo, chill, Lo-Fi, dbugrooves.",Soulrb|Blues|Folk|Pop|Experimental|Rock,The KrestArians,,-0.17500000000000004,-0.19999999999999996
1036,"Track: Merry Gentlemen. Artist: The KrestArians. Album: God Rest Ye. Listener tags: christmas, Christmas tag, Tinsel, soul, Christmas Songs, play1.",Soulrb|Blues|Folk|Pop|Experimental|Rock,The KrestArians,,-0.050000000000000044,-0.5
1037,"Track: Many Many. Artist: Fit and the Conniptions. Album: Sweet Sister Starlight. Listener tags: rock, alternative rock, alternative, jack white, amazing, indie rock, 00s, Garage Rock, blues, Songs that make me want to strip down to my underwear and sing in front of a mirror using a hairbrush for a microphone, 2008, rock alternative alternative rock indie rock, blues rock, indie, Southern Rock.",Soulrb|Blues|Folk|Rock,Fit and the Conniptions,,0.0,-0.1499999999999999
1038,"Track: Spider Song. Artist: Fit and the Conniptions. Album: Sweet Sister Starlight. Listener tags: indie, indie rock, alternative rock, rock, alternative, pop, Psychedelic Rock, emo, 1999, Roctronik, Experimental Rock, indie pop, experimental, instrumental, The Flaming Lips.",Soulrb|Blues|Folk|Rock,Fit and the Conniptions,,0.0,-0.2250000000000001
1039,"Track: Spellbound. Artist: Fit and the Conniptions. Album: Sweet Sister Starlight. Listener tags: post-punk, new wave, 80s, goth, Gothic, Gothic Rock, female vocalists, punk, alternative, somafm, Bagel, british, Siouxsie and the Banshees, darkwave, 77davez-all-tracks.",Soulrb|Blues|Folk|Rock,Fit and the Conniptions,,0.32499999999999996,-0.10000000000000009
1040,"Track: Storm's Over. Artist: Fit and the Conniptions. Album: Bless Your Heart. Listener tags: rnb, RB, this is probably one of the best songs out there, american, jazzysrnbsoulmale, the storm is over now, hip hop, pop, jazzysrnbpop, gospel choir, jazzyslovedrnbsoul, soul, gospel, the strom is over now, soul choeur.",Soulrb|Blues|Folk|Rock,Fit and the Conniptions,,0.30000000000000004,0.07499999999999996
1041,"Track: You Can't Lose. Artist: Fit and the Conniptions. Album: Bless Your Heart. Listener tags: Southern Rock, classic rock, rock, blues, 70s, hard rock, blues rock, cant lose what you never had, The Alman Brothers Band, tag 4, to add, 5 h, JCC Tags, loved on lastfm, awesome slides.",Soulrb|Blues|Folk|Rock,Fit and the Conniptions,,0.1499999999999999,0.10000000000000009
1042,"Track: Virginia. Artist: Jeremy Wallace. Album: Live on Irwin's show on WFMU 8/19/2009. Listener tags: indie, chamber pop, singer songwriter, male vocal, places, intellipop, Jeremy Messersmith.",Blues|Country|Soulrb|Folk,Jeremy Wallace,,0.0,-0.17500000000000004
1043,"Track: Bracken Bed. Artist: Malty Media. Album: netBloc Vol. 11: The Raw and the Cooked. Listener tags: ambient, electronica, downtempo, jazz fusion.",Soulrb|Blues|International|Electronic,Malty Media,,-0.02499999999999991,0.0
1044,"Track: Thinking Of You. Artist: Cantonement Jazz Band. Album: blissblood.com. Listener tags: rock, 70s, british, mandolin, Mike Oldfield.",Soulrb|Blues|Jazz,Cantonement Jazz Band,,0.5249999999999999,0.2749999999999999
1045,"Track: Russian Dance. Artist: Yair Yona. Album: Official Bootleg #3. Listener tags: guitar, american primitive, folk pop, mantric acoustic.",Soulrb|Blues|Jazz|Folk,Yair Yona,,-0.1499999999999999,-0.475
1046,"Track: Someday Soon. Artist: Joe Marson and The Satisfied Mind. Album: FrostWire Creative Commons Mixtape Volume 4. Listener tags: classic rock, Psychedelic Rock, psychedelic, 60s, The Doors, rock, mellow sounds, songs for seducing the ladies, paranoic, hip hop sample, amazing piano, piano love, legends of rock, jim morrison, psych rock.",Soulrb|Blues|Pop|Rock,Joe Marson and The Satisfied Mind,,0.1499999999999999,0.0
1047,"Track: Blues For Brownie. Artist: Colin Shaddick & Roger Nicholls. Album: Radiate Joy. Listener tags: blues, acoustic, harmonica, delta blues, Blues Tag, altparty.",Soulrb|Blues|Pop|Rock,Colin Shaddick & Roger Nicholls,,0.07499999999999996,-0.1499999999999999
1048,"Track: Escape. Artist: Break The Bans. Album: We Don't Care If You Love Us Or Not. Listener tags: pop, gwen stefani, female vocalists, dance, rnb, fun, female, party, 00s, rock, happy, the sweet escape, Hip-Hop, american, alternative.",Soulrb|Blues|Rock,Break The Bans,,0.0,0.42500000000000004
1049,"Track: Hey Girl. Artist: Break The Bans. Album: Okay! Okay!. Listener tags: electronic, dance, techno, electronica, big beat, 90s, House, The Chemical Brothers, british, party, electro, club, trance, alternative, trip-hop.",Soulrb|Blues|Rock,Break The Bans,,0.07499999999999996,0.42500000000000004
1050,"Track: Amsterdam. Artist: Guitar Lightnin Lee and His Thunder Band. Album: Guitar Lightnin Lee and His Thunder Band on Three Chord Monte 2/16/11. Listener tags: indie, indie pop, swedish, pop, indie rock, alternative, amsterdam, summer, scandinavian, 00s, whistling, Awesome, chill, peter bjorn and john, rock.",Soulrb|Blues|Rock,Guitar Lightnin Lee and His Thunder Band,,0.25,0.19999999999999996
1051,"Track: return. Artist: The Re-Stoned. Album: Vermel. Listener tags: classic rock, Psychedelic Rock, rock, 60s, guitar, jimi hendrix, psychedelic, wrif-fm, blues rock, hard rock, blues, guitar virtuoso, Acid Rock, classic, Guitar Solo.",Soulrb|Blues|Rock,The Re-Stoned,,0.050000000000000044,0.07499999999999996
1052,"Track: jam. Artist: The Re-Stoned. Album: Vermel. Listener tags: 80s, mod, rock, new wave, british, punk, indie, The jam, alternative, classic rock, 1982, mod revival, britpop, punk rock, dance.",Soulrb|Blues|Rock,The Re-Stoned,,0.125,0.3999999999999999
1053,"Track: Breathe. Artist: Sound Of Ground. Album: Green Turning Light. Listener tags: screamo, electronic, powerpop, FUCKING AWESOME, electronica, rawr, im the type of person to take it personal, Altar of the Metal Gods Power Metal, Altar of the Metal Gods Ambient Metal, Altar of the Metal Gods Black Metal, Altar of the Metal Gods Death Metal, Altar of the Metal Gods Doom Metal, Altar of the Metal Gods Drone Metal, Altar of the Metal Gods Epic Metal, Altar of the Metal Gods Thrash Metal.",Soulrb|Blues|Rock,Sound Of Ground,,-0.125,0.32499999999999996
1054,"Track: Lover. Artist: Break The Bans. Album: We Don't Care If You Love Us Or Not. Listener tags: british, indie, female vocalists, indie pop, alternative, Florence and The Machine, Good Stuff, pop, thats algright, indie rock, Ceremonials, rock, epic, energy, vontade de sair gritando na rua.",Soulrb|Blues|Rock,Break The Bans,,-0.32499999999999996,0.32499999999999996
1055,"Track: Sexy Lady. Artist: Break The Bans. Album: We Don't Care If You Love Us Or Not. Listener tags: comedy, funny, satire, fun, quirky, leapsandsongoftheday, leapsandloved, just plain silly, uni, altpop, parody, New Zealand, rnb, folk, leapsandsotd.",Soulrb|Blues|Rock,Break The Bans,,-0.32499999999999996,0.32499999999999996
1056,"Track: Frozen Souls. Artist: Navel. Album: Frozen Souls. Listener tags: garagerock, rock, Grunge, punk, hard rock, alt, hardcore punk, fuzz, freemp3, best indiesongs 2008, sxsw 2009.",Soulrb|Blues|Rock,Navel,,-0.19999999999999996,0.0
1057,"Track: Shelter Between Sky and Ground. Artist: Sound Of Ground. Album: Green Turning Light. Listener tags: desert rock, Stoner Rock, stoner, Sludge, russian, rock, Southern Rock, Southern metal, stoner metal, moscow.",Soulrb|Blues|Rock,Sound Of Ground,,-0.07499999999999996,0.5249999999999999
1058,"Track: Camino Infinito. Artist: Sound Of Ground. Album: Green Turning Light. Listener tags: Stoner Rock, stoner, desert rock, rock, russian, Southern Rock, Sludge, Southern metal, stoner metal, moscow.",Soulrb|Blues|Rock,Sound Of Ground,,-0.25,0.19999999999999996
1059,"Track: Green Turning Light. Artist: Sound Of Ground. Album: Green Turning Light. Listener tags: Stoner Rock, desert rock, stoner metal, rock, Southern Rock, Sludge, russian, Southern metal, moscow.",Soulrb|Blues|Rock,Sound Of Ground,,-0.07499999999999996,0.625
1060,"Track: Gay Bar. Artist: Break The Bans. Album: Okay! Okay!. Listener tags: country, country punk, BossHoss, alternative, cover, juggling, The Bosshoss - stallion battalion, rar44.",Soulrb|Blues|Rock,Break The Bans,,0.050000000000000044,0.2749999999999999
1061,"Track: Bodacious. Artist: mojo monkeys. Album: Blessings & Curses. Listener tags: rock, Southern Rock, country, strong, Sons of Anarchy, tungt06-.",Soulrb|Blues|Rock,mojo monkeys,,0.375,0.30000000000000004
1062,"Track: Fever. Artist: Zombie Prom Queen. Album: Stone Cold and Gray. Listener tags: ambient, folk, dream pop, female vocalists, Dreamy.",Soulrb|Blues|Rock,Zombie Prom Queen,,-0.2250000000000001,-0.17500000000000004
1063,"Track: sleeping world. Artist: The Re-Stoned. Album: Vermel. Listener tags: post-hardcore, screamo, 00s, 10 of 10 stars.",Soulrb|Blues|Rock,The Re-Stoned,,0.050000000000000044,0.3500000000000001
1064,"Track: Love Machine. Artist: Beans & Bullets. Album: Beans & Bullets. Listener tags: movie soundtrack, The Great Gatsby.",Soulrb|Blues|Rock,Beans & Bullets,,0.050000000000000044,0.5249999999999999
1065,"Track: mountain giant. Artist: The Re-Stoned. Album: Vermel. Listener tags: folk, Song for.",Soulrb|Blues|Rock,The Re-Stoned,,0.25,0.3500000000000001
1066,"Track: Life After Sundown. Artist: Glass Candy. Album: The Sick Sound of.... Listener tags: synthpop, electropop, Disco, electronic, electro, Radio, death disco, Italo Disco, loved, chill, female vocalists, funk, tanzmaschine, nice, dark disco.",Soulrb,Glass Candy,,0.2749999999999999,0.125
1067,"Track: Tender. Artist: BJ Block & Dawn Pemberton. Album: The Land of Make Believe. Listener tags: jazz, jazz vocal, ella and louis, louis armstrong, ella louis jazz, 2giveme5, oldies, Billie Ella Duke Louis, Ella Fitzgerald and Armstrong, Ella Fitzgerald and Louis Armstrong - Tenderly, Ella, romantic, vocal jazz, armstrong, duets.",Soulrb,BJ Block & Dawn Pemberton,,-0.25,-0.4
1068,"Track: Without You. Artist: BJ Block & Dawn Pemberton. Album: The Land of Make Believe. Listener tags: cover, female vocalists, indie, too cute, folk, songs that make you feel you1re getting over it, smooth and easy, great cover, chill, for a really bad day, cute, zooey deschanel, mood: melancholy, flower power baby, sugarsweet plinkelplankel.",Soulrb,BJ Block & Dawn Pemberton,,0.2250000000000001,0.07499999999999996
1069,"Track: Hurt. Artist: Glass Candy. Album: Demos 31 ' 37. Listener tags: blues, delta blues, Old Blues, candy man, Classic Blues, folk, kattis hall of fame, mississippi john hurt, elmolewis42, june 2006 berep tag pre1960s treasures, blues men, blue blues, Blues Tag, country blues, acoustic blues.",Soulrb,Glass Candy,,-0.17500000000000004,0.1499999999999999
1070,"Track: The Chameleon. Artist: Glass Candy. Album: Demos June 2003. Listener tags: electro, electronic, Disco, Italo Disco, glitter and joy, p6dramaja, dance q, synth you been gone, club misfits, cwdb - electro, italo-disco lunar module, my gang 09, svindl, deep-clash, deepclash.",Soulrb,Glass Candy,,0.050000000000000044,0.19999999999999996
1071,"Track: Jellyfish. Artist: The Discoghosts. Album: BAD. Listener tags: psychedelic, electronic, experimental, electronica, the future sound of london, Upbeat Singing, colgado, formusic, ElectronicaDance, mmmmeh, bungle junk, Jellyfish, fsol, damn, Sounds good.",Soulrb,The Discoghosts,,0.375,0.07499999999999996
1072,"Track: Monsterdance (feat. Hasi International™). Artist: The Discoghosts. Album: BAD. Listener tags: rap, electronic, chill, Disco, spooky, clubbing, elektro, upfree24, the discoghosts, discoghosts, up it up, tracky birthday, tracky, upitup, monster.",Soulrb,The Discoghosts,,0.32499999999999996,0.125
1073,"Track: Sunshine. Artist: Dr Freebs. Album: C3S :: Ignition Mix. Listener tags: trance, electronic, techno, dance, 90s, drivingfast, elektronische Tanzmusik, electronic soundz, isla blanca revival, love parade, dance-evergreens, hzaj300509, westbam, rettichumsonst, bbl1.",Soulrb,Dr Freebs,,0.050000000000000044,-0.30000000000000004
1074,"Track: For The Ladies (feat. Hasi International™). Artist: The Discoghosts. Album: BAD. Listener tags: groovy, electronic, WTF This is crap, discoghosts, no thank you, UTTER BOLLOCKS, up it up, tracky birthday, tracky, upitup, Birthday, Disco, party, dance, rap.",Soulrb,The Discoghosts,,0.44999999999999996,0.3500000000000001
1075,"Track: Balla!. Artist: Tracky Birthday. Album: Animal Audition. Listener tags: upfree26, animal audition, up it up, trackybirthday, tracky birthday, tracky, upitup, geekcore, satirical, free, Birthday, Disco, fresh, germany, party.",Soulrb,Tracky Birthday,,0.3500000000000001,0.3999999999999999
1076,"Track: Straight But Gayish. Artist: The Discoghosts. Album: BAD. Listener tags: rap, House, dance, party, upfree24, the discoghosts, happy-go-go-go, discoghosts, up it up, gayish, tracky birthday, tracky, upitup, clubbing, Birthday.",Soulrb,The Discoghosts,,0.25,0.0
1077,"Track: Happy Joy. Artist: The Discoghosts. Album: BAD. Listener tags: upfree24, the discoghosts, discoghosts, up it up, tracky birthday, tracky, upitup, joy, Birthday, Disco, happy, club, party, slow, rap.",Soulrb,The Discoghosts,,0.3500000000000001,-0.050000000000000044
1078,"Track: Eöööhh! (with The Discoghosts). Artist: Tracky Birthday. Album: Animal Audition. Listener tags: the discoghosts, upfree26, animal audition, discoghosts, up it up, trackybirthday, tracky birthday, tracky, upitup, free, Birthday, Disco, Awesome, party, dance.",Soulrb,Tracky Birthday,,0.44999999999999996,0.25
1079,"Track: Goin' Down to the Bus Stop. Artist: T Bird. Album: Best Of Breitband Vol. 4. Listener tags: funky, soul, funk, groovy, underground hip-hop, creative commons, netlabel, hip hop, Hip-Hop, alternative rap, p-funk, alternative hip-hop, texas.",Soulrb,T Bird,,0.4750000000000001,0.1499999999999999
1080,"Track: Newish Disco. Artist: Tracky Birthday. Album: Animal Audition. Listener tags: funky, instrumental, dance, party, fresh, Disco, Birthday, upitup, tracky, newish, tracky birthday, trackybirthday, up it up.",Soulrb,Tracky Birthday,,0.25,0.0
1081,"Track: Kill The Messenger. Artist: Karl Blau. Album: Dance Positive. Listener tags: funky, indie, dance, Lo-Fi, epic, download, Love it, 100, raggedy pleasure.",Soulrb,Karl Blau,,0.0,-0.375
1082,"Track: Sugar &amp; Whitebread (instrumental). Artist: Glass Candy. Album: Iko. Listener tags: female vocalist, jazz funk, Night Sounds, gotta get up to get down, synthpop, balearic, nu-disco, blingtacular.",Soulrb,Glass Candy,,0.42500000000000004,0.3500000000000001
1083,"Track: Sugar &amp; Whitebread. Artist: Glass Candy. Album: Iko. Listener tags: electronic, synthpop, electro, female vocalists, Disco, Am I Big Or Am I Small, dans schwede dans, iwaffle - march mix.",Soulrb,Glass Candy,,0.2749999999999999,0.3999999999999999
1084,"Track: something. Artist: airtone. Album: ccMixter. Listener tags: 8 of 10 stars, creative commons, cchits.",Soulrb,airtone,,0.02499999999999991,-0.4
1085,"Track: Good. Artist: Podington Bear. Album: Party. Listener tags: indie, dream pop, ambient, nice, folk, Low, beautiful, psychedelic, relaxing, singer-songwriter, new york, experimental, indie folk, -experimental-, sad.",Soulrb|Electronic,Podington Bear,,0.2749999999999999,0.050000000000000044
1086,"Track: Work the Middle. Artist: Andrea. Album: Bedtime Stories EP. Listener tags: breasts and vagina, sweet pussy, i would like to spend an afternoon rubbing her breasts with warm mineral oil, i would explore that hole, masturbation fodder, vagina and breasts, feminine cavern of love, soft and moist, this has genitalia, smell of female, sugar walls, erectric, boner inducing, vaginal, Moist.",Soulrb|Electronic,Andrea,,0.2250000000000001,-0.17500000000000004
1087,"Track: drugs and Russian girls. Artist: Nambavan. Album: Sex. Listener tags: Foto 9x12, russian, electronic, Disco, blip blop, weirdomusic, wm recordings.",Soulrb|Electronic,Nambavan,,0.25,0.3500000000000001
1088,"Track: Five Nine Seven Eight. Artist: Virt. Album: FM FUNK MADDNESS!!. Listener tags: chiptune, electrofunk, chip funk.",Soulrb|Electronic,Virt,,0.575,0.3999999999999999
1089,"Track: Ignition. Artist: Bomb Boy. Album: FM FUNK MADDNESS!!. Listener tags: Set, GO!, chiptune, electrofunk, chip funk.",Soulrb|Electronic,Bomb Boy,,0.3500000000000001,0.3999999999999999
1090,"Track: drugs and Russian girls. Artist: Nambavan. Album: Sex. Listener tags: Galaxy love, electronic, russian, vocoder.",Soulrb|Electronic,Nambavan,,0.1499999999999999,0.3999999999999999
1091,"Track: drugs and Russian girls. Artist: Nambavan. Album: Sex. Listener tags: Rebenok, russian, weirdomusic, wm recordings.",Soulrb|Electronic,Nambavan,,0.17500000000000004,0.19999999999999996
1092,"Track: drugs and Russian girls. Artist: Nambavan. Album: Sex. Listener tags: Babu po ebalu, Electroclash, electro, geht nach vorne.",Soulrb|Electronic,Nambavan,,0.19999999999999996,0.32499999999999996
1093,"Track: The Day Before. Artist: Spiedkiks. Album: Take Off Your Make Up. Listener tags: creative commons, ccmixter.",Soulrb|Electronic,Spiedkiks,,0.19999999999999996,0.25
1094,"Track: Endorphemeral. Artist: Zabutom. Album: FM FUNK MADDNESS!!. Listener tags: chiptune, electrofunk.",Soulrb|Electronic,Zabutom,,0.3500000000000001,0.32499999999999996
1095,"Track: Ripple Boogie. Artist: Simon Stålenhag. Album: FM FUNK MADDNESS!!. Listener tags: chiptune, electrofunk.",Soulrb|Electronic,Simon Stålenhag,,0.30000000000000004,0.30000000000000004
1096,"Track: Pendulum II. Artist: hizmi. Album: FM FUNK MADDNESS!!. Listener tags: dnb, Drum n Bass.",Soulrb|Electronic,hizmi,,-0.30000000000000004,-0.35
1097,"Track: Oskari the Heimfanker. Artist: Madbrain. Album: FM FUNK MADDNESS!!. Listener tags: chiptune, electrofunk.",Soulrb|Electronic,Madbrain,,0.125,0.10000000000000009
1098,"Track: V.S.O.P.M.. Artist: Shogun. Album: FM FUNK MADDNESS!!. Listener tags: chiptune, electrofunk.",Soulrb|Electronic,Shogun,,0.44999999999999996,0.32499999999999996
1099,"Track: Victory. Artist: Smoked Meat Fax Machine. Album: Low Mileage Lease EP. Listener tags: Lo-Fi, Psychedelic Rock, indie rock, Experimental Rock, experimental, psychedelic, indie, Avant-Garde, bizarre, Acapella, LSD, wonderful strange, christian alexander tietgen, h und m, whiffer unbound.",Soulrb|Electronic|Rock,Smoked Meat Fax Machine,,0.17500000000000004,0.2250000000000001
1100,"Track: Slums of Heaven. Artist: Smoked Meat Fax Machine. Album: Slums of Heaven. Listener tags: funk, electronic, dance, idm.",Soulrb|Electronic|Rock,Smoked Meat Fax Machine,,0.32499999999999996,0.1499999999999999
1101,"Track: Part 1. Artist: The Vainglories. Album: The Visitor. Listener tags: indie, indie rock, electronic, alternative rock, rock, amayzes loved, indie pop, alternative, pop, trip-hop, 00s, robotronika, ambient, doctor who, New faves.",Classical|Experimental|Electronic,The Vainglories,,-0.32499999999999996,-0.65
1102,"Track: Smile. Artist: Kosta T. Album: Art by Isterika. Listener tags: easy listening, 70s, pop, romantic, male vocalists, Barry Manilow, oldies, soft rock, love songs, cant smile without you, singer-songwriter, vocal, manilow, smooth, Hellboy.",Classical|Instrumental|Folk|Experimental,Kosta T,,-0.675,-0.125
1103,"Track: Colorado. Artist: Podington Bear. Album: Solo Instruments. Listener tags: geography, hypnotic, amayzes loved, transcendent, 77davez-all-tracks, psychedelic, beautiful, davaho53, folk, experimental, mysterious, Favorite, cute, nix partly, Dreamy.",Classical|Experimental|Electronic,Podington Bear,,-0.35,-0.375
1104,"Track: FOR YOU. Artist: Jared C. Balogh. Album: A Compilation From Compilations Of Compositions. Listener tags: acoustic, singer-songwriter, folk, Mellow, indie, alexi murdoch, chill, guitar, Love, beautiful, chillout, song for you, relax, indie folk, favorites.",Classical|Jazz|Experimental,Jared C. Balogh,,-0.19999999999999996,-0.1499999999999999
1105,"Track: Second. Artist: The New York Underground Orchestra (Conducted By Assif Tsahar). Album: Fragments. Listener tags: 60s, rock, classic rock, The Beatles, pop, british, beatles, john lennon, british invasion, oldies, 1963, ringo starr, george harrison, paul mccartney, pop rock.",Classical|Experimental,The New York Underground Orchestra (Conducted By Assif Tsahar),,-0.30000000000000004,-0.32499999999999996
1106,"Track: Third. Artist: The New York Underground Orchestra (Conducted By Assif Tsahar). Album: Fragments. Listener tags: Psychedelic Rock, rock, classic rock, psychedelic, 60s, jimi hendrix, space rock, Acid Rock, the jimi hendrix experience, blues rock, experimental, instrumental, guitar, american, taurefave.",Classical|Experimental,The New York Underground Orchestra (Conducted By Assif Tsahar),,-0.5,-0.275
1107,"Track: Solitude. Artist: Assif Tsahar's Project Solitude. Album: Solitude. Listener tags: Bagel, somafm, Psychedelic Rock, psychedelic, indie rock, rock, indie, lizvelrene2010, alternative, perfect lyrics, cool, experimental, pop, 2010s, midtempo.",Classical|Experimental,Assif Tsahar's Project Solitude,,-0.5,-0.44999999999999996
1108,"Track: Cantique de Jean Racine (Gabriel Fauré). Artist: Les Petits Chanteurs de Montigny. Album: Compilation classique. Listener tags: Classical, choral, romantic, faure, french, classic, beautiful, classical music, keep Racine Canticle slighty treacly, Clasica, sacred music, vocal, reqiuems, late romantic, Klassik.",Classical,Les Petits Chanteurs de Montigny,,-0.050000000000000044,-0.32499999999999996
1109,"Track: Kyoto. Artist: Nest. Album: Nest. Listener tags: ambient, instrumental, later that night according to stretchead, melancholic, acoustic, gimme sum friends04, gimme sum friends, experimental, dark folk, meditative, sire-1zkx, atmospheric, Eremuse - neurometallico, hiccupslow, flupke1omg.",Classical|Experimental|Electronic,Nest,,-0.19999999999999996,-0.65
1110,"Track: Heroines. Artist: Diablo Swing Orchestra. Album: netBloc Vol. 24: tiuqottigeloot. Listener tags: Avant-garde Metal, symphonic metal, Progressive metal, Operatic Metal, metal, Female fronted metal, Avant-Garde, jazz metal, symphonic, Avantgarde Metal, jazzysymphonicmetal, female vocalists, rock, cello, diablo swing orchestra.",Classical|Jazz|International|Rock,Diablo Swing Orchestra,,0.02499999999999991,0.10000000000000009
1111,"Track: Old New World. Artist: No Regrets For Our Youth. Album: No Regrets For Our Youth. Listener tags: indie, folk, singer-songwriter, alternative, Bright Eyes, folk rock, beautiful, 21st century, 00s, 2005, indie rock, emo, emotional, folk-rock, acoustic.",Classical|Experimental,No Regrets For Our Youth,,-0.44999999999999996,-0.525
1112,"Track: Steady. Artist: No Regrets For Our Youth. Album: No Regrets For Our Youth. Listener tags: rock, ska, female vocalists, pop, No Doubt, reggae, alternative, Love, chill, Mellow, chillout, christian alexander tietgen, favorites, rocksteady, cute.",Classical|Experimental,No Regrets For Our Youth,,-0.475,-0.675
1113,"Track: Dance. Artist: No Regrets For Our Youth. Album: No Regrets For Our Youth. Listener tags: jazz, swing, michael buble, easy listening, male vocalists, Canadian, romantic, vocal jazz, pop, Big Band, smooth, cover, Love, save the last dance for me, love songs.",Classical|Experimental,No Regrets For Our Youth,,-0.4,-0.5
1114,"Track: Marefjellet. Artist: Nest. Album: Nest. Listener tags: ambient, atmospheric, instrumental, neofolk, piano, rustycanuckambient, dark ambient, Eremuse-loved-3, acoustic, neo-folk, rcg-bbcgloves, Meditation, Eremuse-BOLLE DANZANTI, ambient acoustic, dark folk.",Classical|Experimental|Electronic,Nest,,-0.4,-0.42500000000000004
1115,"Track: Amen. Artist: The Tudor Consort. Album: Stabat Mater - Domenico Scarlatti. Listener tags: indie, indie rock, surf rock, Surf, alternative, lizvelrene2010, summer, guitar pop, the drums, indie pop, dance, rock, 2010, songs that i will still be listening to in a billion years, post-punk.",Classical,The Tudor Consort,,-0.1499999999999999,-0.275
1116,"Track: If. Artist: Peter Rudenko. Album: 15 Etudes. Listener tags: folk, 60s, folk rock, Protest, 1962, best of 1962, music for the revolution, feel good, peter poul and mary if i had a hammer, 5 Stars, political, singer-songwriter, loved, 60's, rel-yr:1962.",Classical,Peter Rudenko,,0.17500000000000004,-0.5
1117,"Track: Part 3. Artist: The Vainglories. Album: The Visitor. Listener tags: funk, funky, groove, jazz, Roguesch0lar-loved, afro armpit funk, JazzyFunkaDelic, Afro Armpit Funk-, funky lounge, Quantic, breaks, Electro-Jazz, 2003, soul, groovy.",Classical|Experimental|Electronic,The Vainglories,,-0.19999999999999996,-0.4
1118,"Track: Lodge. Artist: Nest. Album: Nest. Listener tags: ambient, piano, finnish, melancholy, neo-folk, instrumental, melancholic, peace, peaceful, relaxing, neoclassical, quiet, minimal, gundamed, silence.",Classical|Experimental|Electronic,Nest,,-0.25,-0.775
1119,"Track: Waiting. Artist: Peter Rudenko. Album: 15 Etudes. Listener tags: dance, House, remix, electronic, club, top 40, California, dj, Red Hot Chili Peppers, My dance tracks, Top 40 Dance, music producer, waiting for, 211 techno, 2007.",Classical,Peter Rudenko,,-0.4,-0.725
1120,"Track: Cad Goddeu. Artist: Nest. Album: Nest. Listener tags: ambient, instrumental, finnish, dark folk, dark ambient, chillout, Eremuse-loved-3, neofolk, Eremuse - ESP 2, piano, classical music, Atmosphere, Kellplanet, mystic, symphonic classic.",Classical|Experimental|Electronic,Nest,,-0.4,-0.55
1121,"Track: Charlotte. Artist: Nest. Album: Nest. Listener tags: ambient, piano, instrumental, finnish, neo-folk, Eremuse-loved-3, neofolk, experimental, melancholic, cinematic, calm, Eremuse - Cambiamento di stato, beautiful, Eremuse - neurometallico, new age.",Classical|Experimental|Electronic,Nest,,-0.275,-0.675
1122,"Track: O Little Town Of Bethlehem. Artist: IKOS David Clifton with the choirs of Peterborough Cathedral. Album: Christmas Carols And Songs. Listener tags: christmas, Weihnachten, Christmas carols, Jul, jazzysxmas, Christmas Songs, xmas, ljx-18, christmas spirit, listened, classic Christmas, Christmas Music, easy listening, Navidad, natale.",Classical,IKOS David Clifton with the choirs of Peterborough Cathedral,,0.44999999999999996,0.10000000000000009
1123,"Track: ROSE. Artist: Jared C. Balogh. Album: Chaotic-Life-Fin. Listener tags: chanson francaise, chanson, french, Butterfly Mornings, oldies, pop, perficta, franchuta, balida, Gilbert Becaud, french songs, Chansons, Frenchm, Beelloved, beautiful.",Classical|Jazz,Jared C. Balogh,,-0.475,-0.475
1124,"Track: Part 1. Artist: David Borden. Album: The Continuing Story of Counterpoint. Listener tags: rock, 80s, classic rock, alternative, 1980s, Progressive rock, post-punk, new wave, proto-punk, david bowie, glam rock, glam, 1980, japanese, poetry reading.",Classical|Experimental|Electronic,David Borden,,0.10000000000000009,0.02499999999999991
1125,"Track: MAY. Artist: Jared C. Balogh. Album: Revitalized Eyes. Listener tags: singer-songwriter, indie, Melanie C, mature pop, pop, british, Spice Girls, 00s, Solo Spice, all of my songs, pop rock, rock, alternative, female vocalists, Love.",Classical|Jazz|Experimental,Jared C. Balogh,,-0.02499999999999991,-0.5
1126,"Track: Trace. Artist: No Regrets For Our Youth. Album: No Regrets For Our Youth. Listener tags: lee ranaldo, alternative rock, Sonic Youth, experimental, lee, jaded, alternative, post-punk, twisting, genius, 90s, great singer, Left of the Dial, beautiful melodies, great text.",Classical|Experimental,No Regrets For Our Youth,,-0.275,-0.44999999999999996
1127,"Track: Love Is. Artist: Assif Tsahar's Project Solitude. Album: Solitude. Listener tags: darkwave, ethereal, Gothic, female vocalists, Eremuse-loved-3, EthelRaven, layofnienna, she wants revenge, kuhl, avantgarde, Leipzig, outofmind, neoclassical, Gothic-Ethereal-4AD, topfemalevoices.",Classical|Experimental,Assif Tsahar's Project Solitude,,-0.4,-0.5
1128,"Track: Dreams. Artist: Lee Maddeford. Album: An Astral Fable. Listener tags: duets, 60s, oldies, female vocalists, duet, classic rock, 1968, pop, Dream, gh fgh, pleasant, roadtrip, lush ladies, toooo blue, music for me.",Classical|Soulrb|Folk,Lee Maddeford,,-0.32499999999999996,-0.575
1129,"Track: In The Bleak Mid~Winter. Artist: IKOS David Clifton with the choirs of Peterborough Cathedral. Album: Christmas Carols And Songs. Listener tags: christmas, Sarah McLachlan, female vocalists, singer-songwriter, JCHRISTMAS, pop, holiday, rock, folk, female singer-songwriters, Words, 1800s, vocalists, carols, spokojne.",Classical,IKOS David Clifton with the choirs of Peterborough Cathedral,,-0.375,-0.65
1130,"Track: Part 2. Artist: The Vainglories. Album: The Visitor. Listener tags: indie rock, post-punk, Garage Punk, rock, femalevocalistsgdchill, alternative, Garage Rock, i hate the way you love, vvvvv, rok rok rok, get layd, snupin, hp fanfic soundtrack, organ radio, nicksroots.",Classical|Experimental|Electronic,The Vainglories,,-0.30000000000000004,-0.475
1131,"Track: Kyrie Eleison. Artist: The Tudor Consort. Album: Giovanni Animuccia: Missa Victimae Paschali Laudes. Listener tags: psychedelic, 60s, beyondwithins freekiest 60s, freekiest 60s, fealing high, PSYC GEM, turkish psych, easy rider, classic rock, Garage Rock, Psychedelic Rock, rock, my xmas, just mint, fantasy tarantino soundtrack.",Classical,The Tudor Consort,,-0.125,-0.4
1132,"Track: Benedictus. Artist: The Tudor Consort. Album: Giovanni Animuccia: Missa Victimae Paschali Laudes. Listener tags: choral, Sacred, choir, ws2010 - 22, orchestral, religious, Kirchenmusik-2, cristiana, bestone, religiosa, in latin, -classical-, The Priests, newbest, everbest.",Classical,The Tudor Consort,,-0.10000000000000009,-0.4
1133,"Track: Lontana. Artist: Fabrizio Paterlini. Album: Viandanze (EP). Listener tags: dolcemente sospesa, piano, contemporary classical, stretch that piano, italian, relaxing, 1111fh, Classical, #NAME?, Dreamy, lovedtrack, 11 rem 120801, gimme sum keys, qwerty101-loved piano, mark-test2.",Classical,Fabrizio Paterlini,,0.0,-0.65
1134,"Track: Fantasy. Artist: Podington Bear. Album: Tender. Listener tags: Owen Pallett, hm, comfort songs, so beautiful it hurts, songs I absolutely love, man beating a goat, most beautiful songs, f, dont, addictive, melancholy, Lo-Fi, freak folk, Favourites, remix.",Classical|Pop|Experimental|Electronic,Podington Bear,,-0.2250000000000001,-0.725
1135,"Track: Ever. Artist: Podington Bear. Album: Solo Instruments. Listener tags: experimental, freak folk, indie, New Weird America, Animal Collective, choclate girl, psych-folk, ways to feel better, catchiest ever written, squid cerebellum, tagset adamsaunders, liked, <3, 00s, good shit.",Classical|Experimental|Electronic,Podington Bear,,-0.475,-0.575
1136,"Track: May. Artist: Marcel Pequel. Album: 12 Months. Listener tags: gimme sum friends, solo piano, Instrumental piano, piano impromptu, gimme sum friends11, gimme sum solo piano, gimme sum friends10, finest new artists by schru, Schru Deja Vu, zeru, krautcold, zeru ta lur, ffmrclassical, ffmrpiano, thoughtful solo piano.",Classical|Experimental,Marcel Pequel,,-0.125,-0.4
1137,"Track: Learn. Artist: Steven Arntson. Album: Concertina Music 2005-2010. Listener tags: Meditation, new age, ambient, Meditation musik, For studying, meddditation, CHI TEA, relaxy, metamusic, study time, yoga, chillout, plumkanie, spacey, superlearning.",Classical|Folk,Steven Arntson,,-0.17500000000000004,-0.19999999999999996
1138,"Track: FIN. Artist: Jared C. Balogh. Album: Chaotic-Life-Fin. Listener tags: medieval, celtic, female vocalists, folk, ethereal and medieval, medieval folk, voice of the middle ages, bnai, non-english, stimme, mittelalter-folk, gothic folk, Mediaeval Baebes, listening, ethereal.",Classical|Jazz,Jared C. Balogh,,-0.1499999999999999,-0.32499999999999996
1139,Track: Aria. Artist: Kimiko Ishizaka. Album: The Open Goldberg Variations. Listener tags: barokowecuda.,Classical,Kimiko Ishizaka,,0.02499999999999991,-0.625
1140,"Track: Part 9. Artist: David Borden. Album: The Continuing Story of Counterpoint. Listener tags: Progressive rock, Pink Floyd, donkere kant van de maan, goed gevoel, sluitwell, HAIL HAIL HAIL, of of off, Willis, progressive psychadelia, favourite guitarist, Kings, Fullmoon, da band, UK Pop, acoustic.",Classical|Experimental|Electronic,David Borden,,0.2250000000000001,0.10000000000000009
1141,"Track: TEAR. Artist: Jared C. Balogh. Album: Catchy Pop Left. Listener tags: k-pop, C N Blue - Teardrops in the Rain, english, its nice, rock, ballads, Korean, Kpop, k-rock, sadness, First Time Hearing, JQT, CN Blue, cnblue, k-indi.",Classical|Jazz|Pop|Experimental,Jared C. Balogh,,-0.125,-0.35
1142,"Track: February. Artist: Marcel Pequel. Album: 12 Months. Listener tags: human ear, easy listening, punk, funk, electronic, piano, contemporary classical, minimal, neoclassical, rancid, piano solo, Bucket, 3rdear, ddohr, magicear.",Classical|Experimental,Marcel Pequel,,-0.44999999999999996,-0.725
1143,"Track: Trip. Artist: Lee Maddeford and Roland Vouilloz. Album: Cyclops. Listener tags: lyrics to learn from, Christian Rap, christian hip-hop, spiritual rap, gospel rap, holy rap, SilentAngel, rap, christian, excellent lyricism, educate yourself, real life rhymes, missionary flows, trip lee interlude.",Classical|Instrumental|Experimental|Spoken,Lee Maddeford and Roland Vouilloz,,-0.30000000000000004,0.02499999999999991
1144,Track: BWV 598: Pedal-Exercitium. Artist: James Kibbie. Album: Bach Organ Works: Other Free Works. Listener tags: Classical.,Classical,James Kibbie,,-0.32499999999999996,-0.10000000000000009
1145,"Track: Sanctus. Artist: The Tudor Consort. Album: Giovanni Animuccia: Missa Victimae Paschali Laudes. Listener tags: Psychedelic Rock, psychedelic, 60s, classic rock, lovedbybeyondwithin, Progressive rock, Psychedelia, gotanygoodmusic, halftoned singles club, US Psych, olspur, catolic, nonlame christian, spiritual psych.",Classical,The Tudor Consort,,-0.07499999999999996,-0.65
1146,"Track: Duet for Violin and Piano. Artist: Muhal Richard Abrams. Album: The Visibility of Thought. Listener tags: mpsvdloved, jazz, piano, contemporary classical, Classical, chicago, violin, jazz piano, 00s, jazz instrumental, contemporary jazz, 21st century, contemporary classical and jazz, Lepposaa.",Classical|Jazz,Muhal Richard Abrams,,-0.6,-0.4
1147,"Track: Valentina. Artist: Lanark. Album: My Russian Bride. Listener tags: repeat, pop, electronic, beautiful, darkwave, dark, FUCKING AWESOME, witch, like it, lullaby, dark electronica, luv luv luv, fabfuckintastic, witch house.",Classical|International|Experimental|Electronic,Lanark,,-0.10000000000000009,-0.35
1148,"Track: El transcurrir de las horas. Artist: Bosques de mi Mente. Album: Nueve días de invierno. Listener tags: instrumental, piano, post-rock, beautiful, sweet, brilliant, lovely, Beautiful Song, dreamland, The Breath of the Universe, beautifulstranger, dear god the world is beautiful, pure aural bliss.",Classical|Instrumental|Experimental,Bosques de mi Mente,,-0.4,-0.5
1149,"Track: Viandanze. Artist: Fabrizio Paterlini. Album: Viandanze (EP). Listener tags: stretch that piano, piano, contemporary classical, Classical, ambient, italian, contemplative, departs, broderick vs, qwerty101-loved piano, flupke1omg, gimme sum keys, coin de repos-d.",Classical,Fabrizio Paterlini,,-0.25,-0.6
1150,"Track: Profondo Blu. Artist: Fabrizio Paterlini. Album: Viandanze (EP). Listener tags: piano, stretch that piano, ambient, italian, instrumental, Classical, solo piano, qwerty101-loved piano, contemporary classical, Irene, Italian Streamable, pleasant piano, thoughtful solo piano.",Classical,Fabrizio Paterlini,,-0.2250000000000001,-0.675
1151,"Track: O Fortuna. Artist: Dr. Phibes and The Ten Plagues of Egypt. Album: Carmina Burana. Listener tags: Classical, choral, Carmina Burana, again, orff, carl orff, scary classical, classic, symphonie, orchester, 201002, loved1306.",Classical|Experimental|Rock,Dr. Phibes and The Ten Plagues of Egypt,,0.0,0.1499999999999999
1152,"Track: Finale. Artist: Lee Maddeford. Album: Eros et Psyche. Listener tags: symphonic metal, fantasy, Classical, fantasy metal, Power metal, heavy metal, epic, neoclassical, epic metal, symphonic power metal, medieval metal, best of 2010.",Classical|International|Spoken,Lee Maddeford,,0.2749999999999999,0.1499999999999999
1153,"Track: The Fall. Artist: Peter Rudenko. Album: 15 Etudes. Listener tags: 80s, easy listening, soft rock, love songs, my favorite, songs that move me, rock, vocal, Pop Life, Bonum Discovers, The next time i fall.",Classical,Peter Rudenko,,-0.275,-0.625
1154,"Track: Mome. Artist: Lee Maddeford. Album: Eros et Psyche. Listener tags: soul, funk, jazz, slow, sad, 2000s, instrumental soul, funky, instrumental, soulful, chris.",Classical|International|Spoken,Lee Maddeford,,-0.275,-0.1499999999999999
1155,"Track: for String Quartet. Artist: Andrew Christopher Smith. Album: Wallace. Listener tags: Pizz, german, indie, deutsch, Hamburger Schule, male vocalists, food, deutschland, Name Droppers, songs involving names, hurricane festival 2008, hurricane 2008.",Classical,Andrew Christopher Smith,,-0.19999999999999996,-0.17500000000000004
1156,"Track: Tleilaxuburg5 Movement V. Artist: The Tleilaxu Music Machine. Album: TTMM Plays Bach: The Tleilaxuburg Concerto #5. Listener tags: electronic, baroque, instrumental, Classical, electronica, idm, breakcore, Avant-Garde, indie electronic, Bach.",Classical|Electronic,The Tleilaxu Music Machine,,0.5,0.1499999999999999
1157,"Track: Tleilaxuburg5 Movement IV. Artist: The Tleilaxu Music Machine. Album: TTMM Plays Bach: The Tleilaxuburg Concerto #5. Listener tags: electronic, idm, baroque, instrumental, Classical, electronica, breakcore, Avant-Garde, indie electronic, Bach.",Classical|Electronic,The Tleilaxu Music Machine,,0.4750000000000001,0.2749999999999999
1158,"Track: Tleilaxuburg5 Movement III. Artist: The Tleilaxu Music Machine. Album: TTMM Plays Bach: The Tleilaxuburg Concerto #5. Listener tags: electronic, baroque, instrumental, Classical, electronica, idm, breakcore, Avant-Garde, indie electronic, Bach.",Classical|Electronic,The Tleilaxu Music Machine,,0.30000000000000004,0.30000000000000004
1159,"Track: Tleilaxuburg5 Movement II. Artist: The Tleilaxu Music Machine. Album: TTMM Plays Bach: The Tleilaxuburg Concerto #5. Listener tags: electronic, baroque, instrumental, Classical, electronica, electronic-baroque, idm, breakcore, Avant-Garde, indie electronic.",Classical|Electronic,The Tleilaxu Music Machine,,0.19999999999999996,0.25
1160,"Track: Tleilaxuburg5 Movement I. Artist: The Tleilaxu Music Machine. Album: TTMM Plays Bach: The Tleilaxuburg Concerto #5. Listener tags: electronic, baroque, instrumental, Classical, electronica, Avant-Garde, electronic-baroque, idm, breakcore, indie electronic.",Classical|Electronic,The Tleilaxu Music Machine,,0.3500000000000001,0.10000000000000009
1161,"Track: Impression. Artist: Kosta T. Album: Informality. Listener tags: hip hop, spoken word, Hip-Hop, gangsta, Ice-T, bonobo, OG, icet, chill906.",Classical|Experimental,Kosta T,,-0.2250000000000001,-0.625
1162,"Track: Screen. Artist: Ventolyn & Becotyde. Album: Splitter. Listener tags: darkstep, Drum and bass, dark, neurofunk, hardstep, british, atmospheric, Drum n Bass.",Classical|Instrumental|Electronic,Ventolyn & Becotyde,,-0.35,-0.30000000000000004
1163,"Track: For Unto Us A Child Is Born. Artist: IKOS David Clifton with the choirs of Peterborough Cathedral. Album: Christmas Carols And Songs. Listener tags: christmas, JCHRISTMAS, holiday, contemporary christian, christian, carols, xmas, christmas christian.",Classical,IKOS David Clifton with the choirs of Peterborough Cathedral,,0.30000000000000004,0.07499999999999996
1164,"Track: January. Artist: Marcel Pequel. Album: 12 Months. Listener tags: piano, solo piano, gammarec, thoughtful solo piano, minimalist solo piano, pflueck, 265ooo.",Classical|Experimental,Marcel Pequel,,-0.35,-0.475
1165,"Track: posture. Artist: Ventolyn & Becotyde. Album: Splitter. Listener tags: ambient, new age, Meditation, yoga, ayurvedic healing, mind and body.",Classical|Instrumental|Electronic,Ventolyn & Becotyde,,-0.375,-0.55
1166,"Track: Open Door. Artist: E. R. Goodman. Album: Under the Lamp. Listener tags: punk, hardcore, crossover, thrash, hardcore punk, crossover thrash.",Classical|Country|Jazz|Folk|Experimental,E. R. Goodman,,-0.10000000000000009,-0.42500000000000004
1167,"Track: March. Artist: Marcel Pequel. Album: 12 Months. Listener tags: easy listening, punk, funk, electronic, minimal, rancid.",Classical|Experimental,Marcel Pequel,,-0.35,-0.55
1168,"Track: piano. Artist: Corey Cerovsek. Album: violin; Paavali Jumppanen. Listener tags: Selections, Spring 2011, Violin Sonata No. 5 in F Major, Op. 24 """"Spring"""" (Beethoven), piano, classical music, Classical, violin, romantic period.",Classical,Corey Cerovsek,,-0.1499999999999999,-0.42500000000000004
1169,"Track: Chopin Bee. Artist: Lanark. Album: The Preserving Machine. Listener tags: rock, electronic, obscure yet streamable tracks, 0c download, Play Direct From.",Classical|International|Experimental|Electronic,Lanark,,-0.275,-0.55
1170,"Track: other child room. Artist: Evgeny Grinko. Album: Cinematic Melodies EP. Listener tags: instrumental, minimalism, piano, clinically romantic, Contemporary.",Classical|Experimental,Evgeny Grinko,,-0.475,-0.725
1171,"Track: Crow. Artist: Podington Bear. Album: Solo Instruments. Listener tags: Mellow, folk, acoustic, piano.",Classical|Experimental|Electronic,Podington Bear,,-0.35,-0.775
1172,"Track: Morning. Artist: E. R. Goodman. Album: Under the Lamp. Listener tags: My Favourites, top dance, gdasfs, Ace of Base Stil.",Classical|Country|Jazz|Folk|Experimental,E. R. Goodman,,-0.275,-0.625
1173,"Track: Dream Time. Artist: John Moran. Album: Matthew in the School of Life. Listener tags: rock, classic rock, hard rock, singer-songwriter.",Classical|Spoken,John Moran,,-0.17500000000000004,-0.25
1174,"Track: Thinking Different Doing Same vs. Doing Different Thinking Same. Artist: No Regrets For Our Youth. Album: No Regrets For Our Youth. Listener tags: Fashion show, electronic, harp, beat.",Classical|Experimental,No Regrets For Our Youth,,-0.35,-0.42500000000000004
1175,"Track: Coincidence. Artist: Mandy Mozart Feat. Jiin Ko. Album: Art Of Anatomy. Listener tags: underground hip hop, True Hip Hop, STRICTLY FOR THE UNDERGOUND.",Classical|Electronic,Mandy Mozart Feat. Jiin Ko,,-0.32499999999999996,-0.4
1176,"Track: Bethlehem Down. Artist: IKOS David Clifton with the choirs of Peterborough Cathedral. Album: Christmas Carols And Songs. Listener tags: christmas, english, a cappella.",Classical,IKOS David Clifton with the choirs of Peterborough Cathedral,,-0.02499999999999991,-0.575
1177,"Track: Away In A Manger. Artist: IKOS David Clifton with the choirs of Peterborough Cathedral. Album: Christmas Carols And Songs. Listener tags: christmas, choir, aweihnachten.",Classical,IKOS David Clifton with the choirs of Peterborough Cathedral,,0.050000000000000044,-0.42500000000000004
1178,"Track: piano. Artist: Nicola Benedetti. Album: violin; Julien Quentin. Listener tags: Nicola Benedetti & Julien Quentin: Music from the Isabella Stewart Gardner Museum, Boston, Méditation from Thaïs, Ken Blacketer, contemporary classical, Klassiek.",Classical,Nicola Benedetti,,-0.02499999999999991,-0.125
1179,"Track: 28359840921=42. Artist: Evgeny Grinko. Album: Cinematic Melodies EP. Listener tags: piano, electronic, Avantgarde Pop.",Classical|Experimental,Evgeny Grinko,,-0.4,-0.2250000000000001
1180,"Track: La rencontre. Artist: Circus Marcus. Album: Moiteur d'une chaude nuit d'été. Listener tags: Eremuse - Royale mixture, Eremuse-loved-3.",Classical|Experimental,Circus Marcus,,-0.42500000000000004,-0.6
1181,"Track: Black Man. Artist: Lee Maddeford and Roland Vouilloz. Album: Cyclops. Listener tags: blues, freedom.",Classical|Instrumental|Experimental|Spoken,Lee Maddeford and Roland Vouilloz,,-0.32499999999999996,-0.1499999999999999
1182,"Track: Inside. Artist: Textile Audio. Album: The Pomegranate Cycle. Listener tags: ninja tune, Flowhop.",Classical|Electronic,Textile Audio,,-0.575,-0.7
1183,Track: BWV 591: Little Harmonic Labyrinth. Artist: James Kibbie. Album: Bach Organ Works: Other Free Works. Listener tags: Classical.,Classical,James Kibbie,,-0.32499999999999996,-0.44999999999999996
1184,"Track: Two. Artist: Marcel Pequel. Album: From One To Nine. Listener tags: techno, industrial.",Classical|Instrumental,Marcel Pequel,,-0.19999999999999996,-0.675
1185,"Track: BWV 590: Pastorale in F Major - 4. [Gigue. Artist: James Kibbie. Album: Bach Organ Works: Other Free Works. Listener tags: manualiter], Classical.",Classical,James Kibbie,,0.30000000000000004,-0.050000000000000044
1186,"Track: How The Soul Has Arrived At Understanding Of Her Nothingness. Artist: Jozef van Wissem. Album: A Priori. Listener tags: modern classical, lute.",Classical|Experimental,Jozef van Wissem,,-0.32499999999999996,-0.775
1187,Track: Cable. Artist: Ventolyn & Becotyde. Album: Splitter. Listener tags: Stoner Rock.,Classical|Instrumental|Electronic,Ventolyn & Becotyde,,-0.1499999999999999,-0.2250000000000001
1188,Track: Les accouplements répétitifs. Artist: Circus Marcus. Album: In Orbitas. Listener tags: piano.,Classical|Experimental,Circus Marcus,,-0.07499999999999996,-0.42500000000000004
1189,Track: La tragédie de la femme a poils. Artist: Circus Marcus. Album: In Orbitas. Listener tags: piano.,Classical|Experimental,Circus Marcus,,-0.050000000000000044,-0.44999999999999996
1190,Track: La chambre. Artist: Circus Marcus. Album: Moiteur d'une chaude nuit d'été. Listener tags: piano.,Classical|Experimental,Circus Marcus,,-0.375,-0.7
1191,Track: Sunset. Artist: Podington Bear. Album: Woodwinds. Listener tags: rock.,Classical|Instrumental|Pop|Experimental|Electronic,Podington Bear,,-0.1499999999999999,-0.6
1192,Track: Driving. Artist: E. R. Goodman. Album: Under the Lamp. Listener tags: Progressive rock.,Classical|Country|Jazz|Folk|Experimental,E. R. Goodman,,-0.32499999999999996,-0.525
1193,Track: Always Greener. Artist: E. R. Goodman. Album: Under the Lamp. Listener tags: badass bass.,Classical|Country|Jazz|Folk|Experimental,E. R. Goodman,,-0.1499999999999999,-0.275
1194,Track: Nothing. Artist: E. R. Goodman. Album: Under the Lamp. Listener tags: Hip-Hop.,Classical|Country|Jazz|Folk|Experimental,E. R. Goodman,,-0.4,-0.625
1195,Track: Sailing. Artist: Lee Maddeford and Roland Vouilloz. Album: Cyclops. Listener tags: blues.,Classical|Instrumental|Experimental|Spoken,Lee Maddeford and Roland Vouilloz,,-0.19999999999999996,-0.25
1196,Track: Free Me. Artist: Lee Maddeford and Roland Vouilloz. Album: Cyclops. Listener tags: motown.,Classical|Instrumental|Experimental|Spoken,Lee Maddeford and Roland Vouilloz,,-0.30000000000000004,-0.575
1197,Track: New Life. Artist: Kosta T. Album: Informality. Listener tags: hiphop.,Classical|Experimental,Kosta T,,-0.275,-0.55
1198,Track: Miroirs II Oiseaux Tristes. Artist: Felipe Sarro. Album: Ravel. Listener tags: m-ravel.,Classical,Felipe Sarro,,-0.375,-0.8
1199,Track: Punishment. Artist: Textile Audio. Album: The Pomegranate Cycle. Listener tags: I get traumatized.,Classical|Electronic,Textile Audio,,-0.125,-0.375
1200,"Track: BWV 590: Pastorale in F Major - 3. [Aria. Artist: James Kibbie. Album: Bach Organ Works: Other Free Works. Listener tags: manualiter], Classical.",Classical,James Kibbie,,-0.44999999999999996,-0.35
1201,"Track: Flowers. Artist: Shannon And The Clams. Album: Live at the WFMU Record Fair 2013. Listener tags: 2:31, experimental, psychedelic, indie, noise, Neo-Psychedelia, freak folk, beautiful, rock, if i could just leave my body for a night, post-rock, folk, american, epic, alternative.",Country|Rock,Shannon And The Clams,,0.25,0.125
1202,"Track: Friends. Artist: The Black Swans. Album: Phoning It In 04/12/07. Listener tags: classic rock, rock, 60s, pop, beatles, The Beatles, british, psychedelic, oldies, classic, ringo starr, 1967, pop rock, Psychedelic Rock, british invasion.",Country|Folk|Rock,The Black Swans,,-0.2250000000000001,-0.575
1203,"Track: Charlotte. Artist: The 'Mericans. Album: Phoning It In 10/19/06. Listener tags: new wave, 80s, post-punk, alternative, goth, The Cure, rock, dark wave, Gothic Rock, Gothic, darkwave, Post punk, british, dark, melancholy.",Country|Folk|Rock,The 'Mericans,,-0.25,-0.4
1204,"Track: One I Love. Artist: The Volebeats. Album: Hell Bent. Listener tags: 60s, pop, oldies, classic rock, folk, Fleetwood Mac, Mellow, rock, christine mcvie, psychedelic, Love, 1960s, 60s pop, folk rock, Dedicated To The One I Love.",Country,The Volebeats,,0.3999999999999999,0.125
1205,"Track: Bad News. Artist: The Pine Valley Cosmonauts - Alejandro Escovedo &amp; Jon Langford With Dave Alvin. Album: The Executioner's Last Songs: Volumes 2 &amp; 3. Listener tags: rock, alternative rock, Nick Cave, Nick Cave and the Bad Seeds, Post punk, 2008, singer-songwriter, great lyrics, australian, everything you do today tomorrow is obsolete, alternative, 00s, groovy, kitchen dance, post-punk.",Country,The Pine Valley Cosmonauts - Alejandro Escovedo &amp; Jon Langford With Dave Alvin,,0.25,0.17500000000000004
1206,"Track: One Big Holiday. Artist: My Morning Jacket. Album: The WIRED CD: Rip. Sample. Mash. Share.. Listener tags: rock, indie, Southern Rock, indie rock, alternative, alternative rock, My Morning Jacket, 00s, american, favorites, epic, Favorite, my morningjacket, house md, kentucky.",Country|Folk|Pop|Rock,My Morning Jacket,,0.02499999999999991,0.19999999999999996
1207,"Track: The swimming pool. Artist: LE CLUB DES CHATS. Album: Tasty as a little saussage. Listener tags: electro-pop, synthpop, indie, electronic, electropop, lounge, british, electro, recs I like, beautiful, boogie down, Electro Indie, 2009 singles, catchy, electronica.",Country|Pop,LE CLUB DES CHATS,,-0.07499999999999996,-0.4
1208,"Track: Hallelujah. Artist: Factories and Alleyways. Album: Canadiana. Listener tags: folk, indie, indie folk, adorable whimsy, pb blau-orange, Moptracks, The Head And The Heart, alternative, this weeks thrill, KEXP Song of the Day, best of 2011, Maybe, new, lovely, violin.",Country|Folk,Factories and Alleyways,,0.30000000000000004,-0.10000000000000009
1209,"Track: Cold Rain. Artist: Matt Valentine & Erika Elder. Album: Phoning It In 09/14/06. Listener tags: rock, 70s, CSNY, ballads, melodic rock, classic rock, geile Mucke, Obergeile Mucke, melancholy, folk, csn, folk rock, heavy weather, pretentious, haunting.",Country|Folk|Rock,Matt Valentine & Erika Elder,,-0.1499999999999999,-0.575
1210,"Track: Temporary Loan. Artist: Edith Frost. Album: Demos. Listener tags: folk, singer-songwriter, acousticindiefolk, indie folk, folk-delica, m3g, soft, indie, sjofn, female vocalists, beautiful, Mellow, acoustic, peggy, edith frost.",Country|Folk|Rock,Edith Frost,,-0.30000000000000004,-0.65
1211,"Track: Rosalie. Artist: Alejandro Escovedo. Album: A Man Under The Influence. Listener tags: americana, Alt-country, singer-songwriter, Mellow, alejandro escovedo, rock, Romantica, slow dance, California, spanish, Love, dance, bobbyscdclub, soothing, austin.",Country|Folk,Alejandro Escovedo,,0.125,-0.07499999999999996
1212,"Track: One More Time. Artist: Alejandro Escovedo. Album: More Miles Than Money. Listener tags: marilynroxie, WTF EPIC, hungarys, sounds exactly like kate nash, Above the Fall of man, true friendship time, Rock Extremeno, antipas, brian culbertsen, cahtolic, i trust you, My sisters boyfriend sister, STRIGHT FROM THE HEART, baby koalas crying, joe faust is teh losers.",Country|Folk,Alejandro Escovedo,,-0.375,-0.575
1213,"Track: Walk on the Fire. Artist: Edith Frost. Album: Demos. Listener tags: singer-songwriter, acousticindiefolk, folk, Mellow, folk-delica, indie folk, soft, Lo-Fi, lovedbybeyondwithin, alternative, acoustic, beautiful, female vocalists, m3g, indie.",Country|Folk|Rock,Edith Frost,,-0.475,-0.55
1214,"Track: Nothin' But Nothin'. Artist: Rex Hobart &amp; the Misery Boys. Album: Forever Always Ends. Listener tags: country, clint black, classic country, perchachi, favorites, Brems Tagg radio, My Country, Colorado Classic, pernat, 5 times or less, my favorite, Favourite Songs, make a cd, billboard country number ones, love it cindrella 3.",Country,Rex Hobart &amp; the Misery Boys,,0.30000000000000004,0.07499999999999996
1215,"Track: We Plant Trees. Artist: The Cracker Cats. Album: Hi and Ho. Listener tags: Middle of Nowhere, pop, female vocalist, Selena Gomez, heartbroken, female vocalists, Faz ela se sentir como uma diva, when the sun goes down, beautiful, summer, amazing, dance, FUCKING AWESOME, makes me sing, the best song.",Country|Folk|Pop,The Cracker Cats,,0.30000000000000004,0.1499999999999999
1216,"Track: More Man. Artist: The Meat Purveyors. Album: More Songs About Buildings And Cows. Listener tags: Mechanical Technocracy, electronic, big beat, Soundtrack, bigbeat, Prodigy, techno, electronica, industrial, electro, rockin, dark, rapcore, Grumpys, Awesome Soundtracks.",Country,The Meat Purveyors,,0.125,0.07499999999999996
1217,"Track: Wonder Wonder. Artist: Edith Frost. Album: Demos. Listener tags: singer-songwriter, folk, acousticindiefolk, Mellow, folk-delica, female vocalists, indie folk, indieacousticfolk, soft, acoustic, beautiful, melancholy, sjofn, peggy, ooo.",Country|Folk|Rock,Edith Frost,,-0.275,-0.6
1218,"Track: Off The Trail. Artist: The 'Mericans. Album: Phoning It In 10/19/06. Listener tags: metalcore, screamo, post-hardcore, hardcore, Christian Metalcore, metal, Mosh, christian, moshcore, experimental, The Devil Wears Prada, just music, Christian Hardcore OR Gods Music, post hardcore, favorites.",Country|Folk|Rock,The 'Mericans,,-0.275,-0.2250000000000001
1219,"Track: Pony Song. Artist: Edith Frost. Album: Demos. Listener tags: acousticindiefolk, folk-delica, folk, singer-songwriter, Mellow, indie, m3g, softmellow, acoustic, Alt-country, acoustic-indie-folk, coolandwarm, chillout, country, indie133.",Country|Folk|Rock,Edith Frost,,-0.17500000000000004,-0.7
1220,"Track: Who. Artist: Edith Frost. Album: Demos. Listener tags: singer-songwriter, acousticindiefolk, folk-delica, folk, Mellow, Lo-Fi, sjofn, indie folk, m3g, mountain mission, indie133, peggy honeywell, ooo, acoustic, indie.",Country|Folk|Rock,Edith Frost,,-0.35,-0.7
1221,"Track: Hanged Man. Artist: The Meat Purveyors. Album: Someday Soon Things Will Be Much Worse!. Listener tags: darkwave, Gothic, goth, electronica, dark electro, The Cruxshadows, the cruexshadows, I like, dark, Gothic Rock, synth, electronic, my marilyn, arnd, 19:43.",Country,The Meat Purveyors,,0.10000000000000009,0.07499999999999996
1222,"Track: The Burden. Artist: Matt Valentine & Erika Elder. Album: Phoning It In 09/14/06. Listener tags: rock, alternative, Mellow, beautiful, California, 00s, wutk, Keifer Sutherland, itlow, My Absolute Faves, simply delicious, dobro, male vocalist, male vocalists, underrated.",Country|Folk|Rock,Matt Valentine & Erika Elder,,-0.2250000000000001,-0.44999999999999996
1223,"Track: California. Artist: Golden Boys. Album: Live at WFMU on the Cherry Blossom Clinic ' 9-22-12. Listener tags: 60s, oldies, pop, classic rock, rock, California, Surf, Beach Boys, surf rock, summer, american, Rock Roll, The Beach Boys, places, happy.",Country|Rock,Golden Boys,,-0.10000000000000009,0.1499999999999999
1224,"Track: Morgenstern. Artist: Boris & Olivier. Album: Holiday On. Listener tags: candy flavor, ElectglitchdubhoP, synthop, Homeys Slip-Cube Shindy, easy listening, Homeys Slip Cube Shindy, post-revolutionary pop song, psychoalgie, chillout, uzzis, kocham lubie szanuje, indietronical, ambient, deutscher Indie, synthetic pleasures.",Country|Electronic,Boris & Olivier,,0.30000000000000004,0.44999999999999996
1225,"Track: Earth. Artist: Two Prong. Album: Good V. Bad. Listener tags: epic, massive, absolutely wonderful, instrumental, no vocal, prince of persia, Lokomotiv Yaroslavl, Lara-Loved, protestorsoftheearth, listen when depressed, bands that help me stay alive, Trailer Music, monumental, Masterpiece, FUCKING AWESOME.",Country|Folk|Rock,Two Prong,,-0.4,-0.10000000000000009
1226,"Track: East Mountain Joint. Artist: Matt Valentine & Erika Elder. Album: Phoning It In 09/14/06. Listener tags: discover, smokey, New Weird America, psychedelic, experimental, good, summer, style, neo-psychedelic, loved, space pop, prda, and if the snow buries my neighbourhood and if my parents are crying then i will dig a tunnel from my window to yours, MVand EE east mountain joint, Devendra loves me.",Country|Folk|Rock,Matt Valentine & Erika Elder,,-0.275,-0.30000000000000004
1227,"Track: Trouble. Artist: Jimmy Cousins. Album: Crime Spree & the C.S.C.. Listener tags: blues, quiet storm, brass, 2, standard, Jimmy Witherspoon, trains, tim, Blues Blues Blues, 1, Rock Blues Jam Band Guitar God Classic Rock, groovy jazzy goodness, Slow electric blues rock, BLUEZZZ, trouble in mind fm.",Country|Soulrb|Pop,Jimmy Cousins,,-0.07499999999999996,0.17500000000000004
1228,"Track: Little Dog's Day. Artist: Glenn Jones. Album: Against Which the Sea Continually Beats. Listener tags: guitar, Fingerpicking, instrumental, freedom, songs about dogs, IndieFeed, american primitive, fingerstyle guitar, q3, dogs dogs dogs, dwars, tasty guitar licks and riffs, for: js-folk.",Country|Folk,Glenn Jones,,0.10000000000000009,-0.42500000000000004
1229,"Track: Circus Clown. Artist: The Meat Purveyors. Album: All Relationships are Doomed to Fail. Listener tags: dark cabaret, The Tiger Lillies, cabaret, alternative, Avant-Garde, loved, fresh far thoughts, british, 2001, Tiger Lillies, me under construction, the tiger lilies, circus songs.",Country,The Meat Purveyors,,0.050000000000000044,-0.17500000000000004
1230,"Track: One More Night. Artist: Mild Winter. Album: Phoning It In 06/19/08. Listener tags: dance, trance, electronic, pop, german, techno, electronica, club, female vocalists, eurodance, vocal trance, hands up.",Country|Folk|Rock,Mild Winter,,0.07499999999999996,-0.32499999999999996
1231,"Track: Moment. Artist: Jimmy Cousins. Album: City Sunsets. Listener tags: 80s, queer, male vocalists, cole porter, jazz, cover, 90s, streamable track wants, the word from, the word moment, the word this.",Country|Rock,Jimmy Cousins,,0.125,0.375
1232,"Track: Muleskinner. Artist: The Meat Purveyors. Album: Sweet in the Pants. Listener tags: psychobilly, rock, rockabilly, garage, gothabilly, top song radio, The Cramps, iwasrecommendedthis, Travisrecommends, RPNN, songs with animals in title.",Country,The Meat Purveyors,,0.4750000000000001,0.32499999999999996
1233,"Track: I Was Drunk. Artist: Alejandro Escovedo. Album: Bourbonitis Blues. Listener tags: Alt-country, rock, americana, singer-songwriter, drinking, Male voices, male vocalists, alcohol, Miscellaneous, backstreets, ArtistToKnow.",Country|Folk,Alejandro Escovedo,,0.125,-0.050000000000000044
1234,"Track: Almost. Artist: Stray Dogg. Album: Almost. Listener tags: soul, west coast, rap, Hip-Hop, gospel, amazing, Black, Bay Area, G-funk, gangster funk.",Country|Folk,Stray Dogg,,-0.10000000000000009,-0.5
1235,"Track: Red Red. Artist: Megan Jean and the Klay Family Band. Album: Live on WFMU with Irwin October 3 ' 2012. Listener tags: rock, alternative, Red Hot Chili Peppers, 90s, alternative rock, funk, Funk Rock, wrif-fm, favorites, classic rock, guitar, under the bridge, rhcp, american, Ballad.",Country,Megan Jean and the Klay Family Band,,-0.02499999999999991,0.19999999999999996
1236,"Track: Hope Is A Thing With Feathers. Artist: Trailer Bride. Album: Hope is a Thing with Feathers. Listener tags: country, americana, vocal, poetry, SAW, 21st century, dickinson, emo - or is it really, 2010s, 2011.",Country|Folk,Trailer Bride,,-0.125,-0.02499999999999991
1237,"Track: Soul. Artist: Stray Dogg. Album: Fire's Never Wrong. Listener tags: rap, hiphop, Hip-Hop, rnb, r&b, gangsta, Snoop Dogg, hip pop, good male.",Country|Folk,Stray Dogg,,-0.2250000000000001,-0.42500000000000004
1238,"Track: Landlord. Artist: Oakley Hall. Album: Second Guessing. Listener tags: Alt-country, indie, americana, Rock and Roll, fiddle, Rockin bluegrass, OAKLEY HALL, in with the new.",Country|Rock,Oakley Hall,,0.125,0.02499999999999991
1239,"Track: Pinetree Boogie. Artist: Th' Legendary Shack Shakers. Album: Cock A Doodle Don't. Listener tags: rockabilly, rock, psychobilly, psycho, slap bass, Honky Tonk, Pykoo, cockfight.",Country,Th' Legendary Shack Shakers,,0.32499999999999996,0.42500000000000004
1240,"Track: Broken Bottle. Artist: Alejandro Escovedo. Album: More Miles Than Money. Listener tags: rock, Alt-country, americana, singer-songwriter, relaxing, mexico, great lyrics, sad songs.",Country|Folk,Alejandro Escovedo,,-0.575,-0.6
1241,"Track: Break. Artist: Stray Dogg. Album: Almost. Listener tags: electronic, experimental, industrial, ebm, suck, Rock Electronico.",Country|Folk,Stray Dogg,,-0.2250000000000001,-0.32499999999999996
1242,"Track: Alabama Chicken. Artist: Sean Hayes. Album: Artsongs: Songs Inspired By Artists & Works of Art. Listener tags: mountain, Mellow, chillout, bluegrass, downtempo, relax.",Country|Folk,Sean Hayes,,-0.07499999999999996,-0.17500000000000004
1243,"Track: Hung Over. Artist: The Crevulators. Album: The Crevulators. Listener tags: summer, Cruising, drinking, Beach, Funky 16 Corners, treehorn.",Country|Rock,The Crevulators,,0.19999999999999996,0.17500000000000004
1244,"Track: Country Love. Artist: Benji Hughes. Album: Sargent Singles: Volume 2. Listener tags: Love, country, male vocals, Tennessee, states, geotagged.",Country|Rock,Benji Hughes,,-0.10000000000000009,-0.32499999999999996
1245,"Track: Look On Your Face. Artist: The Meat Purveyors. Album: Someday Soon Things Will Be Much Worse!. Listener tags: country, Alt-country, political, angry, Hell Yeah, sense of humor.",Country,The Meat Purveyors,,0.3500000000000001,0.07499999999999996
1246,"Track: Babe. Artist: Lee Maddeford. Album: Song Singles 1. Listener tags: old timey, temazo de tres pares de cojones, ochentera, tipejas, last man standing.",Country|Folk|Pop,Lee Maddeford,,-0.125,-0.475
1247,"Track: Bottle. Artist: Jimmy Cousins. Album: Crime Spree & the C.S.C.. Listener tags: jazz, swing, brownie mc ghee, memories, Swazz.",Country|Soulrb|Pop,Jimmy Cousins,,-0.1499999999999999,0.32499999999999996
1248,"Track: Prayer. Artist: Mild Winter. Album: Phoning It In 06/19/08. Listener tags: folk, 4ad, winter, nonesuch, 10s.",Country|Folk|Rock,Mild Winter,,-0.32499999999999996,-0.5
1249,"Track: Light of My Love. Artist: Oakley Hall. Album: Second Guessing. Listener tags: country, alternative, american, remember me, pay attention.",Country|Rock,Oakley Hall,,0.02499999999999991,0.1499999999999999
1250,"Track: Karpuzkafa 777. Artist: Hayvanlar Alemi. Album: 666. Listener tags: psychobilly, trance, alternative, turkish, hayvanlar alemi.",Country|International|Rock,Hayvanlar Alemi,,0.5,0.6000000000000001
1251,"Track: I'm going home. Artist: Lee Maddeford. Album: Song Singles 1. Listener tags: rock, guitar, blues, Rock and Roll.",Country|Folk|Pop,Lee Maddeford,,0.4750000000000001,0.32499999999999996
1252,"Track: O Cérebro do Morto. Artist: Dr. Frankenstein. Album: The Cursed Tapes. Listener tags: rock, Psychedelic Rock, Surf, psychedelic.",Country|Rock,Dr. Frankenstein,,0.050000000000000044,0.02499999999999991
1253,"Track: Our Mother The Mountain. Artist: Navel. Album: Vomiting. Listener tags: folk, cover, lovesong, mountain.",Country|Rock,Navel,,-0.2250000000000001,-0.5
1254,"Track: Help Me From My Brain. Artist: Th' Legendary Shack Shakers. Album: Cock A Doodle Don't. Listener tags: folk punk, psychobilly, rockabilly, teste programm.",Country,Th' Legendary Shack Shakers,,-0.07499999999999996,0.30000000000000004
1255,"Track: Don't Go. Artist: Stray Dogg. Album: Fire's Never Wrong. Listener tags: Hip-Hop, Snoop, kozak.",Country|Folk,Stray Dogg,,-0.4,-0.75
1256,"Track: Life Is Now. Artist: Factories and Alleyways. Album: Canadiana. Listener tags: nostalgic, psychodelic, bless the weather.",Country|Folk,Factories and Alleyways,,0.17500000000000004,0.125
1257,"Track: Four. Artist: Waylon Thornton. Album: New River Vol. 1. Listener tags: rock, country, pop.",Country|Instrumental|Folk,Waylon Thornton,,0.0,-0.30000000000000004
1258,"Track: Louie. Artist: Shannon And The Clams. Album: Live at the WFMU Record Fair 2013. Listener tags: 60s, oldies, classic rock, rock, Garage Rock, Rock and Roll, garage, mod, louie louie, rock n roll, pop, the kingsmen, american, male vocalists, 1963.",Country|Rock,Shannon And The Clams,,0.17500000000000004,0.1499999999999999
1259,"Track: Prisoner. Artist: Monk Turner + Fascinoma. Album: Emergency Songs. Listener tags: Meredith Monk, contemporary classical, Shit Hot.",Country|Pop,Monk Turner + Fascinoma,,-0.35,-0.55
1260,"Track: Anything You Want. Artist: The Crevulators. Album: The Crevulators. Listener tags: mod revival, modgdchill, mod.",Country|Rock,The Crevulators,,0.55,0.375
1261,"Track: Joe Tex. Artist: The Black Swans. Album: Phoning It In 04/12/07. Listener tags: songs about music, songs about famous people, the name game.",Country|Folk|Rock,The Black Swans,,-0.30000000000000004,-0.475
1262,"Track: Skinny White Girl. Artist: Trailer Bride. Album: Hope is a Thing with Feathers. Listener tags: country, alt country, bloodshot records.",Country|Folk,Trailer Bride,,-0.125,-0.050000000000000044
1263,"Track: Homicide. Artist: The Pine Valley Cosmonauts - Skid Marks With Sally Timms. Album: The Executioner's Last Songs: Volumes 2 &amp; 3. Listener tags: metalcore, hardcore, australian.",Country,The Pine Valley Cosmonauts - Skid Marks With Sally Timms,,0.19999999999999996,0.02499999999999991
1264,"Track: Where The Comet Falls. Artist: Al Duvall. Album: Recluses Unite. Listener tags: 8 of 10 stars, country, creative commons.",Country|Folk,Al Duvall,,-0.10000000000000009,-0.35
1265,"Track: Smoke Alarm. Artist: Carsie Blanton. Album: Idiot Heart. Listener tags: SXSW 2013, 8 of 10 stars.",Country|Folk|Pop,Carsie Blanton,,0.19999999999999996,0.125
1266,"Track: Ladies. Artist: Jimmy Cousins. Album: Crime Spree & the C.S.C.. Listener tags: soul, rhythm and blues.",Country|Soulrb|Pop,Jimmy Cousins,,0.1499999999999999,0.02499999999999991
1267,"Track: The Picket Line. Artist: Uke Stanza. Album: Pheasants Will Cross The Road/ The Very Thin Line. Listener tags: alternative, festive fifty.",Country|Folk,Uke Stanza,,-0.125,-0.32499999999999996
1268,"Track: A Geranium for Mano-A-Mano. Artist: Glenn Jones. Album: Barbecue Bob in Fishtown. Listener tags: guitar, american primitive.",Country|Folk,Glenn Jones,,0.07499999999999996,-0.32499999999999996
1269,"Track: The Hangman's Song. Artist: Pine Valley Cosmonauts W/ Puerto Muerto. Album: The Executioner's Last Songs: Volume One. Listener tags: indie, alternative.",Country,Pine Valley Cosmonauts W/ Puerto Muerto,,-0.375,-0.1499999999999999
1270,Track: Intro. Artist: Voodoo Puppets. Album: Well To Hell. Listener tags: alternative rock.,Country|Rock,Voodoo Puppets,,-0.10000000000000009,0.07499999999999996
1271,Track: Disappear. Artist: Stray Dogg. Album: Fire's Never Wrong. Listener tags: Favourite Songs.,Country|Folk,Stray Dogg,,-0.10000000000000009,-0.07499999999999996
1272,Track: Six. Artist: Waylon Thornton. Album: New River Vol. 1. Listener tags: outlaw country.,Country|Instrumental|Folk,Waylon Thornton,,-0.25,-0.44999999999999996
1273,Track: Blues. Artist: Colin Langenus. Album: X Members No Peddlers 1999. Listener tags: Soundtrack.,Country|Experimental|Rock,Colin Langenus,,-0.050000000000000044,0.1499999999999999
1274,Track: Es un crimen. Artist: Robo. Album: Fundacion Robo. Listener tags: cover.,Country,Robo,,0.25,0.10000000000000009
1275,Track: New Love. Artist: Wooden Ambulance. Album: Intersection. Listener tags: AMAZING COVER.,Country|Folk|Rock,Wooden Ambulance,,-0.375,-0.55
1276,Track: Storm. Artist: Noise Problems Selections. Album: NP50 Selections Vol.5. Listener tags: above the landscape.,Country|Pop,Noise Problems Selections,,-0.050000000000000044,0.125
1277,Track: Honest Truth. Artist: Carsie Blanton. Album: Idiot Heart. Listener tags: 8 of 10 stars.,Country|Folk|Pop,Carsie Blanton,,-0.525,-0.7
1278,Track: All We Got. Artist: Carsie Blanton. Album: Idiot Heart. Listener tags: 8 of 10 stars.,Country|Folk|Pop,Carsie Blanton,,0.02499999999999991,-0.2250000000000001
1279,Track: Monkey Tongue. Artist: The Moaners. Album: Live at WFMU on Joe Belock's Show on 3/25/2008. Listener tags: monkey.,Country|Rock,The Moaners,,0.1499999999999999,-0.19999999999999996
1280,Track: Idiot Heart. Artist: Carsie Blanton. Album: Idiot Heart. Listener tags: 8 of 10 stars.,Country|Folk|Pop,Carsie Blanton,,0.2250000000000001,0.10000000000000009
1281,Track: PARTING GLASS. Artist: Jason Shaw. Album: Audionautix: Acoustic. Listener tags: Christmas Music.,Country|Folk,Jason Shaw,,0.10000000000000009,-0.125
1282,Track: Nothing to Say. Artist: Colin L. Orchestra. Album: Good God. Listener tags: ska.,Country|Rock,Colin L. Orchestra,,0.44999999999999996,0.3500000000000001
1283,Track: Stream. Artist: Two Prong. Album: Sourcefrogs. Listener tags: bum bum.,Country|Pop|Rock,Two Prong,,-0.42500000000000004,0.050000000000000044
1284,Track: I can't help myself. Artist: Boris & Olivier. Album: Holiday On. Listener tags: rock.,Country|Electronic,Boris & Olivier,,0.32499999999999996,0.3999999999999999
1285,Track: Free Association. Artist: These Hills of Gold. Album: These Hills of Gold EP [HPR45-410]. Listener tags: intros.,Country|Pop|Rock,These Hills of Gold,,0.02499999999999991,-0.02499999999999991
1286,Track: Mason/Dixon. Artist: The 'Mericans. Album: Phoning It In 10/19/06. Listener tags: relax.,Country|Folk|Rock,The 'Mericans,,-0.30000000000000004,-0.5
1287,"Track: We Plant Trees. Artist: Alice Rose. Album: Hi and Ho. Listener tags: Lumberjack, femmes.",Country|Folk|Pop,Alice Rose,,-0.125,-0.17500000000000004
1288,"Track: We Plant Trees. Artist: Bill Crosson. Album: Hi and Ho. Listener tags: Blackfly, free download.",Country|Folk|Pop,Bill Crosson,,0.050000000000000044,-0.4
1289,Track: Fahey's Car. Artist: Glenn Jones. Album: This is the Wind That Blows it Out. Listener tags: american primitive.,Country|Folk,Glenn Jones,,0.0,-0.1499999999999999
1290,"Track: you got a broken heart. Artist: Dallas Kincaid. Album: If you're a heartbreaker. Listener tags: Petit Vodo, blues.",Country,Dallas Kincaid,,0.3999999999999999,0.3999999999999999
1291,Track: The Lark in the Clear Air. Artist: Shake That Little Foot. Album: Shake That Little Foot. Listener tags: animals.,Country|International,Shake That Little Foot,,-0.35,-0.625
1292,Track: Itchin' For You. Artist: Trailer Bride. Album: High Seas. Listener tags: country.,Country|Folk,Trailer Bride,,0.1499999999999999,0.050000000000000044
1293,Track: Too Many Snakes. Artist: Trailer Bride. Album: Whine de Lune. Listener tags: Alt-country.,Country|Folk,Trailer Bride,,0.17500000000000004,0.02499999999999991
1294,Track: Pasture. Artist: Trailer Bride. Album: Whine de Lune. Listener tags: Alt-country.,Country|Folk,Trailer Bride,,0.2250000000000001,0.125
1295,Track: 18 Wheels. Artist: Moonshine Willy. Album: Pecadores. Listener tags: country.,Country,Moonshine Willy,,0.4750000000000001,0.3500000000000001
1296,Track: Everybody Loves Me. Artist: Alejandro Escovedo. Album: Bourbonitis Blues. Listener tags: country.,Country|Folk,Alejandro Escovedo,,0.0,0.2250000000000001
1297,Track: Bury Me In Shellac. Artist: Al Duvall. Album: The Timid Mischief. Listener tags: banjo.,Country|Folk,Al Duvall,,-0.050000000000000044,-0.32499999999999996
1298,Track: Don't Wipe Your Face With Your Shirt. Artist: The Cornell Hurd Band. Album: The Bottle Let Me Down. Listener tags: humor.,Country|Spoken,The Cornell Hurd Band,,0.4750000000000001,0.1499999999999999
1299,Track: As They Are Blown Here And There. Artist: Protestant Work Ethic. Album: netBloc Vol. 11: The Raw and the Cooked. Listener tags: Indiepop Folk.,Country,Protestant Work Ethic,,-0.125,-0.07499999999999996
1300,Track: Five Against One. Artist: Al Duvall. Album: The Butler's Revenge. Listener tags: fun.,Country|Folk,Al Duvall,,0.25,-0.125
1301,"Track: Blow. Artist: Jupiter Makes Me Scream. Album: Converge. Listener tags: rock, alternative rock, hard rock, breaking benjamin, metal, Soundtrack, Halo, alternative, alternative metal, halo 2, Awesome, american, post-grunge, 00s, Nu Metal.",Electronic,Jupiter Makes Me Scream,,-0.1499999999999999,-0.55
1302,"Track: Picture. Artist: Jupiter Makes Me Scream. Album: Tuesday Morning Huricane. Listener tags: singer-songwriter, indie, acoustic, folk, indie rock, singer-songwritergdchill, elliott smith, sad, rock, amayzes loved, favorites, sadcore, Lo-Fi, 90s, melancholy.",Electronic,Jupiter Makes Me Scream,,-0.1499999999999999,-0.30000000000000004
1303,"Track: Feel Right. Artist: The Courier. Album: Delivery Strike EP. Listener tags: oldies, 60s, pop, classic rock, soul, phil spector, the righteous brothers, Blue-Eyed Soul, male vocalists, 1965, Love, classic, 1964, top gun, Fantastic Love Songs.",Electronic|Rock,The Courier,,0.2749999999999999,0.375
1304,"Track: Control. Artist: Control Alt Deus. Album: Demo 2008. Listener tags: indie, psychedelic, Elephant 6, Neo-Psychedelia, experimental, indie rock, Lo-Fi, trippy, Psychedelia, weird, psychedelic pop, 90s, rock, alternative, pop.",Electronic|Rock,Control Alt Deus,,0.050000000000000044,0.32499999999999996
1305,"Track: Alone. Artist: The S.K.. Album: [50+1] An Electronic Swindle. Listener tags: indie, electronic, indie pop, The Postal Service, electronica, indietronica, alternative, digitalis, somafm, Mellow, favorites, chill, Postal Service, chillout, pop.",Electronic,The S.K.,,-0.07499999999999996,0.30000000000000004
1306,"Track: The Cave. Artist: Band of Mad Women. Album: Rodopted. Listener tags: rock, singer-songwriter, alternative, dark, 90s, Murder ballad, australian, murder ballads, alternative rock, post-punk, melancholy, indie, haunting, experimental, indie rock.",Electronic,Band of Mad Women,,0.07499999999999996,0.07499999999999996
1307,"Track: Maybe!. Artist: Source Of Yellow. Album: Live on WFMU's The Long Rally with Scott McDowell - December 7 2012. Listener tags: rock, alternative rock, finnish, finnish rock, alternative, Poets of the Fall, favorites, male vocalists, Bikain, poetic, great, best, songs i love to love, indie, <3.",Electronic|Rock,Source Of Yellow,,0.02499999999999991,0.10000000000000009
1308,"Track: Take Me Away. Artist: Just Plain Ant. Album: All Becomes Dust. Listener tags: indie, rock, alternative, pop punk, emo, pop rock, Take Me Away, indie rock, plain white ts, twilight, spotify, amazing, male vocalists, pop, alternative rock.",Electronic,Just Plain Ant,,0.19999999999999996,0.07499999999999996
1309,"Track: Yeah. Artist: Mizuki's Last Chance. Album: Tactical Assault. Listener tags: indie, electronic, dance-punk, Love it, electro, new rave, dance punk, indie rock, british, indietronica, alternative, indie pop, rock, electro rock, electronica.",Electronic,Mizuki's Last Chance,,0.375,0.6000000000000001
1310,"Track: From Stardust to Sentience. Artist: High Places. Album: Live at WFMU on Marty McSorely's Show on 10/28/2008. Listener tags: experimental, folktronica, indie, psychedelic, electronic, amayzes loved, polyaztone, Mellow, Arguman-loved tracks, folktronic, my 2000s, davaho53, 00s, 2008, gilbert.",Electronic,High Places,,0.02499999999999991,-0.1499999999999999
1311,"Track: Lullaby. Artist: The Womb. Album: Hostages - A collection of non-album tracks. Listener tags: 80s, new wave, alternative, post-punk, rock, The Cure, british, goth, alternative rock, Gothic, dark, indie, lullaby, favorites, Gothic Rock.",Electronic|Rock,The Womb,,-0.2250000000000001,-0.375
1312,"Track: Overture. Artist: The Womb. Album: Hostages - A collection of non-album tracks. Listener tags: rock, classic rock, 60s, the who, hard rock, british, instrumental, classic, Psychedelic Rock, JTMlate60s, Progressive rock, rock opera, tommy, british invasion, 1969.",Electronic|Rock,The Womb,,0.07499999999999996,-0.25
1313,"Track: Shine. Artist: The Hunters. Album: Live at BLIP Festival 2009 Dec19. Listener tags: indie rock, indie, british, rock, alternative, the kooks, britpop, happy, Shine On, alternative rock, kooks, pop, chillout, indie pop, sweet.",Electronic,The Hunters,,-0.19999999999999996,-0.5
1314,"Track: Disco Suicide. Artist: The Womb. Album: Anthems For Doomed Youth. Listener tags: emo, rock, alternative, PANIC AT THE DISCO, indie, alternative rock, pop punk, indie rock, punk rock, favorites, punk, dance, male vocalists, pop rock, Awesome.",Electronic|Rock,The Womb,,-0.2250000000000001,-0.2250000000000001
1315,"Track: Follow the Leader. Artist: Tab & Anitek. Album: Tab & Anitek: Traveling in Stere0. Listener tags: Hip-Hop, rap, hip hop, old school hip-hop, old school, 80s, 1988, new york, amayzes loved, Radiohead office chart, old school rap, True Hip Hop, davaho53, b-boy, turntables.",Electronic,Tab & Anitek,,0.5,0.3500000000000001
1316,"Track: Dreams. Artist: Tab & Anitek. Album: Tab & Anitek: Freakout Tent. Listener tags: 80s, pop, Soundtrack, 500 Days of Summer, soft rock, happy, classic rock, hall and oates, dance, rock, Makes Me Smile, soul, Love, upbeat, loved.",Electronic,Tab & Anitek,,0.050000000000000044,-0.25
1317,"Track: Black Love. Artist: The Easton Ellises. Album: EP Two. Listener tags: rock, blues rock, blues, indie rock, Garage Rock, melancholy, 2010, 10s, sexy, indie, alternative rock, lovefucksyouup, industrial, haunting, Arguman-loved tracks.",Electronic,The Easton Ellises,,0.07499999999999996,0.30000000000000004
1318,"Track: Lost. Artist: Mr. Bitterness and the Guilty Pleasures. Album: Epic Flail. Listener tags: punk, punk rock, british, rock, the clash, 70s, classic rock, 80s, Classic Punk, 1979, UK, alternative, pop, 77davez-all-tracks, post-punk.",Electronic|Rock,Mr. Bitterness and the Guilty Pleasures,,-0.050000000000000044,-0.17500000000000004
1319,"Track: Jammin. Artist: The Kandis Project. Album: Always On Your Side. Listener tags: reggae, roots reggae, Bob Marley, 70s, jamaican, jamming, chillout, Mellow, roots, singer-songwriter, The Truth, chill, jamaica, party, 1977.",Electronic,The Kandis Project,,0.375,0.1499999999999999
1320,"Track: Macabre. Artist: Zombectro & JDDJ3J. Album: Microhorror Compilation Vol.2. Listener tags: lounge, chillout, nu jazz, acid jazz, electronic, chill, relax, dutch, lazy, electronica, dance, Mellow, jazz, loungy, funk.",Electronic,Zombectro & JDDJ3J,,-0.30000000000000004,0.375
1321,"Track: alphaville. Artist: happiness in aeroplanes. Album: Hunted Like A Ghost Machine. Listener tags: 80s, pop, new wave, synthpop, synth pop, alphaville, electronic, german, Disco, dance, Big in Japan, oldies, new romantic, favorites, Retro.",Electronic,happiness in aeroplanes,,-0.125,0.17500000000000004
1322,"Track: (part 3). Artist: Pink Skull. Album: Live at The Bell House 4/4/2009. Listener tags: Progressive rock, classic rock, Psychedelic Rock, rock, Pink Floyd, 70s, psychedelic, 7 of 10 stars, rock opera, british, Progressive, the wall, art rock, energy, 1979.",Electronic|Rock,Pink Skull,,0.375,0.125
1323,"Track: Lost. Artist: Pogo. Album: Best Of Breitband Vol. 3. Listener tags: ambient, electronic, trip-hop, chillout, electronica, downtempo, pogo, chill, Mellow, idm, lost, trippy, glitch, cartoon, lounge.",Electronic,Pogo,,0.125,0.0
1324,"Track: Sky Eyes. Artist: The Carrier Wave. Album: 4x4 Acid Stompers. Listener tags: post-rock, instrumental, post rock, ambient, experimental, Explosions In The Sky, atmospheric, chillout, instrumental rock, alternative, alternative rock, lucianoakaFM-press the eject give me the tape-playlist, epic, shoegaze, davaho53.",Electronic,The Carrier Wave,,0.2749999999999999,0.42500000000000004
1325,"Track: Cold. Artist: The Munitionettes. Album: Fast Jurassic. Listener tags: rock, alternative, alternative rock, indie, female vocalists, indie rock, The White Stripes, Garage Rock, meg white, blues, Mellow, blues rock, american, beautiful, 00s.",Electronic|Rock,The Munitionettes,,0.2250000000000001,0.19999999999999996
1326,"Track: Come to me. Artist: Peter Sharp. Album: Why not?. Listener tags: rock, Progressive rock, Peter Gabriel, pop, alternative, World Music, 10 of 10 stars, 90s, world, Progressive, alternative rock, electronic, singer-songwriter, 80s, british.",Electronic,Peter Sharp,,0.2749999999999999,0.0
1327,"Track: Lucky. Artist: All India Radio. Album: Bad Panda #50. Listener tags: funk, Disco, electronic, dance, Daft Punk, pop, electro, Get Lucky, soft, House, makes me wanna dance, best of 2013, summer, funky, french.",Electronic,All India Radio,,0.125,-0.55
1328,"Track: Long. Artist: Monokle & Galun. Album: In Frame. Listener tags: folk, rock, singer-songwriter, classic rock, folk rock, Simon and Garfunkel, acoustic, 60s, oldies, folk-rock, pop, Mellow, 70s, folk-pop, soft.",Electronic,Monokle & Galun,,-0.1499999999999999,-0.575
1329,"Track: Means. Artist: Monokle & Galun. Album: In Frame. Listener tags: indie, rock, alternative, indie rock, Snow Patrol, alternative rock, britpop, british, favorites, irish, Scottish, Snow Patrol - Ways and means, 00s, Mellow, Awesome.",Electronic,Monokle & Galun,,0.07499999999999996,-0.19999999999999996
1330,"Track: The King. Artist: I.D. & Baobinga. Album: Bass Music Sessions. Listener tags: alternative, indie, british, rock, britpop, Bagel, somafm, indie rock, alternative rock, damon albarn, chillout, 00s, nostalgic, the good, 2007.",Electronic,I.D. & Baobinga,,0.17500000000000004,0.55
1331,"Track: Woof Woof. Artist: Dan Deacon. Album: Live at Primavera Sound 2009 on WFMU. Listener tags: electronica, experimental, blingtacular, electronic, barnyard, 2000s, BM, 2009, ktcth, ultimate noise-scape, adam beebe, brian dewan, pope john paul the third, shake shake shake shake shake shake, dance party time.",Electronic,Dan Deacon,,0.07499999999999996,-0.1499999999999999
1332,"Track: Wasteland. Artist: Illusion of Safety. Album: unreleased Illusion of Safety mp3s. Listener tags: Power metal, speed metal, metal, DragonForce, Extreme Power Metal, british, melodic metal, Progressive metal, heavy metal, epic metal, Melodic Power Metal, symphonic metal, phantazy, music that makes me wanna charge into battle, herman li.",Electronic,Illusion of Safety,,-0.625,-0.675
1333,"Track: Dream Baby Dream. Artist: Suicide. Album: 1st LP live at ATP-NY'09 on WFMU. Listener tags: electronic, experimental, new wave, Pitchfork 500, 80s, lullaby, lovedbybeyondwithin, synth pop, 77davez-all-tracks, post-punk, beautiful, candyland, 1979, wunderbar, sitrc: fingerschnipsen.",Electronic|Rock,Suicide,,-0.125,0.17500000000000004
1334,"Track: Eyes. Artist: I Have Clones. Album: 2008 Sampler. Listener tags: indie, emo, indie rock, alternative, Bright Eyes, rock, singer-songwriter, Love, favorites, sad, folk, amazing, Mellow, depressing, Favorite.",Electronic,I Have Clones,,-0.30000000000000004,0.7
1335,"Track: 9 Ghosts I. Artist: Nine Inch Nails. Album: Ghosts I-IV. Listener tags: instrumental, ambient, industrial, electronic, american, piano, melancholy, rock, dark ambient, nine inch nails, 00s, industrial rock, alternative, alternative rock, experimental.",Electronic|Rock,Nine Inch Nails,,0.10000000000000009,0.1499999999999999
1336,"Track: Sorry. Artist: The VME. Album: The Rootkit. Listener tags: indie, indie rock, british, britpop, rock, Awesome, 2007, catchy as hell, indie pop, alternative rock, favorites, The Pigeon Detectives, Dance to the radio, alternative, Favourite British Bands.",Electronic,The VME,,-0.35,-0.575
1337,"Track: Intro. Artist: Je deviens dj en 3 jours. Album: Microhorror Compilation Vol.2. Listener tags: trip-hop, turntablism, downtempo, electronic, electronica, Hip-Hop, DJ AJA Inc, chillout, needleontherecord, DJ Krush, japan, abstract, ninja tune, paris, intro.",Electronic,Je deviens dj en 3 jours,,0.0,0.375
1338,"Track: Diego. Artist: Tom Woxom. Album: Robot. Listener tags: blues, singer-songwriter, rock, Tom Waits, alternative, folk-rock, beautiful, experimental, piano, melancholy, folk rock, Ballad, favorites, memories, blues rock.",Electronic,Tom Woxom,,0.30000000000000004,0.3500000000000001
1339,"Track: Sting Operation. Artist: Anamanaguchi. Album: Live at WFMU on Beastin' the Airwaves with Keili on July 17 2011. Listener tags: chiptune, 8-bit, 8bit, electronic, indie, power pop, bitpop, synth riffs, emphasis on instrumental performance, inventive instrumental arrangements, 8bit rock, Anamanaguchi, Harsh Tasty Beats, busy beats, Meter Complexity.",Electronic|Rock,Anamanaguchi,,0.55,0.44999999999999996
1340,"Track: Sad Robot. Artist: Pornophonique. Album: netBloc Vol. 11: The Raw and the Cooked. Listener tags: 8-bit, electronic, 8bit, gameboy, chip music, labores somnium, rock, alternative, robot, amayzes loved, male vocalists, 8-bit indie, davaho53, sad, beautiful.",Electronic|Rock,Pornophonique,,0.3500000000000001,0.17500000000000004
1341,"Track: The World And You. Artist: Maps And Diagrams. Album: The Giant Woods. Listener tags: indie rock, indie, rock, alternative rock, Progressive rock, alternative, experimental, somafm, Bagel, trail of dead, and you will know us by the trail of dead, genius, favorites, post-rock, from: austin.",Electronic,Maps And Diagrams,,-0.375,-0.44999999999999996
1342,"Track: Insomnia. Artist: The Easton Ellises. Album: EP Two. Listener tags: idm, instrumental, electronic, breakcore, Eremuse - mitica salvezza, Awesome, emotronica, chillout, indiecore, Don trip, beautiful, awesome drumming, progressive breaks, no-vocal, metro downtempo.",Electronic,The Easton Ellises,,0.375,0.3500000000000001
1343,"Track: I am a Drone. Artist: krackatoa. Album: Monkies in the Temple. Listener tags: dark trance, New Zealand, electro, electronic, ambient, Mellow, nz, dark-trance, haunting, synth, Gothic, easy listening, electronica, nz-ambient, alternative.",Electronic,krackatoa,,0.25,0.10000000000000009
1344,"Track: Brie. Artist: jonas the plugexpert. Album: Ondervlak. Listener tags: classic rock, psychedelic, 60s, rock, pop, 1968, baroque pop, beautiful, zombies, psychedelic pop, british, Morose Deep dilate Crimson, The Zombies, Favourites, UK.",Electronic,jonas the plugexpert,,0.32499999999999996,0.125
1345,"Track: Rain. Artist: BrandyAlexanderProject + Laps. Album: EPP1. Listener tags: rock, alternative rock, alternative, Smashing Pumpkins, Grunge, essentials, beauty, male vocalist, 90s, spring, favorites, 2000, leapsandfavnolove, 00s, hard rock.",Electronic,BrandyAlexanderProject + Laps,,-0.125,-0.525
1346,"Track: Night Dance. Artist: Nameless Dancers. Album: Morning Touches. Listener tags: indie, swedish, pop, indie rock, acoustic, acoustic guitar, twee, cumartesi, cool, 360shift, actually decent free trax, tyshkans music, locker flockig, scandinavie, suedois.",Electronic,Nameless Dancers,,0.375,0.1499999999999999
1347,"Track: Pont. Artist: Marc de Blanchard. Album: Serenade. Listener tags: jazz, female vocalist and bass-player, latin jazz, Jazz Vocal Tag, female vocalists, jecks, contemporary jazz, rock, bass, soul, latin, funk, groovy, chill, latinjazz.",Electronic,Marc de Blanchard,,-0.10000000000000009,-0.25
1348,"Track: Jetpack Blues Sunset Hues. Artist: Anamanaguchi. Album: Live at WFMU on Beastin' the Airwaves with Keili on July 17 2011. Listener tags: Harsh Tasty Beats, nerdist, nerdrock, chiptune, nerdy, hi-energy, NES, 8bit, Retro, 8-bit, electronic, bitpop, chiptunes, 6 of 10 stars, heavy use of white noise.",Electronic|Rock,Anamanaguchi,,0.19999999999999996,0.32499999999999996
1349,"Track: V. Artist: Björn & Gorden. Album: Electrr. Listener tags: across the universe, Soundtrack, cover, covers, chill, across the universe soundtrack, wonderful vocals, Dreamy, musical, Mellow, Love, songs I sound good singing, the classics, I could listen to this song forever, breezy.",Electronic|Rock,Björn & Gorden,,0.050000000000000044,0.050000000000000044
1350,"Track: This Girl. Artist: Jupiter Makes Me Scream. Album: Tuesday Morning Huricane. Listener tags: indie pop, indie, pop, Lana Del Rey, chillout, female vocalists, P-E-R-F-E-C-T, alternative, poprock, Born To Die, Favorite, this is what makes us stupid whores, How I Hate Those Guys, 10s, Dreamy.",Electronic,Jupiter Makes Me Scream,,-0.25,-0.6
1351,"Track: Hexadecimal Genome. Artist: Bit Shifter. Album: Information Chase. Listener tags: chiptune, 8-bit, electronic, 8bit, gameboy, chiptunes, electronica, micromusic, bitpop, bit shifter, 8bitpeoples, 8 bit, Chipmusic, 00s, oh my god why didnt i discover chiptune sooner.",Electronic,Bit Shifter,,0.32499999999999996,0.2250000000000001
1352,"Track: The Simple Life. Artist: The Model. Album: Buzz.RO! 2010 [LCL00]. Listener tags: indie rock, alternative rock, 10s, rock, indie, 2011, Bossa Nova, new wave, american, Garage Rock, amo demais, love at first listen, painfully beautiful, fuck yeah, alternative.",Electronic,The Model,,0.42500000000000004,0.3500000000000001
1353,"Track: Goldengate honey. Artist: krackatoa. Album: Komodo Dodo. Listener tags: synth, Gothic, New Zealand, dark-trance, electro, electronica, haunting, alternative, Progressive, dark trance, electronic, acoustic, nz-ambient, trance, ambient.",Electronic,krackatoa,,0.07499999999999996,0.3500000000000001
1354,"Track: From Cover To Cover. Artist: julien neto. Album: Retork. Listener tags: ambient, minimal, electronic, zapsensacion, experimental, Faktory Metalic Trans, Eremuse-loved-3, wirround, vule, minimal ambient, french, Eremuse - magici momenti ---, factory made trance, soundscapes, gnascor.",Electronic,julien neto,,-0.10000000000000009,-0.75
1355,"Track: Metronome. Artist: The Kirbi. Album: NetAudio Russia Compilation Volume 1 & 2. Listener tags: post-hardcore, indie, indie rock, rock, post hardcore, 8 of 10 stars, OH MY FUCKING AMAZING, emoh, silent intensity, at the drive-in, alternative rock, emo, alternative, heart, f.",Electronic,The Kirbi,,0.32499999999999996,-0.30000000000000004
1356,"Track: Afrika. Artist: Etiket Zerø feat. MC B.Wayne. Album: Circuits Imprimés vol. 02. Listener tags: electronic, Hip-Hop, mia, british, hip hop, female vocalists, party, female vocals, 00s, alternative, weekly top song, Miscellaneous, neo-tribal, ElectronicaDance, electronic soundz.",Electronic,Etiket Zerø feat. MC B.Wayne,,0.050000000000000044,0.050000000000000044
1357,"Track: The Nosebleed. Artist: Ant The Symbol. Album: Act Natural (2 of 3). Listener tags: indie, experimental, rock, emo, alternative, indie rock, hardcore, post-hardcore, circa survive, anthony green, melancholy rocks, theatrical, kicked shit amp madness, hardcore and post hardcore, progressive death indie.",Electronic,Ant The Symbol,,-0.125,0.25
1358,"Track: Sister Saviour (Blackstrobe Remix). Artist: The Rapture. Album: The WIRED CD: Rip. Sample. Mash. Share.. Listener tags: remix, post-punk, new york, electronic, dance, electro, the rapture, 00s, big beat, synth pop, synthesizer, good shit, acid house, tu peux te le foutre au cul, dans ton cul.",Electronic|Rock,The Rapture,,0.25,0.25
1359,"Track: Horror House. Artist: Out Of Orion (Ox3). Album: Spectral Voices. Listener tags: rap, juggalo, house of horrors, Horrorcore, dark humor, Altar of the Metal Gods Industrial Metal, national socialist black metal, Altar of the Metal Gods Hardcore, moshcore, Altar of the Metal Gods Folk Metal, Altar of the Metal Gods Epic Metal, Altar of the Metal Gods Drone Metal, Altar of the Metal Gods Doom Metal, Altar of the Metal Gods Death Metal, Altar of the Metal Gods Black Metal.",Electronic,Out Of Orion (Ox3),,-0.35,-0.4
1360,"Track: Air. Artist: Tab & Anitek. Album: Tab & Anitek: Freakout Tent. Listener tags: female vocalists, alternative, indie, singer-songwriter, fucking hurts, melancholy, rock, folk, indie rock, Mellow, Cat Power, Awesome, sadcore, emo songs that are not really emo songs just really good sadcore, angry lesbian shit.",Electronic,Tab & Anitek,,0.125,-0.525
1361,"Track: birds. Artist: un automne à Lob-Nor. Album: bye bye. Listener tags: rock, britpop, british, Noel Gallagher, Masterpiece, alternative rock, Love, favourite, Mellow, alternative, 2011, oasis, my most favourite, positive, best of 2011.",Electronic|Rock,un automne à Lob-Nor,,-0.1499999999999999,-0.625
1362,"Track: 7 Ghosts I. Artist: Nine Inch Nails. Album: Ghosts I-IV. Listener tags: industrial, instrumental, industrial rock, rock, ambient, alternative rock, electronic, trent reznor, 00s, fistKranKping, dark ambient, alternative, hard rock, american, experimental.",Electronic|Rock,Nine Inch Nails,,-0.1499999999999999,0.10000000000000009
1363,"Track: Love Comes Close. Artist: Cold Cave. Album: Live at WFMU on Choking On Cufflinks 2/14/09. Listener tags: new wave, indie, Bagel, somafm, flowing, constricted, beautiful, synthpop, 80s, elizabeth marie lester, elizabeth lester, electronic, 2009, lizvelrene2009, new order goddamn.",Electronic|Rock,Cold Cave,,0.02499999999999991,-0.35
1364,"Track: END. Artist: Blue Stork. Album: END. Listener tags: trip-hop, female vocalists, electronic, danish, triphop, stuff I should be able to inject directly into my blood, electronica, trip hop, favorites, Dreamy, magic, loooove, alternative, depressingly-uplifting, chillout.",Electronic,Blue Stork,,-0.17500000000000004,0.30000000000000004
1365,"Track: Particle Charge. Artist: Bit Shifter. Album: Information Chase. Listener tags: 8-bit, chiptune, electronic, chiptunes, 8bit, Chipmusic, electronica, 8 bit, bit shifter, instrumental, bitpop, techno, gameboy, electro, 00s.",Electronic,Bit Shifter,,0.375,0.3500000000000001
1366,"Track: Glitches. Artist: The Easton Ellises. Album: EP One. Listener tags: pop, 2008, quarkzangsun v1, alternative, unsung gems, 60s Beat Pop Indie, 00s, quarkzangsun play, vacuum boots, AMG Pick, teg tag, 2k8 mix, Scootervonhootanany, top 08 song, victorian funk.",Electronic,The Easton Ellises,,0.10000000000000009,0.32499999999999996
1367,"Track: Reformat The Planet. Artist: Bit Shifter. Album: BACKUP11 - Platine festival Compilation. Listener tags: chiptune, 8bit, electronic, 8-bit, happy, chiptunes, explosive, bit shifter, hopeful, video game music, 8 bit, 8bitpeoples, electronica, bloop, bit.",Electronic,Bit Shifter,,0.5249999999999999,0.55
1368,"Track: Be Sweet. Artist: The Kandis Project. Album: Always On Your Side. Listener tags: motown, soul, oldies, Love, if every day was like spring, pop, dance, 60s Motown, Ion B radio, how sweet it is, sae, as good as it gets, wee gems, top quality, n.",Electronic,The Kandis Project,,-0.4,-0.42500000000000004
1369,"Track: Activation Theme. Artist: Bit Shifter. Album: Information Chase. Listener tags: 8-bit, chiptune, 8bit, electronic, chiptunes, 8bitpeoples, 8 bit, electronica, bit shifter, Chipmusic, fun, bitpop, instrumental, lsdj, 8bit micromusic.",Electronic,Bit Shifter,,0.44999999999999996,0.3999999999999999
1370,"Track: Wataridori 2. Artist: Cornelius. Album: The WIRED CD: Rip. Sample. Mash. Share.. Listener tags: electronica, japan, triphop, electronic, copyleft, cornelius, creative commons, 00s, chill, japanese, alternative, guanxiao, free music, instrumental, lap dance.",Electronic,Cornelius,,-0.17500000000000004,-0.2250000000000001
1371,"Track: Of the Mountains. Artist: Dan Deacon. Album: Live at Primavera Sound 2009 on WFMU. Listener tags: motherfuckin rabbits ejaculating sunshine, electronic, teen wolf soundtrack, wild, 8 of 10 stars, lap-pop, compulsive repeat listenings, ear orgasm, xylo, tribal drumming, What I want, my gang 09, i want to make a music video for this, varied instrumentation, hey hey hey ya.",Electronic,Dan Deacon,,0.17500000000000004,0.10000000000000009
1372,"Track: Nocturne. Artist: DJ Spooky. Album: Of Water and Ice. Listener tags: somafm, secretagent, ninja tune, chillout, electronic, electronica, chill, trip hop, exp tracks, desolate moods, trip-hip-hop, blow the whistle, chilli-chilli-chilli, Chez Jez, dark and beautiful.",Electronic,DJ Spooky,,-0.050000000000000044,0.050000000000000044
1373,"Track: magical shower outrun. Artist: pink. Album: Dexter's Pinkboratory. Listener tags: pink, pop, electronica, Love, electro, female vocalists, free download, video game sounds, Hip-Hop, electronic, Magical Shower Outrun, Pop-Rock, Nintendocore, insane, Chipmusic.",Electronic,pink,,0.3999999999999999,0.17500000000000004
1374,"Track: white noise. Artist: happiness in aeroplanes. Album: Hunted Like A Ghost Machine. Listener tags: psychedelic, experimental, horror jazz, electronic, from mcurtains, another planet, elevator to hell, jupiter, a7, lsd sound, noise martinis, if you think you are fucked up you should listen to this, An Electric Storm In Hell - The White Noise, you noise ay scream as the wounds fester in the newsun, thank you drive thru this is mental.",Electronic,happiness in aeroplanes,,0.25,-0.2250000000000001
1375,"Track: Water Song. Artist: Band of Mad Women. Album: Rodopted. Listener tags: folk, H20 Way Down Below the Ocean, Ef, british folk, modern vs classical, psychedelic folk, irodetheriverwithabeerbottleandapillow, gentle, light, psychedelic, magic, bright, flowing, Sparkling, outside looking in.",Electronic,Band of Mad Women,,0.1499999999999999,0.1499999999999999
1376,"Track: Speedracer. Artist: krackatoa. Album: Monkies in the Temple. Listener tags: Retro, spooky, film, nz, aus, dark trance, bland, sci fi, luton, ethnic-trance, trance-fusion, dark-trance, gothic-electro, organic-trance, auckland.",Electronic,krackatoa,,0.5,0.3999999999999999
1377,"Track: Blood Moon Rising. Artist: krackatoa. Album: Monkies in the Temple. Listener tags: ambient, Kiwi Music, Retro, spooky, film, nz, aus, dark trance, bland, sci fi, luton, ethnic-trance, dark-trance, gothic-electro, organic-trance.",Electronic|Rock,krackatoa,,-0.32499999999999996,-0.475
1378,"Track: III. Artist: Björn & Gorden. Album: Electrr. Listener tags: House, Garage House, dance, electronica, male vocalists, anytime is housetime, vocal house, umpa umpa, Dancemania, welcome to the club, it is party time, club, boogie, UK Garage, Chicago House.",Electronic|Rock,Björn & Gorden,,0.125,0.17500000000000004
1379,"Track: Look up to the Sky. Artist: krackatoa. Album: Monkies in the Temple. Listener tags: Kiwi Music, Retro, spooky, film, nz, aus, dark trance, bland, sci fi, luton, ethnic-trance, dark-trance, gothic-electro, organic-trance, auckland.",Electronic,krackatoa,,0.19999999999999996,0.17500000000000004
1380,"Track: untitled. Artist: un automne à Lob-Nor. Listener tags: dark ambient, neofolk, martial industrial, medieval, dark, apocalyptic folk, darkwave, ambient, AR, industrial, Ritual, martial, atmospheric, ritual medieval ambient, the moon lay hidden beneath a cloud.",Electronic|Rock,un automne à Lob-Nor,,-0.2250000000000001,-0.125
1381,"Track: Out Of Season. Artist: Wisp. Album: Summer. Listener tags: idm, ambient, under the sea, b12, armchair techno, adidaskiller loved, soft, porcelain, out of season, crank, hurtling down a freeway on a racer, wisp, hiccupslow, chill TFO, techno glitch.",Electronic,Wisp,,0.2749999999999999,0.5249999999999999
1382,"Track: waiting. Artist: epsilon not. Album: stone focus. Listener tags: Fall Out Boy, rock, emo, punk, pop punk, fob, alternative, punk rock, the world not waiting, the shizz, fall, falloutboy, it is music you never knew you wanted so bad, Fall Out Boy - The Worlds Not Waiting, Fall out boy the worlds not waiting.",Electronic,epsilon not,,-0.050000000000000044,-0.07499999999999996
1383,"Track: Blindness Bats. Artist: khonnor. Album: Retork. Listener tags: electronica, post-rock, nice, chill, electronic, Love it, missing someone, sleepy, Mellow, Anodasos tag, Love, snuff time, Khonnor, crying time, fall into dreams-song.",Electronic,khonnor,,0.1499999999999999,-0.5
1384,"Track: Screaming Bulb (10'3'23). Artist: Sabi. Album: Intelligent Toys: We Make Music. Listener tags: Boo Berry, scatter funk, chill-step, idm, electronic, rice krispy treats, acid-breaks, vule, weblabel, Organic IDM, Streamable, sutemos, downloadable, fully streamable albums, organic ambient.",Electronic,Sabi,,0.19999999999999996,0.10000000000000009
1385,"Track: Red Dust. Artist: I.D. & Baobinga. Album: Bass Music Sessions. Listener tags: folk, indie, acoustic, indie folk, blues rock, americana, anartfuldodger2011, silver apples moon, radioparadise, radio paradise, travelling, alt-folk, freedom, rock, zicdanse.",Electronic,I.D. & Baobinga,,0.25,0.25
1386,"Track: Graduation Day. Artist: Math and Physics Club. Album: Swingin' Singles. Listener tags: indie pop, seattle, Twee as Fuck, Like, pidors, twee, indie, wants to be the smiths, Y, cantaditas, oh baby, hey song youre so fucking cute, morrissey on valium, math and physics club, Matinee Recordings.",Electronic,Math and Physics Club,,0.2250000000000001,0.0
1387,"Track: Chase Init_. Artist: Bit Shifter. Album: Information Chase. Listener tags: chiptune, electronic, 8-bit, micromusic, techno, electronica, electro, synth, Chipmusic, 8 bit, chiptunes, 8bit, the vitamin b12, 360shift, nunu.",Electronic,Bit Shifter,,0.2749999999999999,-0.125
1388,"Track: Power Supply. Artist: Anamanaguchi. Album: Power Supply. Listener tags: chiptune, 8-bit, electronic, chiptunecore, 8bit, synth riffs, intricate rhythms, emphasis on instrumental performance, inventive instrumental arrangements, a synth-electric sonority, 8bit rock, Harsh Tasty Beats, busy beats, Dominant Use of Harmony, Meter Complexity.",Electronic|Rock,Anamanaguchi,,0.44999999999999996,0.7
1389,"Track: Indiana. Artist: Guitar Wizards of the Future. Album: Cheese Wizards. Listener tags: soul, motown, funk, afro armpit funk, 70s, oldies, pop, Goin Back to Indiana, Disco, the jackson 5, michael jackson, going back to indiana, funky TIto, gilles style, for my love kris.",Electronic,Guitar Wizards of the Future,,-0.19999999999999996,-0.42500000000000004
1390,"Track: Sweet Shop. Artist: Doctor P. Album: Tactical Assault. Listener tags: dubstep, electronic, dub, arpeggiated dub, maliciousmuppet, dirty dubstep, dance, gangsta, Doctor P, docter p, House, 2000s, circus, 2009, that fucking noise.",Electronic,Doctor P,,0.2749999999999999,0.32499999999999996
1391,"Track: Ugly Weather. Artist: Azoora feat. graciellita. Album: FrostWire Creative Commons Mixtape 2 Side A. Listener tags: triphop, netlabel, creative commons, electronic dub, dub, trip hop, trip-hop, tricky, electro-dub, contemporary jazz, 23 seconds, down-tempo, downtempo, portishead, ethereal.",Electronic,Azoora feat. graciellita,,-0.17500000000000004,0.17500000000000004
1392,"Track: Airbase. Artist: Anamanaguchi. Album: Power Supply. Listener tags: chiptune, indie, 8bit, electronic, rock, electronica, intricate rhythms, emphasis on instrumental performance, a repetitive verse, inventive instrumental arrangements, a synth-electric sonority, 8bit rock, Anamanaguchi, Harsh Tasty Beats, busy beats.",Electronic|Rock,Anamanaguchi,,0.30000000000000004,0.42500000000000004
1393,"Track: DC 3000. Artist: Thievery Corporation. Album: The WIRED CD: Rip. Sample. Mash. Share.. Listener tags: chillout, downtempo, ambient, electronic, chill, loved, Thievery Corporation, creative commons, other, DC, lounge, batca chill, batca lounge, ice cubes, jattssei.",Electronic,Thievery Corporation,,0.30000000000000004,-0.2250000000000001
1394,"Track: blue. Artist: Jesse Futerman. Listener tags: blues, harmonica, one man band, san francisco blues, acoustic, americana, 1307fh, folk, West Coast Blues, kazoo, Brutal Death Metal, Theme Time Radio Hour, blues guitar greats, harmonica genius, artist to remember.",Electronic,Jesse Futerman,,0.25,-0.2250000000000001
1395,"Track: Laurensong. Artist: The Womb. Album: Halfway Between Moscow And Paris. Listener tags: post rock, singer-songwriter, indie, britpop, indie pop, shoegaze, melancholy, creative commons, Lo-Fi, madchester, netlabel, wave, Indietronic, new romantic, post-rock.",Electronic|Rock,The Womb,,-0.07499999999999996,-0.375
1396,"Track: Panic Attack. Artist: The Courier. Album: Got the Vibes - The Complete Collection. Listener tags: indie rock, indie, british, UK, rock, alternative rock, Garage Punk, indiepunk, fuck me, nme, indierock, britpop, revival 3, sssssschon, phrenic polluters.",Electronic|Rock,The Courier,,0.2749999999999999,0.25
1397,"Track: Wet. Artist: Sabi. Album: Intelligent Toys: We Make Music. Listener tags: Soft Coteau, Carps, jazzysnewageN-Z, lesser known yet streamable artists, netlabels, prepared piano, sutemos, concrete everything, fully streamable albums, contrabass, organic ambient, fully streamable tracks, free downloads, Post Orchestral, chillout soundscape.",Electronic,Sabi,,-0.17500000000000004,-0.42500000000000004
1398,"Track: Process of Macrocosmic Emaciation. Artist: Norrin Radd. Album: Anomaly. Listener tags: progtronica, vgm, progressive electronica, chiptronica, Technical Death Metal, Nintendocore, Chipmusic, 8-bit, chiptune, progressive death metal, chip metal, video game music, Game Music, electronica, death metal.",Electronic|Rock,Norrin Radd,,0.4750000000000001,0.6499999999999999
1399,"Track: Glob Story. Artist: kilowatts. Album: 30 Days. Listener tags: TELECFUNKNOHAUSINDUBSTRIPIALBREAKSTEP, ElectglitchdubhoP, cadenza thump, scatter funk, break hop, fruity pebbles, Grape Nuts, tektrostep, break-hop, electglitchduphop, electronic, TELECFUNKNOHAUSINDUBSTRIALBREAKSTEP, intelligent techno, nu tektro, electronica.",Electronic,kilowatts,,0.2749999999999999,0.3500000000000001
1400,"Track: Four Lights. Artist: Norrin Radd. Album: Anomaly. Listener tags: digimetal, progressive electronica, chiptronica, progtronica, vgm, Technical Death Metal, Nintendocore, Chipmusic, 8-bit, chiptune, progressive death metal, video game music, Game Music, electronica, chip metal.",Electronic|Rock,Norrin Radd,,0.1499999999999999,0.19999999999999996
1401,"Track: The End. Artist: Mars Payne. Album: Village Stories EP. Listener tags: alternative rock, 30 seconds to mars, rock, alternative, Progressive rock, emo, space rock, new wave, hard rock, metal, Jared Leto, punk, 10 of 10 stars, alternative metal, Prog-Rock.",Folk|Rock,Mars Payne,,0.19999999999999996,0.07499999999999996
1402,"Track: The Little Drummer Boy. Artist: Harry the Cap. Album: A Very Badgerland Christmas (2011). Listener tags: christmas, classic Christmas, traditional christmas, jazzysxmas, xmas, holiday, Christmas Songs, nostalgic christmas, The Little Drummer Boy, family christmas, christmas classic, Christmas Music, little drummer boy, christmas choral, holidays.",Folk|Electronic,Harry the Cap,,0.1499999999999999,-0.625
1403,"Track: Go. Artist: Josh Woodward. Album: The Simple Life (Part 1). Listener tags: country, josh turner, modern country, Love, favorite songs, love songs, deep voice, male vocalists, would you go with me, Country Favorites, My Country, two-step, my favorite, dance dance dance, favorites.",Folk|Pop,Josh Woodward,,0.1499999999999999,0.02499999999999991
1404,"Track: sleep. Artist: Art of Flying. Album: Though the Light Seem Small. Listener tags: rock, indie rock, indie, Garage Rock, alternative rock, The Strokes, alternative, punk, 00s, Post-punk revival, american, new york, garage, indie pop, Sleep.",Folk|Rock,Art of Flying,,-0.30000000000000004,-0.575
1405,"Track: air. Artist: Art of Flying. Album: Garden of Earthly Delights. Listener tags: acoustic, indie, chillout, Mellow, summer, alternative, norwegian, Kings of Convenience, beautiful, soft, relaxing, Lo-Fi, folk, piano, chill.",Folk|Rock,Art of Flying,,-0.32499999999999996,-0.7
1406,"Track: garden of earthly delights. Artist: Art of Flying. Album: Garden of Earthly Delights. Listener tags: psychedelic, Psychedelic Rock, 60s, experimental, electronic, 1960s, rock, Psychedelia, Avant-Garde, psychedelic reel, 1968, lovedbybeyondwithin, beyondwithins travel, trippy, 1960s Electrochanical.",Folk|Rock,Art of Flying,,-0.275,-0.32499999999999996
1407,"Track: No Rest. Artist: The Wingdale Community Singers. Album: Live on WFMU's Irene Trudel's Show - November 4 ' 2013. Listener tags: cimx-fm, rock, indie rock, alternative, wrif-fm, indie, Cage the Elephant, borderlands, alternative rock, american, loved, i fucking love this song, The Vampire Diaries, catchy, acoustic rhythm guitars.",Folk,The Wingdale Community Singers,,-0.35,-0.30000000000000004
1408,"Track: Whatever. Artist: The Subhuman. Album: Knowing is half the battle. Listener tags: indie, indie rock, rock, pop, indie pop, irish, britpop, alternative, friendsofthekingofrummelpop, Mellow, 00s, song titles: famous names, Favourites, happy, name check.",Folk|Pop,The Subhuman,,-0.19999999999999996,0.0
1409,"Track: Of Love. Artist: Johnny Favourite and the Exs. Album: Between Two Waves - Vol. A. Listener tags: rock, 80s, U2, classic rock, irish, alternative, pop, 1984, alternative rock, favorites, male vocalists, Love, new wave, political, classic.",Folk|Pop|Rock,Johnny Favourite and the Exs,,-0.02499999999999991,-0.32499999999999996
1410,"Track: Empty Streets. Artist: Suspicious for the Winter. Album: Between Two Waves - Vol. A. Listener tags: ambient, electronic, female vocalists, chillout, lounge, swedish, electronica, downtempo, fever ray, atmospheric, Love, dark, dream pop, Dreamy, moody.",Folk|Pop|Rock,Suspicious for the Winter,,0.25,-0.1499999999999999
1411,"Track: Do Wanna. Artist: Roach Davies And The Fleas. Album: Navigator. Listener tags: indie, indie rock, british, rock, the kooks, alternative, gossip girl, britpop, sexy, pop, sex, brit indie rock, uk indie, indie pop, do you wanna.",Folk|Rock,Roach Davies And The Fleas,,-0.275,-0.575
1412,"Track: Old Mine. Artist: Roach Davies And The Fleas. Album: Navigator. Listener tags: motown, soul, 60s, oldies, northern soul, rhythm and blues, the isley brothers, funk, classic soul, 1966, male vocalists, rnb, Favourites, Isley Brothers, unconscionably good.",Folk|Rock,Roach Davies And The Fleas,,-0.10000000000000009,-0.44999999999999996
1413,"Track: Navigator. Artist: Roach Davies And The Fleas. Album: Navigator. Listener tags: heavy metal, metal, Iron Maiden, NWOBHM, hard rock, rock, New Wave of British Heavy Metal, epic, british, 00s, British Metal, Power metal, 10 of 10 stars, classic metal, Progressive metal.",Folk|Rock,Roach Davies And The Fleas,,-0.17500000000000004,-0.2250000000000001
1414,"Track: Wonder. Artist: Bad Night Moon Shadow. Album: Bad Night Moon Shadow. Listener tags: electronic, dance, big beat, electronica, funk, fatboy slim, techno, House, pop, party, trip-hop, funky, catchy, happy, fun.",Folk|Experimental|Rock,Bad Night Moon Shadow,,-0.32499999999999996,-0.25
1415,"Track: Sunday. Artist: Misay Day. Album: Below the Green. Listener tags: electronic, chillout, ambient, electronica, Moby, female vocalists, easy listening, sunday, Mellow, techno, nostalgic, dance, alternative, pop, Ambient Techno.",Folk,Misay Day,,0.17500000000000004,-0.07499999999999996
1416,"Track: Instrumental. Artist: Howie Mitchell & Charlotte Williams. Album: 11-14-'58. Listener tags: chillout, electronic, downtempo, lounge, trip-hop, chill, ambient, instrumental, electronica, dub, mj-light snacks, trip hop, rustycanuckdowntempo, relax, dance.",Folk,Howie Mitchell & Charlotte Williams,,-0.1499999999999999,-0.575
1417,"Track: Greensleeves. Artist: Howie Mitchell & Charlotte Williams. Album: 11-14-'58. Listener tags: Classical, vaughan williams, christmas, contemporary classical, relax, instrumental, british, romantic, beautiful, ralph vaughan williams, 20th Century Classical, orchestral, relaxing, greensleeves, Fantasia on Greensleeves.",Folk,Howie Mitchell & Charlotte Williams,,-0.10000000000000009,-0.65
1418,"Track: the kingdom. Artist: Trinity the Band of Pan. Album: Trinity the Band of Pan. Listener tags: alternative, indie, british, rock, britpop, Bagel, somafm, indie rock, alternative rock, damon albarn, chillout, 00s, nostalgic, the good, 2007.",Folk|Experimental,Trinity the Band of Pan,,-0.17500000000000004,-0.30000000000000004
1419,"Track: descend. Artist: Trinity the Band of Pan. Album: Trinity the Band of Pan. Listener tags: alternative rock, alternative, rock, 90s, Smashing Pumpkins, Grunge, hard rock, shoegaze, melancholy, Love, atmospheric, haunting, favorites, Mellow, indie rock.",Folk|Experimental,Trinity the Band of Pan,,-0.32499999999999996,-0.625
1420,"Track: On the Other Side. Artist: The Dove and The Wolf. Album: FreeQuency061. Listener tags: classic rock, rock, Psychedelic Rock, 60s, psychedelic, The Doors, wrif-fm, oldies, doors, 70s, american, classic, alternative, blues rock, hard rock.",Folk,The Dove and The Wolf,,-0.050000000000000044,-0.475
1421,"Track: Medley. Artist: Howie & Ann Mitchell. Album: Hammered Dulcimer: 4/24/67 & 1/17/68. Listener tags: 80s, Soundtrack, dirty dancing, pop, Love, dance, romantic, love songs, duet, duets, Soundtracks, oldies, love song, party, favorites.",Folk,Howie & Ann Mitchell,,-0.19999999999999996,-0.44999999999999996
1422,"Track: On the Other Side. Artist: The Dove & The Wolf. Album: Dead Bees records label sampler #11. Listener tags: classic rock, rock, Psychedelic Rock, 60s, psychedelic, The Doors, wrif-fm, oldies, doors, 70s, american, classic, alternative, blues rock, hard rock.",Folk|Experimental|Rock,The Dove & The Wolf,,-0.2250000000000001,-0.55
1423,"Track: Begin. Artist: The Peach Tree. Album: Inverted Fall Into Delusional Rockstar Dementia. Listener tags: rock, classic rock, 60s, proto-punk, alternative, psychedelic, Velvet Underground, The Velvet Underground, Psychedelic Rock, art rock, alternative rock, 70s, 1969, Lou Reed, Experimental Rock.",Folk|Electronic|Rock,The Peach Tree,,-0.19999999999999996,0.125
1424,"Track: A Star. Artist: The Peach Tree. Album: Inverted Fall Into Delusional Rockstar Dementia. Listener tags: rock, indie rock, indie, alternative, alternative rock, The Killers, favorites, Killers, 00s, synth rock, Awesome, pop, american, new wave, sexy.",Folk|Electronic|Rock,The Peach Tree,,-0.125,-0.375
1425,"Track: The Promise. Artist: The Peach Tree. Album: Inverted Fall Into Delusional Rockstar Dementia. Listener tags: rock, female vocalists, alternative rock, irish, alternative, 90s, The Cranberries, pop rock, pop, cranberries, guitar, indie, beautiful, female vocalist, angry.",Folk|Electronic|Rock,The Peach Tree,,0.02499999999999991,0.050000000000000044
1426,"Track: L.A.. Artist: The Nighttime Adventure Society. Album: Chapter One: The First Chapter. Listener tags: classic rock, rock, Psychedelic Rock, The Doors, psychedelic, 70s, 60s, blues rock, blues, doors, wrif-fm, jim morrison, California, american, Progressive rock.",Folk|Pop,The Nighttime Adventure Society,,0.3999999999999999,0.3500000000000001
1427,"Track: Big mess. Artist: Delphine Dora & The Unexpected. Album: We're all of this. Listener tags: alternative, rock, indie rock, indie, emo, pop punk, aaaaaahhhhhhhhhhhhhhhhhhhhhhhhhhhhhhhhhhhhhhh, The Academy is, indieindieeeeeeeeeeeeeeeeeeeeeeeeeeeeee, oh william, catchy, alternative rock, my sweety dick, Fueled by Ramen, fun.",Folk|Pop|Experimental,Delphine Dora & The Unexpected,,0.0,-0.02499999999999991
1428,"Track: A River. Artist: Entertainment for the Braindead. Album: Trivialities. Listener tags: Hip-Hop, mia, electronic, digeridoo, hip hop, female vocalists, electronica, alternative, dance, 00s, australian music, british, instant smiles, this is what makes me dance, ElectronicaDance.",Folk|Pop,Entertainment for the Braindead,,-0.07499999999999996,-0.375
1429,"Track: the absence. Artist: Delphine Dora & The Unexpected. Album: We're all of this. Listener tags: indie, female vocalists, Rilo Kiley, beautiful, indie rock, Mellow, acoustic, indie pop, Love, melancholy, sad, drunk, pretty girls do not dance, favorites, commercialism.",Folk|Pop|Experimental,Delphine Dora & The Unexpected,,-0.5,-0.675
1430,"Track: Waltz. Artist: Delphine Dora & The Unexpected. Album: We're all of this. Listener tags: Classical, russian, instrumental, ballet, romantic, tchaikovsky, waltz, Waltz of the Flowers, Klassik, classic, classical music, Pyotr Ilyich Tchaikovsky, nutcracker, symphony, loved1301.",Folk|Pop|Experimental,Delphine Dora & The Unexpected,,-0.10000000000000009,-0.44999999999999996
1431,"Track: Let Me Go. Artist: The Chapin Sisters. Album: Live on WFMU's Airborne Event with Dan Bodah: September 9 ' 2013. Listener tags: indie, pop, dance, electronic, british, female vocalists, electropop, indie pop, catchy, indie rock, The Ting Tings, alternative, fun, rock, 2008.",Folk,The Chapin Sisters,,-0.2250000000000001,-0.2250000000000001
1432,"Track: Seventeen. Artist: The Peach Tree. Album: 21 Of The Peach Tree's Best Tracks. Listener tags: female vocalists, indie pop, indie, pop, alternative, british, indie rock, marina, marina the diamonds, pianos, FemaleVoice, altpop, amayzes loved, La roux, alternative rock.",Folk|Electronic|Rock,The Peach Tree,,-0.32499999999999996,-0.6
1433,"Track: Side A. Artist: Collection of the Late Howell Bend. Album: Dead and You Invited Inside. Listener tags: alternative metal, metal, rock, System of a Down, alternative, Nu Metal, hard rock, soad, alternative rock, political, sad, great lyrics, melancholic, favorites, Awesome.",Folk|Experimental,Collection of the Late Howell Bend,,-0.25,-0.35
1434,"Track: Don't Love You. Artist: The Chapin Sisters. Album: Live on WFMU's Airborne Event with Dan Bodah: September 9 ' 2013. Listener tags: indie, indie rock, british, rock, alternative, the kooks, britpop, alternative rock, kooks, 00s, brit rock, Love, british indie, UK, indie pop.",Folk,The Chapin Sisters,,-0.32499999999999996,-0.55
1435,"Track: Hold On. Artist: The Peach Tree. Album: The Ghost Of Muses Past. Listener tags: classic rock, 60s, rock, cover, pop, british, The Beatles, beatles, oldies, Love, british invasion, merseybeat, classic, john lennon, covers.",Folk|Experimental|Electronic|Rock,The Peach Tree,,-0.35,0.07499999999999996
1436,"Track: Hurt. Artist: Inch Chua. Album: FrostWire Creative Commons Mixtape 2 Side B. Listener tags: industrial, industrial rock, rock, alternative, NIN, sad, 90s, nine inch nails, alternative rock, electronic, depressing, beautiful, melancholy, hurt, trent reznor.",Folk|Pop,Inch Chua,,-0.07499999999999996,-0.30000000000000004
1437,"Track: Misery. Artist: The Simple Carnival. Album: Girls EP. Listener tags: classic rock, 60s, british, The Beatles, rock, pop, pop rock, oldies, beatles, british invasion, 1963, catchy, rock n roll, Rock Roll, paul mccartney.",Folk|Pop|Rock,The Simple Carnival,,0.02499999999999991,-0.125
1438,"Track: Really Really. Artist: My Bubba & Mi. Album: How It’s Done In Italy. Listener tags: cover, indie, covers, acoustic, female vocalists, folk, Mellow, Love, love at first listen, sweet, pop, beautiful, she and him, favorite covers, indie folk.",Folk,My Bubba & Mi,,-0.35,-0.525
1439,"Track: Gone. Artist: My Bubba & Mi. Album: How It’s Done In Italy. Listener tags: House, dance, David Guetta, electronic, club, love is gone, techno, party, electro, deep house, electronica, 77davez-all-tracks, euro dance, pop, cooooooooooooooooooooooooooooool.",Folk,My Bubba & Mi,,-0.2250000000000001,-0.525
1440,"Track: Head. Artist: Rocketship Park. Album: Cakes and Cookies. Listener tags: Nu Metal, rock, Linkin Park, alternative rock, alternative, metal, rapcore, hard rock, rap metal, Nu-metal, american, Awesome, Progressive rock, USA, a place for my head.",Folk|Rock,Rocketship Park,,0.02499999999999991,-0.02499999999999991
1441,"Track: Easy. Artist: Ben Mason. Album: Bad Panda #74. Listener tags: Bossa Nova, brazilian, mpb, brasil, samba, Jorge Ben, samba rock, brazil, funk, jazz, fip, tropicalia, brasileira, Samba-Rock, barzil.",Folk|Pop|Rock,Ben Mason,,0.0,-0.25
1442,"Track: Winter.. Artist: Entertainment for the Braindead. Album: hypersomnia. Listener tags: folk, acoustic, indie, Mellow, singer-songwriter, iron and wine, indie folk, beautiful, chill, Love, indie rock, american, alternative, winter, Lo-Fi.",Folk|Pop,Entertainment for the Braindead,,0.07499999999999996,-0.55
1443,"Track: Afternoon.. Artist: Entertainment for the Braindead. Album: hypersomnia. Listener tags: indie rock, indie, rock, british, alternative, arctic monkeys, alternative rock, Garage Rock, britpop, 00s, post-punk, brit rock, UK, Awesome, 2006.",Folk|Pop,Entertainment for the Braindead,,0.19999999999999996,-0.525
1444,"Track: Cocoon.. Artist: Entertainment for the Braindead. Album: hypersomnia. Listener tags: indie, Mellow, indie rock, indie pop, the decemberists, folk, alternative, acoustic, indie folk, chill, piano, melancholy, spotify, calm, sleepy.",Folk|Pop,Entertainment for the Braindead,,-0.10000000000000009,-0.475
1445,"Track: Home.. Artist: Entertainment for the Braindead. Album: hypersomnia. Listener tags: indie folk, folk, indie, whistling, upbeat, happy, Bagel, somafm, Love, alternative, summer, love at first listen, home, epic, indie rock.",Folk|Pop,Entertainment for the Braindead,,0.02499999999999991,-0.35
1446,"Track: Sleep.. Artist: Entertainment for the Braindead. Album: hypersomnia. Listener tags: rock, alternative rock, alternative, political, hard rock, Rage Against The Machine, rapcore, metal, 90s, alternative metal, rap metal, ratm, crossover, funk metal, Awesome.",Folk|Pop,Entertainment for the Braindead,,0.19999999999999996,-0.44999999999999996
1447,"Track: In Your Eyes. Artist: The Wispy Hummers. Album: The Wispy Hummers. Listener tags: emo, alternative, screamo, rock, punk, alternative rock, emocore, the used, Love, Awesome, post-hardcore, pop punk, punk rock, favorites, Favourite Songs.",Folk|Rock,The Wispy Hummers,,-0.1499999999999999,-0.2250000000000001
1448,"Track: My Love. Artist: The Wispy Hummers. Album: The Wispy Hummers. Listener tags: rock, alternative rock, alternative, Garage Rock, indie rock, indie, blues, blues rock, american, jack white, 00s, blues-rock, The White Stripes, Love, is it much to much to ask to hide behind the mask.",Folk|Pop|Experimental|Rock,The Wispy Hummers,,-0.1499999999999999,-0.1499999999999999
1449,"Track: Man. Artist: Srch Party. Album: Live on WFMU's The Long Rally with Scott McDowell - Feb 1 2013. Listener tags: 80s, new wave, halloween, dance, alternative, 80's, pop, rock, oingo boingo, party, Bagel, somafm, quirky, danny elfman, spooky.",Folk,Srch Party,,-0.10000000000000009,-0.2250000000000001
1450,"Track: PS. Artist: Clare and The Reasons. Album: Live at WFMU on Irene's Show July 16th 2012. Listener tags: classic rock, 60s, rock, The Beatles, pop, british, oldies, paul mccartney, beatles, british invasion, romantic, Ballad, merseybeat, ringo starr, george harrison.",Folk|Pop,Clare and The Reasons,,0.17500000000000004,0.0
1451,"Track: The Lake. Artist: Clare and The Reasons. Album: Live at WFMU on Irene's Show July 16th 2012. Listener tags: indie, indie rock, rock, Alt-country, band of horses, alternative, seattle, favorites, indie pop, Southern Rock, alternative rock, folk, 00s, The great salt lake, american.",Folk|Pop,Clare and The Reasons,,0.02499999999999991,-0.050000000000000044
1452,"Track: #6. Artist: The LibraryAnns. Album: Olde Sex Songs. Listener tags: Soundtrack, japanese, kill bill, rock, rockabilly, tarantino, Surf, Garage Rock, female vocalists, garage, rock n roll, Rock and Roll, surf rock, alternative, fip.",Folk|Pop,The LibraryAnns,,-0.19999999999999996,-0.275
1453,"Track: Stella. Artist: Mark Humble & Dave Foster. Album: Live at WFMU on Irene Trudel's Show May 21st 2012. Listener tags: trance, ambient, electronic, dance, electronica, techno, chillout, electro, House, Hip-Hop, german, germany, psy-trance, psytrance, Make you happy.",Folk|Rock,Mark Humble & Dave Foster,,-0.25,-0.30000000000000004
1454,"Track: #5. Artist: The LibraryAnns. Album: Olde Sex Songs. Listener tags: motown, soul, 70s, pop, funk, michael jackson, oldies, Disco, the jackson 5, 60s, Jackson 5, dance, happy, i want you back, party.",Folk|Pop,The LibraryAnns,,0.050000000000000044,-0.35
1455,"Track: Pain. Artist: Not From This World. Album: Millky Way. Listener tags: rock, alternative rock, emo, alternative, Jimmy Eat World, punk, pain, indie rock, punk rock, pop punk, indie, Awesome, pop, favorites, Smallville.",Folk,Not From This World,,-0.2250000000000001,-0.19999999999999996
1456,"Track: We. Artist: Not From This World. Album: Millky Way. Listener tags: indie rock, rock, indie, 00s, pop, alternative rock, alternative, The Killers, synthpop, 2008, pop rock, Post-punk revival, american, male vocalists, indie electronic.",Folk,Not From This World,,-0.17500000000000004,-0.7
1457,"Track: Money. Artist: Falcao and Monashee. Album: Fools. Listener tags: classic rock, rock, 70s, steve miller band, Southern Rock, handclaps, american, blues rock, guitar, soft rock, 1976, 80s, classic, take the money and run, pop.",Folk,Falcao and Monashee,,0.10000000000000009,-0.050000000000000044
1458,"Track: Heaven. Artist: Falcao and Monashee. Album: Falcao and Monashee. Listener tags: heavy metal, metal, hard rock, classic rock, rock, Black Sabbath, 80s, Dio, classic metal, Ronnie James Dio, doom metal, 70s, heaven and hell, british, wrif-fm.",Folk,Falcao and Monashee,,-0.19999999999999996,-0.07499999999999996
1460,"Track: Shout Out. Artist: The Twin Atlas. Album: Pioneers Toasted - Rare And Unreleased 2001-2004. Listener tags: indie rock, experimental, indie, Avant-Garde, Alternative Punk, TV on the radio, alternative, prominent organ, mild rhythmic syncopation, major key tonality, electronica influences, electric rock instrumentation, trip-hop, rock, psychedelic.",Folk,The Twin Atlas,,-0.050000000000000044,-0.275
1461,"Track: Roll On. Artist: The Twin Atlas. Album: Sun Township. Listener tags: classic rock, rock, 60s, the rolling stones, british, blues, oldies, british invasion, pop, blues rock, rolling stones, 1964, other, JTMlate60s, melancholic.",Folk,The Twin Atlas,,0.07499999999999996,-0.19999999999999996
1462,"Track: Fall Away. Artist: The Twin Atlas. Album: Magic Car Wash. Listener tags: rock, alternative, alternative rock, The Fray, piano, piano rock, indie, pop, Mellow, indie rock, soft rock, pop rock, fall away, male vocalists, 00s.",Folk,The Twin Atlas,,-0.050000000000000044,-0.275
1463,"Track: Clouds. Artist: Spires That in the Sunset Rise. Album: This is Fire. Listener tags: ambient, electronic, chillout, somafm, spacestation, electronica, Dreamy, groovesalad, downtempo, ambient house, summer, psychedelic, House, 90s, idm.",Folk,Spires That in the Sunset Rise,,-0.42500000000000004,-0.5
1464,"Track: Looking At The World From The Bottom Of A Well. Artist: Mike Doughty. Album: Live at WFMU on Irwin's Show September 21 2011. Listener tags: greys anatomy, rock, indie, Soundtrack, singer-songwriter, mike doughty, Grey's Anatomy, indie rock, alternative, male vocalists, bones, favorites, acoustic, Pop - Chilled, Favorite.",Folk|Rock,Mike Doughty,,-0.050000000000000044,-0.1499999999999999
1465,"Track: Pirates. Artist: Jack and the Pulpits. Album: Francypants. Listener tags: indie rock, indie, british, alternative, pete and the pirates, rock, fun, 2000s, 00s, jam hot, songs that i will still be listening to in a billion years, sxsw 2007, england, cute, best intro.",Folk|Rock,Jack and the Pulpits,,0.050000000000000044,-0.32499999999999996
1466,"Track: Give It To You. Artist: The Wyld Olde Souls. Album: Live at WFMU on Irene Trudel's Show on June 6 2011. Listener tags: electro, electronic, dance, indie, nu rave, party, pop, indie disco, electropop, electronica, Electro Indie, the black ghosts, happy, Black Ghosts, new rave.",Folk,The Wyld Olde Souls,,0.2749999999999999,-0.125
1467,"Track: Love. Artist: Bakers At Dawn. Album: You Must Hide Your Love Forever. Listener tags: pop, dance, Kylie Minogue, female vocalists, Disco, australian, electronic, Love, 00s, female vocalist, sexy, party, love at first sight, kylie, happy.",Folk,Bakers At Dawn,,-0.25,-0.19999999999999996
1468,"Track: Hands. Artist: Learning Music. Album: LMM 1.5 - No Fingers. Listener tags: Take It, alternative rock, rock, indie rock, indie, alternative, Love, british, energie, My Favorites, dance, the music, 00s, 2000s, emotionally overwrought.",Folk|Pop|Rock,Learning Music,,-0.32499999999999996,-0.75
1469,"Track: Siren. Artist: The Family Simpson. Album: Montague's Lunchtime Speciale. Listener tags: electronic, big beat, electronica, techno, dance, trip-hop, House, electro, breakbeat, 90s, trance, club, british, beat, party.",Folk|Pop|Rock,The Family Simpson,,-0.475,-0.44999999999999996
1470,"Track: Soup. Artist: The Family Simpson. Album: Montague's Lunchtime Speciale. Listener tags: indie, 90s, cover, alternative, pop, indie pop, covers, 1990, rock, Scottish, british, male vocal, My vinyl, fantastic opener, Bagel.",Folk|Pop|Rock,The Family Simpson,,0.02499999999999991,-0.44999999999999996
1471,"Track: Martha. Artist: Andrew Vincent And The Pirates. Album: I Love the Modern Way. Listener tags: classic rock, rock, 60s, pop, The Beatles, british, beatles, piano, happy, beautiful, oldies, 1968, names, somafm, Bagel.",Folk|Rock,Andrew Vincent And The Pirates,,0.575,0.44999999999999996
1472,"Track: Re: Your Brains. Artist: Jonathan Coulton. Album: JoCo Looks Back. Listener tags: zombies, funny, acoustic, humor, comedy, singer-songwriter, zombie, geek, geek rock, halloween, folk rock, satire, humour, fun, folk.",Folk,Jonathan Coulton,,0.0,0.050000000000000044
1473,"Track: I Feel Fantastic. Artist: Jonathan Coulton. Album: JoCo Looks Back. Listener tags: comedy, drugs, funny, singer-songwriter, indie, humor, frantic, rock, happy, jonathan coulton, humour, geek, indie rock, indie pop, pop.",Folk,Jonathan Coulton,,0.2749999999999999,0.25
1474,"Track: Code Monkey. Artist: Jonathan Coulton. Album: JoCo Looks Back. Listener tags: geek, comedy, funny, rock, indie, monkey, singer-songwriter, pop, acoustic, programming, humour, folk rock, indie rock, folk, work.",Folk,Jonathan Coulton,,0.3999999999999999,0.3500000000000001
1475,"Track: The shining sun. Artist: The Subhuman. Album: Knowing is half the battle. Listener tags: reggae, roots reggae, Bob Marley, sunny, roots, sun is shining, 70s, jamaican, Rasta, summer, world, strings organs rubber wind, summer day, marley, chillout.",Folk|Pop,The Subhuman,,-0.17500000000000004,-0.44999999999999996
1476,"Track: Vietnam. Artist: The Subhuman. Album: Knowing is half the battle. Listener tags: Psychedelic Rock, psychedelic, rock, indie rock, drone, texas, Neo-Psychedelia, drugs, indie, Stoner Rock, Garage Rock, The Black Angels, chill906, drone rock, alternative.",Folk|Pop,The Subhuman,,-0.125,0.02499999999999991
1477,"Track: Gone. Artist: Kelly Hogan &amp; The Pine Valley Cosmonauts. Album: Beneath the Country Underdog. Listener tags: pop, Kelly Clarkson, female vocalists, rock, pop rock, American Idol, dance, 00s, american, female vocalist, alternative, guilty pleasure, Pop-Rock, favorites, Since U Been Gone.",Folk|Rock,Kelly Hogan &amp; The Pine Valley Cosmonauts,,0.02499999999999991,-0.125
1478,"Track: All One. Artist: The Snow. Album: Live at WFMU on Irene Trudel's Show on 5/12/2008. Listener tags: indie, indie rock, indie pop, rock, the shins, alternative, pop, chillout, 00s, chill, amayzes loved, favorites, Dreamy, alternative rock, pop rock.",Folk|Pop,The Snow,,0.02499999999999991,-0.375
1479,"Track: Fools Gold. Artist: The Snow. Album: Live at WFMU on Irene Trudel's Show on 5/12/2008. Listener tags: indie, britpop, madchester, rock, alternative, british, 90s, Manchester, funk, 80s, alternative rock, indie rock, the stone roses, Soundtrack, dance.",Folk|Pop,The Snow,,0.0,0.02499999999999991
1480,"Track: Kisses. Artist: The Shivers. Album: Charades. Listener tags: indie, british, indie rock, Dreamy, indie pop, Love, cute, the maccabees, Mellow, chill, Acoustic Indie, sobbing, alternative, beautiful, toothpaste kisses.",Folk|Rock,The Shivers,,-0.050000000000000044,0.07499999999999996
1481,"Track: Reptile. Artist: The Snow. Album: Live at WFMU on Irene Trudel's Show on 5/12/2008. Listener tags: new wave, 80s, post-punk, alternative, rock, alternative rock, The Church, australian, Gothic Rock, Psychedelic Rock, Neo-Psychedelia, pop, 1988, sugoigdchill, fav.",Folk|Pop,The Snow,,-0.275,-0.32499999999999996
1482,"Track: Ohio. Artist: Alec K. Redfearn & the Eyesores. Album: Every Man For Himself. Listener tags: indie, indie rock, Bagel, somafm, rock, 2010, post-punk, alternative, alternative rock, lizvelrene2010, american, skins, 10s, love at first listen, epic.",Folk,Alec K. Redfearn & the Eyesores,,-0.17500000000000004,-0.4
1483,"Track: The River. Artist: The Dutchess And The Duke. Album: Live at WFMU's Cherry Blossom Clinic 1/23/2010. Listener tags: rock, indie rock, indie, alternative rock, alternative, The Killers, american, pop, Killers, epic, indie pop, Awesome, favorites, new wave, britpop.",Folk,The Dutchess And The Duke,,-0.275,-0.30000000000000004
1484,"Track: Hands. Artist: The Dutchess And The Duke. Album: Live at WFMU's Cherry Blossom Clinic 1/23/2010. Listener tags: digitalis, somafm, indie, electronic, psychedelic, alternative, rock, indie rock, mgmt, 00s, Psychedelic Rock, indie pop, american, pop, indietronica.",Folk,The Dutchess And The Duke,,-0.1499999999999999,-0.30000000000000004
1485,"Track: Highway. Artist: Uke of Spaces Corners. Album: A Streams Area or: Watershed. Listener tags: alternative metal, metal, System of a Down, rock, Nu Metal, alternative, soad, hard rock, beautiful, heavy metal, favorites, Serj Tankian, Nu-metal, Steal This Album, alternative rock.",Folk,Uke of Spaces Corners,,-0.07499999999999996,-0.30000000000000004
1486,"Track: Forever. Artist: The Bowmans. Album: Far Fom Home. Listener tags: classic rock, 60s, psychedelic, The Beatles, rock, british, pop, Psychedelic Rock, beatles, oldies, beautiful, classic, experimental, 1967, best songs ever.",Folk,The Bowmans,,-0.32499999999999996,-0.525
1487,"Track: Home. Artist: Welcome Wizard. Album: Lunachild. Listener tags: folk, female vocalists, singer-songwriter, indie folk, beautiful, acousticindiefolk, gilbert, Mellow, alternative, female vocals, soft, folktronica, winter, Q4, indie.",Folk|Experimental|Electronic,Welcome Wizard,,-0.17500000000000004,-0.65
1488,"Track: Out of Time. Artist: The Dutchess And The Duke. Album: Live at WFMU's Cherry Blossom Clinic 1/23/2010. Listener tags: classic rock, rock, 60s, the rolling stones, british, Rock and Roll, fip, oldies, 1966, pop, lx-, hard rock, british invasion, livin out the trip, male vocalists.",Folk,The Dutchess And The Duke,,-0.02499999999999991,-0.275
1489,"Track: Rock and Roll Girl. Artist: John Wicks and Paul Collins. Album: Live at WFMU on The Cherry Blossom Clinic 6/13/2009. Listener tags: punk rock, rock, green day, punk, alternative, alternative rock, pop punk, favorites, homecoming, rock opera, american, 00s, Pop-punk, Favourites, Punk-Pop.",Folk|Rock,John Wicks and Paul Collins,,-0.02499999999999991,-0.10000000000000009
1490,"Track: Seasons. Artist: Twi the Humble Feather. Album: Live at WFMU on Bethany Ryker's Show on 10/5/2008. Listener tags: thrash metal, metal, heavy metal, Slayer, thrash, speed metal, trash metal, classic metal, Awesome, death metal, excellent, killer intro, Seasons In The Abyss, rock, atmospheric.",Folk,Twi the Humble Feather,,-0.30000000000000004,-0.475
1491,"Track: Rise. Artist: Alec K Redfearn & the Seizures. Album: Live at WFMU on Talk's Cheap 5/5/2009. Listener tags: punk rock, rock, melodic hardcore, punk, hardcore, Rise Against, hardcore punk, alternative, alternative rock, hard rock, Guitar Hero, political, melodic punk, favorite songs, Awesome.",Folk|Experimental,Alec K Redfearn & the Seizures,,-0.050000000000000044,0.050000000000000044
1492,"Track: Couldn't. Artist: Father Sleep. Album: Six Songs From The New Deck. Listener tags: indie, indie pop, female vocalists, Dreamy, dream pop, female vocalist, Mellow, psychedelic pop, Lo-Fi, experimental, synthpop, psychedelic, interesting synth riff, smoke weed and sip earl grey tea music, au revoir simone.",Folk|Pop,Father Sleep,,-0.42500000000000004,-0.55
1493,"Track: Apart. Artist: Not From This World. Album: Millky Way. Listener tags: metal, thrash metal, metalcore, Trivium, heavy metal, melodic metal, Pull Harder On The Strings Of Your Martyr, hardcore, hard rock, awesome riffs, FUCKING AWESOME, Melodic Death Metal, love song, Zombie-ish, Technical Thrash Metal.",Folk,Not From This World,,-0.25,0.2749999999999999
1494,"Track: Sunshine. Artist: Cath and Phil Tyler. Album: Live at WFMU on Dan Bodah's Show on 4/6/2008. Listener tags: 80s, pop, happy, new wave, female vocalists, summer, rock, dance, upbeat, 1985, oldies, female vocalist, fun, one hit wonder, party.",Folk,Cath and Phil Tyler,,-0.02499999999999991,-0.30000000000000004
1495,"Track: Maybe. Artist: The Wyld Olde Souls. Album: Live at WFMU on Irene Trudel's Show on June 6 2011. Listener tags: emo, screamo, post-hardcore, alternative rock, the used, alternative, punk, emocore, rock, hardcore, punk rock, hard rock, Cali music, pop, FUCKING AWESOME.",Folk,The Wyld Olde Souls,,-0.1499999999999999,-0.275
1496,"Track: Washington. Artist: The Nighttime Adventure Society. Album: Chapter One: The First Chapter. Listener tags: DC, indie, indie pop, female vocalists, DC, Love, geography, places, washington dc, place song, spelling, american, female vocals, rock, alternative.",Folk|Pop,The Nighttime Adventure Society,,0.2749999999999999,0.19999999999999996
1497,"Track: Random Rules. Artist: Silver Jews. Album: Live at WFMU on Benjamin Walker's Show on 9/8/2008. Listener tags: indie, Alt-country, indie rock, silver jews, Lo-Fi, alternative, elovibeloved, in 1984 i was hospitalized for approaching perfection, perfect, electric rhythm guitars, basic rock song structures, Quotable, folk influences, brass instrument solos, major key tonality.",Folk|Rock,Silver Jews,,-0.1499999999999999,-0.35
1498,"Track: Pony. Artist: Silver Jews. Album: Live at WFMU on Benjamin Walker's Show on 9/8/2008. Listener tags: silver jews, animals, indie rock, Alt-country, indie, Lo-Fi, nix partly, leapsandbounds playlist, Awesome, alternative, singer-songwriter, leapsandloved, songs with animals in title, solo strings, sj.",Folk|Rock,Silver Jews,,-0.050000000000000044,-0.30000000000000004
1499,"Track: California. Artist: Falcao and Monashee. Album: Fools. Listener tags: pj harvey, alternative, woman, mygirls, tolearnenglish, sleepwell, veryverymine, PJ, female vocalists, brititsh, veryvery mine, indie, California, rock, Love.",Folk,Falcao and Monashee,,-0.050000000000000044,-0.125
1500,"Track: lies. Artist: Art of Flying. Album: You Are the World You Are Not the World. Listener tags: indie, british, post-punk, rock, alternative, White Lies, indie rock, alternative rock, epic, rockin, dramatic, catchy, personal favourites, FUCKING AWESOME, story-telling.",Folk|Rock,Art of Flying,,-0.30000000000000004,-0.44999999999999996
1501,"Track: Love. Artist: Shadow Priest. Album: Street Theatre. Listener tags: heavy metal, metal, hard rock, classic rock, NWOBHM, Judas Priest, rock, 80s, british, New Wave of British Heavy Metal, rob halford, Power metal, classic metal, Metal Gods, british steel.",Hiphop|Experimental|Electronic,Shadow Priest,,0.0,-0.02499999999999991
1502,"Track: Shine. Artist: Ain't No Love. Album: FrostWire Creative Commons Mixtape Volume 4. Listener tags: classic rock, 70s, rock, pop, Disco, ELO, Progressive rock, Electric Light Orchestra, Symphonic Rock, dance, british, funk, anytime is housetime, upbeat, 1979.",Hiphop|Pop|Electronic,Ain't No Love,,0.55,0.5
1503,"Track: Placebo. Artist: Tab & Anitek. Album: Tab & Anitek - Sights & Sounds. Listener tags: alternative rock, alternative, rock, Placebo, british, indie, couplesgdchill, rap, britpop, sex, rap rock, Post-punk revival, Love, glam rock, neo-glam.",Hiphop|Electronic,Tab & Anitek,,0.2250000000000001,-0.2250000000000001
1504,"Track: Enemy. Artist: The Impossebulls. Album: Enemy Among Us. Listener tags: rock, alternative rock, political, metal, rapcore, Rage Against The Machine, alternative, hard rock, 90s, rap metal, crossover, alternative metal, Maynard James Keenan, funk metal, ratm.",Hiphop,The Impossebulls,,0.25,0.2250000000000001
1505,"Track: Pigs. Artist: Black Dice. Album: Live at WFMU on Brian Turner's Show June 26th 2012. Listener tags: heavy metal, classic rock, hard rock, metal, rock, Black Sabbath, 70s, wrif-fm, doom metal, classic metal, british, political, Guitar Hero, Stoner Rock, favorites.",Hiphop|Experimental,Black Dice,,-0.19999999999999996,-0.02499999999999991
1506,"Track: When She Looked At Me (I Saw Her Wondering). Artist: niwa. Album: netBloc Vol. 16: Sweet Sixteen. Listener tags: downtempo, jazzhop, japanese, beats, deep house, instrumental, chill, jazzy, smooth, lush, jazzy hip-hop, crunchy beats, beatstrumental.",Hiphop,niwa,,0.0,-0.050000000000000044
1507,"Track: in. Artist: Broke n phono. Album: brokenphonograph. Listener tags: hard rock, rock, classic rock, Guns N Roses, 80s, hair metal, acoustic, metal, heavy metal, american, genial, 90s, 1988, Favourites, Ballad.",Hiphop,Broke n phono,,0.125,0.17500000000000004
1508,"Track: Les. Artist: Apes on Tapes. Album: Foreplays. Listener tags: chillout, downtempo, trip-hop, ambient, chill, lounge, electronic, electronica, somafm, groovesalad, instrumental, Nightmares on wax, chill out, downbeat, beautiful.",Hiphop|Experimental|Electronic,Apes on Tapes,,0.2250000000000001,0.07499999999999996
1509,"Track: that way. Artist: epsilon not. Album: old new realism. Listener tags: folk, 70s, classic rock, singer-songwriter, Jim Croce, easy listening, oldies, male vocalists, acoustic, soft rock, Mellow, rock, folk rock, favorites, Operator thats not the way it feels - Jim Croce.",Hiphop|Instrumental|Electronic,epsilon not,,0.2250000000000001,0.10000000000000009
1510,"Track: Higher. Artist: The Honorable Sleaze. Album: Higher. Listener tags: rock, pop, chillout, alternative, female vocalists, the cardigans, slow, swedish, cardigans, sad, female vocalist, Mellow, indie, 90s, female.",Hiphop,The Honorable Sleaze,,-0.2250000000000001,0.1499999999999999
1511,"Track: Good Time. Artist: The NSJ Crew. Album: Goin' Ham. Listener tags: rock, classic rock, new wave, 80s, pop, somafm, Bagel, The Cars, poprock, 70s, pop rock, album rock, alternative, catchy, fun.",Hiphop,The NSJ Crew,,0.125,0.1499999999999999
1512,"Track: Haunted. Artist: The NSJ Crew. Album: Goin' Ham. Listener tags: thrash metal, death metal, Melodic Death Metal, metal, Swedish Metal, thrash, The Haunted, bury your dead, metalcore, 718 Metal, deathgrind, 5-star, brutal, Extreme Metal, Trash.",Hiphop,The NSJ Crew,,-0.30000000000000004,0.050000000000000044
1513,"Track: The Nellie. Artist: The NSJ Crew. Album: Goin' Ham. Listener tags: punk, 80s, punk rock, british, Oi, All time favourites, UK-Punk, rock, knees-up, alternative, Toy Dolls, cover, novelty, 1984, animals.",Hiphop,The NSJ Crew,,0.2749999999999999,0.32499999999999996
1514,"Track: Herb. Artist: The Hate Noise. Album: Rap Trax 3. Listener tags: downtempo, trip-hop, chillout, ninja tune, acid jazz, electronic, sexy, lounge, sex, chill, sensual, female vocalists, Hip-Hop, trip hop, jazz.",Hiphop,The Hate Noise,,-0.10000000000000009,0.10000000000000009
1515,"Track: Culture for Dollars. Artist: Dälek. Album: Live at WFMU on Mike's Show on 9/25/2004. Listener tags: experimental hip-hop, experimental, noise, Hip-Hop, industrial, rap, experimental hip hop, electronic, 2005, industrial hip hop, avant rap, Check it out, shoe-hop, industrial hip-hop, pocahontas.",Hiphop,Dälek,,-0.1499999999999999,-0.050000000000000044
1516,"Track: Crazy. Artist: Blank & Kytt. Album: Heavy. Listener tags: Serious, Rock, indie rock, rock, indie, alternative, british, Garage Rock, alternative rock, the subways, rocknrolla, Favourites, brit rock, Rock and Roll, the oc.",Hiphop,Blank & Kytt,,0.1499999999999999,-0.02499999999999991
1517,"Track: A Year. Artist: Broke For Free. Album: Layers. Listener tags: indie, Canadian, indie rock, Mellow, Broken social scene, alternative, favorites, chillout, beautiful, post-rock, experimental, Dreamy, nostalgia, anthems for a seventeen year old girl, epic.",Hiphop|Electronic,Broke For Free,,0.25,0.0
1518,"Track: Strip. Artist: The House Arts. Album: NEW 7.0. Listener tags: rock, alternative rock, alternative, indie, indie rock, Garage Rock, The White Stripes, wrif-fm, 00s, white stripes, cimx-fm, american, favorites, blues rock, seven nation army.",Hiphop|Electronic,The House Arts,,0.2749999999999999,0.32499999999999996
1519,"Track: Stereo. Artist: The Hate Noise. Album: Rap Trax Vol. 2. Listener tags: indie, somafm, Bagel, indie pop, indie rock, happy, power pop, fun, alternative, 00s, The Apples in Stereo, Elephant 6, feel good, psychedelic, Rock Band Network.",Hiphop,The Hate Noise,,0.0,0.1499999999999999
1520,"Track: The Last One. Artist: The Honorable Sleaze. Album: This Funk. Listener tags: indie, indie rock, british, rock, the kooks, alternative, sad, britpop, acoustic, beautiful, male vocalists, melancholy, alternative rock, love at first listen, favorites.",Hiphop,The Honorable Sleaze,,0.07499999999999996,0.07499999999999996
1521,"Track: Too Much. Artist: The Honorable Sleaze. Album: This Funk. Listener tags: indie rock, rock, indie, alternative rock, alternative, Garage Rock, The Strokes, Grunge, Retro, garage rock revival, american, new york, 00s, new wave, 2003.",Hiphop,The Honorable Sleaze,,-0.050000000000000044,-0.02499999999999991
1522,"Track: Intro. Artist: The Honorable Sleaze. Album: This Funk. Listener tags: indie, alternative, best intro ever, electronic, british, instrumental, sexy as fuck, the xx, atmospheric, sexy, hypnotize me on repeat, and now slowly open your eyes, quiet hours of the night, love at first listen, nostalgic.",Hiphop,The Honorable Sleaze,,0.050000000000000044,0.17500000000000004
1523,"Track: Lovin'. Artist: The Honorable Sleaze. Album: Dance Track. Listener tags: 60s, classic rock, oldies, summer, rock, pop, 1966, favorites, folk rock, pop rock, upbeat, the lovin spoonful, summer in the city, loved, psychedelic.",Hiphop,The Honorable Sleaze,,0.4750000000000001,-0.050000000000000044
1524,"Track: One Fine Day. Artist: The Insider. Album: All's Fair in Love of Wax. Listener tags: punk rock, punk, rock, The Offspring, alternative, alternative rock, offspring, fun, 00s, Awesome, One Fine Day, american, fast, mood booster, skate punk.",Hiphop|Electronic,The Insider,,0.1499999999999999,-0.1499999999999999
1525,"Track: Right. Artist: The Insider. Album: All's Fair in Love of Wax. Listener tags: oldies, 60s, Love, Ballad, soul, romantic, love songs, pop, Soundtrack, unchained melody, the righteous brothers, classic rock, beautiful, classic, male vocalists.",Hiphop|Electronic,The Insider,,-0.125,-0.125
1526,"Track: The Great. Artist: Broke For Free. Album: Slam Funk. Listener tags: heavy metal, metal, Iron Maiden, NWOBHM, New Wave of British Heavy Metal, Progressive metal, Awesome, epic, rock, hard rock, a matter of life and death, Progressive, Up the irons, classic rock, songs that make you think a little bit more.",Hiphop|Electronic,Broke For Free,,0.2250000000000001,0.2250000000000001
1527,"Track: B.. Artist: Black Ant. Album: Joanna Preciado. Listener tags: heavy metal, hard rock, classic rock, metal, rock, Black Sabbath, 70s, doom metal, classic metal, Stoner Rock, Psychedelic Rock, british, rock band, 6 of 10 stars, 1970.",Hiphop,Black Ant,,-0.125,-0.07499999999999996
1528,"Track: Who Knows. Artist: Deal The Villain. Album: The DTV Beat Tape. Listener tags: folk, british folk, folk-rock, folk rock, classic rock, fairport convention, beautiful, british, 60s, female vocalists, rock, english folk, 60's, autumn, sex.",Hiphop,Deal The Villain,,0.125,-0.10000000000000009
1529,"Track: The World. Artist: Height With Friends. Album: Live at WFMU on Keili's Show 1/25/09. Listener tags: hardcore, punk, hardcore punk, Straight Edge, punk rock, dischord, straight edge hardcore, XXX hardcore, straight-edge, Old school Hardcore, my life story in a nutshell of a song, Punky, Punx, political, alternative.",Hiphop,Height With Friends,,0.10000000000000009,0.17500000000000004
1530,"Track: Want You. Artist: Deal The Villain. Album: The DTV Beat Tape. Listener tags: classic rock, rock, 60s, the rolling stones, british, house md, classic, blues, Rock and Roll, blues rock, oldies, rolling stones, Soundtrack, 1969, 70s.",Hiphop,Deal The Villain,,0.30000000000000004,-0.19999999999999996
1531,"Track: Sweet. Artist: Deal The Villain. Album: The DTV Beat Tape. Listener tags: britpop, rock, alternative, 90s, indie, british, alternative rock, The Verve, Soundtrack, pop, indie rock, favorites, beautiful, chillout, melancholy.",Hiphop,Deal The Villain,,0.02499999999999991,-0.050000000000000044
1532,"Track: Judas. Artist: Deal The Villain. Album: The DTV Beat Tape. Listener tags: heavy metal, metal, hard rock, NWOBHM, rock, Judas Priest, 80s, classic rock, classic metal, british, Metal Gods, Power metal, Breaking the law, rob halford, classic.",Hiphop,Deal The Villain,,0.19999999999999996,0.1499999999999999
1533,"Track: Hey. Artist: The Custodian of Records. Album: She Hate Me. Listener tags: classic rock, 60s, rock, The Beatles, british, pop, beatles, oldies, classic, favorites, piano, Love, beautiful, hey jude, british invasion.",Hiphop|Instrumental,The Custodian of Records,,0.050000000000000044,0.07499999999999996
1534,"Track: Love Lost. Artist: The Good People. Album: Home Coming. Listener tags: indie, indie rock, rock, australian, alternative, other, Love, alternative rock, The Temper Trap, 00s, modern rock, alt, post-punk, male vocalists, love lost.",Hiphop,The Good People,,0.17500000000000004,0.17500000000000004
1535,"Track: Star. Artist: Jay Slim. Album: netBloc Vol. 23: We Invented The Compilation. Listener tags: electronic, big beat, dance, techno, electronica, House, fatboy slim, wtf, alternative, 00s, breakbeat, Good Stuff, Club and Dance, party, HOT Songs.",Hiphop,Jay Slim,,0.10000000000000009,0.07499999999999996
1536,"Track: much much love. Artist: The Years. Album: vosotros presents: the years // mixtape. Listener tags: happy, alternative, Love, so much love, the rocket summer, emo, piano, fun, rock, indie, piano rock, indie rock, pop rock, favorites, singer-songwriter.",Hiphop,The Years,,-0.050000000000000044,-0.4
1537,"Track: Lover's Rock. Artist: The Years. Album: vosotros presents: the years // mixtape. Listener tags: punk, punk rock, rock, british, the clash, 70s, classic rock, 1979, alternative, 80s, 1970s, british i like, Classic Punk, indie, Love.",Hiphop,The Years,,0.2250000000000001,-0.4
1538,"Track: Rain. Artist: Bilal Bashir &amp; Divine Styler. Album: Word Power (The Instrumentals). Listener tags: folk, 60s, singer-songwriter, classic rock, folk rock, rock, Bob Dylan, blues, american, singer-songwritergdchill, folkrock, 1966, Dylan, harmonica, folk-rock.",Hiphop,Bilal Bashir &amp; Divine Styler,,0.32499999999999996,-0.07499999999999996
1539,"Track: Sleep.. Artist: Black Ant. Album: Joanna Preciado. Listener tags: heavy metal, hard rock, metal, classic rock, rock, doom metal, 70s, Black Sabbath, British Metal, Stoner Rock, classic metal, heavy, lovecraft, british, Traditional Doom Metal.",Hiphop,Black Ant,,-0.1499999999999999,-0.07499999999999996
1540,"Track: Vibration. Artist: The Insider. Album: All's Fair in Love of Wax. Listener tags: reggae, roots reggae, Bob Marley, jamaican, ska, 70s, Happie Melancholy, roots, positive, Classic Roots Reggae, lugnt06, tungt06, Solomusika-Loved, positive vibration, jamaica.",Hiphop|Electronic,The Insider,,0.17500000000000004,0.02499999999999991
1541,"Track: If. Artist: Broke For Free. Album: Layers. Listener tags: indie, female vocalists, british, alternative, love at first listen, indie pop, magical, my own secret ceremonials, beautiful, piano, pop, if my soul were composed of musical notes, songs i love, Eargasm, to listen at night.",Hiphop|Electronic,Broke For Free,,0.050000000000000044,-0.10000000000000009
1542,"Track: Nola. Artist: Broke For Free. Album: Grass Hop. Listener tags: pop, Disco, 80s, dance, female vocalists, 70s, oldies, irish, cheese, the nolans, 1979, happy, 80's, cheesy, samba.",Hiphop|Electronic,Broke For Free,,0.125,0.125
1543,"Track: The Hunt. Artist: Comfort Fit. Album: Forget And Remember. Listener tags: electronic, instrumental hip-hop, ninja tune, abstract hip-hop, Hip-Hop, snowboard, experimental hip-hop, instrumental, downbeat, vule, experimental, evil, underground hip-hop, beats, easy listening.",Hiphop,Comfort Fit,,0.2749999999999999,0.10000000000000009
1544,"Track: Rock On. Artist: Luck & Ripps. Album: The Catastrophic Connection. Listener tags: rock, hard rock, 80s, classic rock, bon jovi, 90s, 80s rock, melodic rock, hair band, jz, roquenrou, keep the faith, Good Feelings, songs that rawk, more cowbell.",Hiphop,Luck & Ripps,,0.3500000000000001,0.10000000000000009
1545,"Track: Future Music. Artist: It's Notherground Music!!. Album: It's Notherground Music!!. Listener tags: experimental, ambient, electronic, atmospheric, Avant-Garde, trip-hop, electronica, dark, dark ambient, norwegian, lounge, chill out, beautiful, electro, alternative.",Hiphop,It's Notherground Music!!,,-0.050000000000000044,-0.050000000000000044
1546,"Track: Planetary Picknick. Artist: Comfort Fit. Album: Forget And Remember. Listener tags: abstract hip-hop, instrumental hip-hop, downbeat, bassline, space, electronic, ninja tune, Hip-Hop, chill, hip hop, experimental hip-hop, netlabel, Ninja Tunes, intrumental, underground hip-hop.",Hiphop,Comfort Fit,,0.07499999999999996,-0.1499999999999999
1547,"Track: Todo. Artist: Ache de noche. Album: Best Of Breitband Vol. 3. Listener tags: Flamenco, new flamenco, spanish, latin, world, spain, Hip-Hop, flamenco fusion, todo tiende, rumba, mestizo, Nuevo Flamenco, musical journey, dance, hip hop.",Hiphop,Ache de noche,,-0.25,0.19999999999999996
1548,"Track: Emotional Draft. Artist: Comfort Fit. Album: Forget And Remember. Listener tags: electronic, nujazz, downbeat, ninja tune, Hip-Hop, experimental, scapes, abstract hip-hop, Boo Berry, ambient, experimental hip-hop, scatter funk, chill-step, cinematic, abstract.",Hiphop,Comfort Fit,,-0.10000000000000009,-0.32499999999999996
1549,"Track: Bird. Artist: James Pants. Album: Bonus Beat Blast 2011. Listener tags: Progressive rock, rock, classic rock, Barclay James Harvest, -progressive-and-classic-rock-, melancholic, 70s, the best, symphonic prog, symphony, rock ballad, symphonic, atmospheric, Rock 80s, 70s prog.",Hiphop|Electronic,James Pants,,-0.02499999999999991,0.050000000000000044
1550,"Track: Ghosts pt. 2. Artist: Shlohmo. Album: Shlo-Fi EP. Listener tags: experimental, downtempo, idm, metro downtempo, abstract, glitch, waiting for 2, qwerty101-dt, smokey, glitch-hop, Hip-Hop, ambient, 333, titi, Elankoms tinka.",Hiphop,Shlohmo,,-0.050000000000000044,-0.32499999999999996
1551,"Track: Hairy Crushed Nuts. Artist: Comfort Fit. Album: Forget And Remember. Listener tags: Hip-Hop, abstract hip-hop, Warp, experimental hip-hop, ninja tune, instrumental hip-hop, downbeat, hip hop, trippy, thumpy, underground hip-hop, good music, Ninja Tunes, chill, experimental.",Hiphop,Comfort Fit,,0.1499999999999999,0.10000000000000009
1552,"Track: Easy Ride. Artist: The Hate Noise. Album: Rap Trax Vol. 2. Listener tags: classic rock, Psychedelic Rock, rock, psychedelic, 60s, The Doors, 1969, probably the best vocal in the world, crazy, 1960s, blues rock, dawns psychedelic radio, 60, handclaps, ariel.",Hiphop,The Hate Noise,,0.1499999999999999,0.1499999999999999
1553,"Track: Primavera. Artist: Os Trasnos De Moscoso. Album: Casa da Joaquina. Listener tags: trance, electronic, minimal, Dj Tiesto, techno, Tiesto, dance, Progressive House, minimal techno, electro trance, dj, dream trance, paul van dyk, melodic trance, emotional.",Hiphop,Os Trasnos De Moscoso,,0.1499999999999999,0.2250000000000001
1554,"Track: Relaxation Spa Treatment. Artist: Dan the Automator. Album: The WIRED CD: Rip. Sample. Mash. Share.. Listener tags: chillout, instrumental hip-hop, trip-hop, Hip-Hop, lastfm slightly chilled radio, loved, no lyrics, Bimmelmucke, Easy ListeningDownbeat, Zmorge-Tunes, tell me can ya feel the bass, adds, artist best track, laid-back chill, spa.",Hiphop,Dan the Automator,,0.19999999999999996,-0.125
1555,"Track: Back To The Sea. Artist: Adam & Alma. Album: netlabelism.com - Compilation 12/10. Listener tags: 23 seconds, netlabel, creative commons, dream pop, indietronica, swedish indie pop, Dreamy, indie disco, chill, Swedish indie, Indietronic, downtempo, piano, shoegazing, netaudio.",Hiphop|Pop|Electronic,Adam & Alma,,-0.1499999999999999,-0.525
1556,"Track: Sam. Artist: Mr Ascofi. Album: Perfide City. Listener tags: trance, electronic, Tech trance, dance, 00s, club, House, mr sam, techno, vocal trance, id-t, progressive trance, 3 and a half stars, Electro Pop, dance club.",Hiphop,Mr Ascofi,,-0.07499999999999996,0.2749999999999999
1557,"Track: Loco. Artist: El Klan de los DeDeTe. Album: Maneras de Ser. Listener tags: spanish, El Canto del Loco, pop, Spanish Rock, Comercial, love song, pop rock, rock, espanyol, espanola, latin pop, rock en español, Latin Rock, Mejores, he.",Hiphop|Electronic,El Klan de los DeDeTe,,0.125,0.32499999999999996
1558,"Track: Ever Somber. Artist: Dälek. Album: Live at WFMU on Mike's Show on 9/25/2004. Listener tags: experimental hip-hop, Hip-Hop, experimental, rap, underground hip-hop, Avant-Garde, noise, industrial hip-hop, industrial, Favorite, atmospheric strange, shoegaze, krautrock, hip hop, nightmare vision.",Hiphop,Dälek,,-0.4,0.2250000000000001
1559,"Track: Miles of Smiles. Artist: Comfort Fit. Album: Forget And Remember. Listener tags: nu jazz, nujazz, jazz, netlabel, chillout, ninja tune, polyshufflez, genius, Ninja Tunes, netaudio, nu-jazz, netmuzyka, trip-hop, comfort fit, miles of smiles.",Hiphop,Comfort Fit,,0.19999999999999996,0.050000000000000044
1560,"Track: Interlude. Artist: jonas the plugexpert. Album: Den Haag - Nijmegen. Listener tags: instrumental, beautiful, 10s, hip hop, 2010, Kanye West, piano, Hip-Hop, Awesome, interlude, need2download, amazing, hip hop tag, d-flat major, Gay Fish.",Hiphop|Electronic,jonas the plugexpert,,0.050000000000000044,0.050000000000000044
1561,"Track: Let's Do It. Artist: It's Notherground Music!!. Album: It's Notherground Music!!. Listener tags: electropop, alternative, rock, alternative rock, favorites, pop rock, pop punk, powerpop, rock band, Rock Band Network, power pop, pop- punk, punkd, awesomeness rock.",Hiphop,It's Notherground Music!!,,0.0,0.25
1562,"Track: Bow Down. Artist: The Hate Noise. Album: Rap Trax 3. Listener tags: 80s, pop, indie, happy, 80s y 90s, RockPop, fun to skateboard to, ifpopdidntmeanbritneyspears, 1987, indiepop, rock, britpop, horns, Morning mood, martinis and bikinis.",Hiphop,The Hate Noise,,-0.050000000000000044,0.32499999999999996
1563,"Track: Neptune. Artist: Om Unit. Album: Jus Like Music & Apple Juice Break present: Oscillations Part 1. Listener tags: labores somnium, dubstep, wobble, electronic, bass, Electro Dubstep, bassstep, ambient, hip hop, dark ambient, trip hop, trip-hop, bumpin, heavy dubstep, ambient dubstep.",Hiphop|Electronic,Om Unit,,0.02499999999999991,0.17500000000000004
1564,"Track: Websiiite (with Dragan Espenschied). Artist: Tracky Birthday. Album: Animal Audition. Listener tags: 8-bit, Geek rap, mega epic win, love this, electronic, nerdcore, fun, chiptune, catchy, free, Nerdcore Rap, website, upitup, tracky, tracky birthday.",Hiphop|Electronic,Tracky Birthday,,0.2749999999999999,0.3500000000000001
1565,"Track: Life's A Beach. Artist: The Professional Savage. Album: RIP Syringe Stick Up Mama. Listener tags: Beach Boys Masterpieces, from day to day, eclectonia, Dreamy, melancholy, Rock Roll, sentimentality, music from mars, love these vocals, beachboyesque, tree song, ERIC IOZZI, dirgelike, one of their worst, extremely beautiful melody.",Hiphop,The Professional Savage,,-0.10000000000000009,-0.02499999999999991
1566,"Track: Nickles And Dimes. Artist: T Bird. Album: netBloc Vol. 37: FIVE. Listener tags: soul, funky, creative commons, Real hip-hop, netlabel, 23 seconds, underground hip-hop, Hip-Hop, groovy, madchester, underground hip hop, blues, beat box, electro jazz, space funk.",Hiphop,T Bird,,0.30000000000000004,0.07499999999999996
1567,"Track: Over. Artist: K. Sparks. Album: Diagnosis: Success. Listener tags: rock, pop punk, christian rock, Relient K, christian, chill, my life, favorites, Mood-breakup, pop, punk, Mood-fun, piano-driven, just rocks, stuckNhead music.",Hiphop,K. Sparks,,-0.25,0.0
1568,"Track: Bicycle. Artist: The Hate Noise. Album: Rap Trax 3. Listener tags: indie, indie rock, british, Band I want to hear more of, cool finds, all mod cons, the maccabees, good new band, bands I should listen to more, tryme, best intro, unbelievalble indie, schmucke Stimmen, songs about bicycles, shampagne music.",Hiphop,The Hate Noise,,0.10000000000000009,0.25
1569,"Track: Water Lily. Artist: Moa Pillar. Album: Fly Russia. Listener tags: abstract hip hop, candy flavor, scatter funk, Lucky Charms, wonky, chiptune, synthpoppers, chip-hop, undefinable, glitch-hop, amazing, trip-bit, this is unbelievable, holy cow, Hip-Hop.",Hiphop|Electronic,Moa Pillar,,0.1499999999999999,0.19999999999999996
1570,"Track: Disclosure. Artist: Tab & Anitek. Album: Tab & Anitek - Sights & Sounds. Listener tags: UK Garage, House, electronica, 2-step, love at first listen, electronic, uk funky, british, FabricLive, 2013, fabric, female vocalists, you keep me hooked up underground, dance tunez, egofm.",Hiphop|Electronic,Tab & Anitek,,0.050000000000000044,-0.10000000000000009
1571,"Track: Science Fiction. Artist: Double Helix (Morphamish & Texture). Album: Future Proof. Listener tags: rock, dansk, Alternative Punk, General Mainstream Rock, pop, alternative, alternative rock, scandinavian, interpol, favorites, 00s, nephew, danish poprock, web-found, top50 dr07.",Hiphop|Electronic,Double Helix (Morphamish & Texture),,-0.1499999999999999,0.4750000000000001
1572,"Track: Top Of The World. Artist: Kris Anderson - Studio 11. Album: Studio 11 Free Beats Volume 4. Listener tags: country, Female country, lynn anderson, Top of the world, Foxtrott, covers, pop, female vocalists, oldies, aetesaki, to classify, bianca smiles, biancas country, solx, patty griffin-kite song.",Hiphop|Instrumental,Kris Anderson - Studio 11,,0.125,0.0
1573,"Track: Le Mort Du Petit Prince. Artist: Bram Nelson. Album: Tokyo Dawn Classics. Listener tags: nujazz, chillout, Gilles Peterson, experimental, sunshine, ninja tune, cinematic jazz, broken beats, Chillosophy, The Good Stuff, good music, Air, Warp, Ninja Tunes, tokyo dawn.",Hiphop|Electronic,Bram Nelson,,-0.02499999999999991,-0.35
1574,"Track: City Harmony. Artist: Bram Nelson. Album: Tokyo Dawn Classics. Listener tags: deep house, electronic, ninja tune, chillout, tokyo dawn, good music, metro downtempo, brazilounge, TDR, jazz soul, juice, sexy lounge, deep-house, cafe del mar, bassline.",Hiphop|Electronic,Bram Nelson,,0.2250000000000001,0.10000000000000009
1575,"Track: Mirage. Artist: Tab & Anitek. Album: Tab & Anitek - Sights & Sounds. Listener tags: 60s, oldies, pop, classic rock, 60s Gold, british invasion, 5 times or less, Mirage Tommy James and The Shondells, rock, Radiotsar approved, favorites, THE HOWIE BAND STAFFORDSHIRE, garage, Tweepop fossil, aberrant mental states.",Hiphop|Electronic,Tab & Anitek,,0.050000000000000044,0.02499999999999991
1576,"Track: Humphrey. Artist: C. Scott. Album: Stage Theory (Beats vol. 3). Listener tags: singer-songwriter, male vocalists, pop, rock, 60s, about a boy, scott walker, I am bien, samplistic, 1960s, baroque pop, indie, notbaroque, vocabulary songs, songs with particularly impressive lyrical form.",Hiphop|Electronic,C. Scott,,0.10000000000000009,-0.275
1577,"Track: Drifter. Artist: Tab & Anitek. Album: Tab & Anitek - Sights & Sounds. Listener tags: doo wop, rhythm and blues, oldies, 50s, swing, MetroHadriani Loves this music, jive, soul, weallgetold, double-ender 11, class struggle, flamboyant voice, 1953, i feel good, 50er kapellen.",Hiphop|Electronic,Tab & Anitek,,0.050000000000000044,-0.07499999999999996
1578,"Track: Crazy. Artist: Blank & Kytt. Album: Heavy. Listener tags: Serious, Flava, electronic, chillout, House, buddha bar, ambient, dance, world, lovedtrack, flava, positiva, mark-test2, umlaute, xspf2tag.",Hiphop,Blank & Kytt,,0.2250000000000001,-0.050000000000000044
1579,"Track: Qui. Artist: Alaclair Ensemble. Album: Le roé c'est moé. Listener tags: early music, medieval, renaissance, Classical, relaxing, meditative, male vocals, pre-baroque, 15th century, acoustic, sacred music, slgdmfolk, chant, Voice, cypriot.",Hiphop,Alaclair Ensemble,,0.19999999999999996,-0.02499999999999991
1580,"Track: Floating. Artist: John Ming. Album: netlabelism.com - Compilation 12/10. Listener tags: blues, delta blues, Classic Blues, acoustic blues, slgdmblues, tungt09-, lugnt09-, Buster Benton, country blues, USA, old favorites, 4, Heroes of the Blues, blues singer, Water Songs.",Hiphop|Electronic,John Ming,,0.2749999999999999,0.050000000000000044
1581,"Track: Now Get Busy. Artist: Beastie Boys. Album: The WIRED CD: Rip. Sample. Mash. Share.. Listener tags: Hip-Hop, Beastie Boys, groovin, velcro hip hop, hiphop alternatywny, 9n1ne, petunias rock, Southside 2007, nyc old school indie hip hop rap rock 80s, partey, do not play me this again, abgehmukke, Velcro, tracks i know, B-Boys.",Hiphop,Beastie Boys,,0.375,0.2749999999999999
1582,"Track: I Rise. Artist: Syndrôm & Kendall WA. Album: Another One EP. Listener tags: live, Mellow, folk, da brivido, Alternative Punk, close your eyes, deepness, the voice, floating, 00s, roots, excellent, blues-rock, just love it, current favourites.",Hiphop,Syndrôm & Kendall WA,,0.2250000000000001,0.10000000000000009
1583,"Track: Something Old. Artist: Broke For Free. Album: Something EP. Listener tags: 9 pour cent, experimental, Sludge, ambient, dark ambient, mr and mrs, r2-d2, the blackness, Should be in a movie, great sampling, post metal, unclassifiable, sludge metal, download, apocalyptic.",Hiphop|Electronic,Broke For Free,,0.1499999999999999,0.050000000000000044
1584,"Track: Intro. Artist: Questionmark Embargo. Album: ADVENTURES IN SCIENCE FRICTION. Listener tags: rock, cantautor, Tranquilo, para escuchar, 400, canalla, subelamusica, a solas, MUJER VOCALISTA, v10 a solas, v10 tranquilo, v10 para escuchar, v10 rock, v10 canalla.",Hiphop|Electronic,Questionmark Embargo,,-0.02499999999999991,-0.10000000000000009
1585,"Track: You to Me. Artist: Steve Anderson. Album: Late Night Girl. Listener tags: rock, Alt-country, country, listen ccpl, Never Played, the word belong, first person songs, the word me, the word to, the word you, remix7, country road, you belong to me, webcast, mix1.",Hiphop|Electronic,Steve Anderson,,0.0,-0.275
1586,"Track: Elephants. Artist: Food For Animals. Album: Cock Rock Disco 2006 Free Compilation. Listener tags: glitch rave, UNRYTHM, earBLEEDING MUSIC, Acid core, goeiepoep, PostEverything, acid rave, cock rock disco, prda, acidcore, under two minutes, elephants, animals, glitch-hop, glitch.",Hiphop,Food For Animals,,-0.17500000000000004,0.0
1587,"Track: Vote. Artist: Save Slaves. Album: Fly Russia. Listener tags: metro downtempo, instrumental, instrumental hip-hop, spin skill, cam mac, fat cam, maybach, lyrical content, Bibio, electrosexy, musical journey, sample, fat, instrumental hip hop, turntablism.",Hiphop|Electronic,Save Slaves,,0.0,0.125
1588,"Track: Power Of The Mind. Artist: Slugabed. Album: Jus Like Music & Apple Juice Break present: Oscillations Part 2. Listener tags: Crepes, dubhop, ElectglitchdubhoP, metro electronica, wonky, maliciousmupet, maliciousmuppet, hot, bass, beats, electronic, glitch-hop, Avantgarde Pop, Electron, achingly intelligent.",Hiphop|Electronic,Slugabed,,-0.02499999999999991,0.19999999999999996
1589,"Track: My dub is taiwan (remix KouChouChing). Artist: Volfoniq. Album: Dub'in Taiwan [LCL11]. Listener tags: french, dub, vanguardia primitiva, drum and trip, French band, french dub, Riddim, electro dub, Oriental Influence, MP3, netlabel, taiwan, free, free music, dancehall.",Hiphop|International|Folk,Volfoniq,,0.19999999999999996,0.2749999999999999
1590,"Track: You're a Customer. Artist: EPMD. Album: Live at ATP 2008. Listener tags: Hip-Hop, hip hop, rap, old school, EPMD, classic, Real hip-hop, classic hip-hop, East Coast, 90s, new york, 80s, Crici, beats for days, fun to skateboard to.",Hiphop,EPMD,,-0.19999999999999996,0.30000000000000004
1591,"Track: NEW 9.0. Artist: She Has A Cold. Album: Cold Heart. Listener tags: Untitled, pop, she and him, i would call this an indie cover, often stuck in my head, outrageously beautiful, sing it sister, zooey deschanel, incredible vocals, negro spiritual, what a voice, heavenly recording, female vocalists, smooth, chill.",Hiphop|Electronic,She Has A Cold,,0.2250000000000001,-0.07499999999999996
1592,"Track: Ready Remix. Artist: ILLUS and DJ Johnny Juice. Album: netBloc Vol. 34: The Whitewash. Listener tags: jungle, Drum and bass, maliciousmuppet, bass, Ready or not jungle remix, break, dnb, electronic, yeah, british, old school, drum'n'bass, Drum n Bass, electro, best songs ever.",Hiphop,ILLUS and DJ Johnny Juice,,0.2749999999999999,0.3500000000000001
1593,"Track: Los Angeles. Artist: No Color. Album: L'aube EP. Listener tags: rock, favorite by this group, romantic tension, Alternative Punk, lyricism, about love, lax, genious, rock ballad, mood music, emotive, divine, memories, 00s, all time faves.",Hiphop|Electronic,No Color,,-0.07499999999999996,-0.375
1594,"Track: Cinema. Artist: Tha Silent Partner. Album: TSP Does Italy. Listener tags: glam rock, rock, visual kei, german, Cinema Bizarre, My favourite, Passion, makes me think, new wave, romantic, sweet, Good Stuff, Favorite, bizarre, cinema.",Hiphop|Electronic,Tha Silent Partner,,0.1499999999999999,0.10000000000000009
1595,"Track: I Are. Artist: The Years. Album: vosotros presents: the years // mixtape. Listener tags: post-hardcore, we are the ocean, screamo, emo, alternative rock, Post- hardcore, british bands, Soul Stealing, i want back to the 2000s, lostprophets, new, gut, Emo rock, sex, amazing.",Hiphop,The Years,,0.1499999999999999,0.2250000000000001
1596,"Track: Paradise. Artist: Invisible Inc. Album: Jus Like Music & Apple Juice Break present: Oscillations Part 1. Listener tags: industrial metal, industrial, ebm, 8 of 10 stars, electronic, Gothic Rock, electro-industrial, industrial rock, metal, metalcore, male vocals, electro metal, just evil, Dope Stars Inc, songs I know by heart.",Hiphop|Electronic,Invisible Inc,,0.125,0.02499999999999991
1597,"Track: Dream. Artist: Fanatic. Album: Change Thoughts. Listener tags: emotion trance, epic trance, uplifting trance, progressive trance, dance, trance, Uplifting, ambient trance, dream trance, balearic, balearic trance, Anthem Trance, techno, electronica, electro.",Hiphop,Fanatic,,0.125,0.0
1598,"Track: Asylum (Permanent Underclass). Artist: Dälek. Album: Live at WFMU on Mike's Show on 9/25/2004. Listener tags: hip hop, Hip-Hop, experimental, noise, rap, underground hip-hop, dissonant, atmospheric, Avant-Garde, prda, hippetihopp, hiphop garagedancing, big sound, station 13, ink.",Hiphop,Dälek,,-0.17500000000000004,0.125
1599,"Track: Tarnished. Artist: Dälek. Album: Live at WFMU on Mike Lupica's Show on 2/12/2007. Listener tags: smokey, Hip-Hop, experimental, downtempo, post rap, electronic hip hop, underground hip-hop, existential hip-hop, violin scratch, perfectness, Pure Awesome, industrial hip-hop, 100, emusic, experimental hip-hop.",Hiphop,Dälek,,-0.35,-0.2250000000000001
1600,"Track: Crazy. Artist: Blank & Kytt. Album: Heavy. Listener tags: Serious, Jangle, fallout, fallout new vegas, jazz, Big Band, swing, 40s, Fallout Soundtrack, upbeat, oldies, listen, 30s, golden oldies, handclaps.",Hiphop,Blank & Kytt,,0.1499999999999999,0.1499999999999999
1601,"Track: Eastern View. Artist: Audiotoolz. Album: Progressive Folk. Listener tags: electronic, breakbeat, goa, hungary, magyar, minimal trance, netlabel, big beat, breaks, electro, psychedelic, fasza, instrumental electronica, collective sonance, Trance Electronica.",International|Electronic,Audiotoolz,,0.0,0.07499999999999996
1602,"Track: Peregum. Artist: Axial. Album: Senoide. Listener tags: brazil, pop, brasil, axial, MPB - musica popular brasileira, Brasil beats, new brasil, brasil electro, brasil delicado, portugues do brasil, Poesia Brasil, popular music of Brasil, delicado, Most beautiful voices in the world, MUSICA PARA VIAJAR.",International|Folk|Experimental,Axial,,0.0,-0.32499999999999996
1603,"Track: Filha da Palavra. Artist: Axial. Album: Senoide. Listener tags: rock, indie, pop, brasil, brazil, alternative rock, one of the best bands in the world, brasil brazil mpb suinge sould bossa nova, female brasil, inteligent, brasil music, smooth brasil, mpb go divas, world brasil, lap-top.",International|Folk|Experimental,Axial,,0.10000000000000009,-0.275
1604,"Track: Tamanquero. Artist: Axial. Album: Axial (vol1). Listener tags: ethnic and world fusion, brazilian, brazil, rock, popular music of Brasil, Most beautiful voices in the world, MUSICA PARA VIAJAR, the most amazing song in the world, psychodelic brazilian tropicalia rock brasil brazil experimental mpb, sams bands, orquestral, colaborative, viagem, open-source, psico.",International|Folk|Experimental,Axial,,-0.125,-0.35
1605,"Track: Papaloko. Artist: Axial. Album: Axial (vol1). Listener tags: alternative, world, pop, brazil, afro, folclore, percussion, african, brazilian, calm, female vocalists, electronic, experimental brazil, folk, indie.",International|Folk|Experimental,Axial,,0.1499999999999999,-0.25
1606,"Track: Allhou. Artist: Salam. Album: Salam. Listener tags: africa, senegal, 093jas, 0, world, african.",International,Salam,,0.1499999999999999,-0.02499999999999991
1607,"Track: Bitter Heart. Artist: Zee Avi. Album: Live on WFMU with Irene Trudel 6/1/2009. Listener tags: pop, acoustic, female vocalists, indie, singer-songwriter, 2009, Zee Avi, jazz, Love, 00s, Female Voices, indie-pop, My pop music, slinky trumpet, critically acclaimed song.",International|Folk,Zee Avi,,-0.125,-0.5
1608,"Track: Poetic Pitbull Revolutions. Artist: Diablo Swing Orchestra. Album: The Butcher's Ballroom. Listener tags: Avant-garde Metal, symphonic metal, Female fronted metal, metal, Avant-Garde, Progressive metal, Operatic Metal, Flamenco, flamenco metal, rock, avant-metal, diablo swing orchestra, brilliant, experimental, Avant Garde Metal.",International|Rock,Diablo Swing Orchestra,,-0.125,0.5
1609,"Track: Balrog Boogie. Artist: Diablo Swing Orchestra. Album: The Butcher's Ballroom. Listener tags: Avant-garde Metal, symphonic metal, jazz metal, swing, metal, Progressive metal, Avant-Garde, Operatic Metal, Swing Metal, fun, Female fronted metal, diablo swing orchestra, jazz, Wicked, Avantgarde Metal.",International|Rock,Diablo Swing Orchestra,,0.3500000000000001,0.375
1610,"Track: Iemanja. Artist: Axial. Album: Axial (vol1). Listener tags: female vocalists, laptop, brazilian, pop, ethnic, share, bom, headphones, surround, orixa, Binaural, afro, string, MP3, Louco.",International|Folk|Experimental,Axial,,0.3500000000000001,-0.2250000000000001
1611,"Track: Gunpowder Chant. Artist: Diablo Swing Orchestra. Album: The Butcher's Ballroom. Listener tags: instrumental, Avant-garde Metal, didgeridoo, symphonic metal, metal, Progressive metal, Avant-Garde, avantgarde, 6 of 10 stars, Avant Garde Metal, Avantgarde Metal, Operatic Metal, Wicked, atmospheric, jazz metal.",International|Rock,Diablo Swing Orchestra,,0.17500000000000004,0.30000000000000004
1612,"Track: D'angelo. Artist: Diablo Swing Orchestra. Album: The Butcher's Ballroom. Listener tags: opera, Avant-garde Metal, acoustic, metal, Avant-Garde, Classical, symphonic metal, Progressive metal, female vocalists, Avant Garde Metal, 5 of 10 stars, diablo swing orchestra, opera metal, operatic, Female Voices.",International|Rock,Diablo Swing Orchestra,,-0.30000000000000004,-0.475
1613,"Track: Rag Doll Physics. Artist: Diablo Swing Orchestra. Album: The Butcher's Ballroom. Listener tags: Avant-garde Metal, symphonic metal, Progressive metal, metal, Avant-Garde, Female fronted metal, Operatic Metal, female vocalists, opera, diablo swing orchestra, Avantgarde Metal, favorites, Avant Garde Metal, want to see live, Female Voices.",International|Rock,Diablo Swing Orchestra,,0.30000000000000004,0.3999999999999999
1614,"Track: Oslodum. Artist: Gilberto Gil. Album: The WIRED CD: Rip. Sample. Mash. Share.. Listener tags: Bossa Nova, brasil, musica brasileira, brasileiro, brazilian, creative commons, tropicalia, latin, male lead vocals, portuguese lyrics, brazilian roots, a good day, major key tonality, Gil, adorable whimsy.",International|Folk,Gilberto Gil,,0.3999999999999999,-0.10000000000000009
1615,"Track: Adelaide. Artist: Mombojo. Album: Nadadenovo. Listener tags: brazilian, brazilian rock, brasil relax, easy listening, 1 2 3 tcha tcha tcha, dazzles me frequently, reino da alegria, if this was a pokemon i would catch it, this song is meant to be played in vinyl, for sunny days, So many memories, pretty pretty, cute songs, good story, great lyrics.",International|Folk|Pop,Mombojo,,0.17500000000000004,-0.10000000000000009
1616,"Track: Faaca. Artist: Mombojo. Album: Nadadenovo. Listener tags: rock, brazilian, brazilian rock, brasil, manguebeat, dordecotovelo, amomto, Mombojo, experimental brazil, grab your hairbrush and sing, queridos, musicas que falam por mim nos momentos em que eu nao sei falar, above the rest, I WANT TO FUCK THIS SONG, songs I absolutely love.",International|Folk|Pop,Mombojo,,-0.050000000000000044,0.125
1617,"Track: Advanced Japanese Folk. Artist: Audiotoolz. Album: Progressive Folk. Listener tags: strawbalesugarcube, cadenza thump, cybreaks, captain crunch, electronic, breakbeat, breaks, world, japanese, electronica, Psybreaks, experimental techno electronica, vocal techno, vocal electronica, dance electronica.",International|Electronic,Audiotoolz,,0.2749999999999999,0.2250000000000001
1618,"Track: Nem Parece. Artist: Mombojo. Album: Nadadenovo. Listener tags: brasil, alternative, Mombojo, mpb, indie, Alternativo, brazilian, chillout, Eu gostei, Preferidas, rock brasil, bom de ouvir, reino da alegria, bom brasil, bom brazil.",International|Folk|Pop,Mombojo,,0.2749999999999999,-0.275
1619,"Track: O Ceu. Artist: Mombojo. Album: Nadadenovo. Listener tags: o Sol e o Mar, mpb, brasil, alternative, pernambuco, mangue beat, indie, brazilian music, for sunny days, brazilian rock, brazilian, brazil, Mombojo, I like rock, pernambucanidade.",International|Folk|Pop,Mombojo,,0.050000000000000044,0.07499999999999996
1620,"Track: Bahar Patlatan. Artist: Hayvanlar Alemi. Album: Demolar 2007-2008. Listener tags: saykodelik, Psychedelic Rock, psychedelic, krautrock, post-rock, turkish.",International|Rock,Hayvanlar Alemi,,0.32499999999999996,0.17500000000000004
1621,"Track: death and a drunken monkey. Artist: The Freak Fandango Orchestra. Album: Love. Listener tags: Nevermore, death metal, Technical Death Metal, Brutal Death Metal, Beneath the Massacre, deathcore, sick breakdown, canadian death metal, Brutal technical death, unhandled exception, Brutal Technical Death Metal, what a fucking breakdown, metalcore, Domiaco, metal-extremo.",International|Folk|Rock,The Freak Fandango Orchestra,,0.2749999999999999,0.25
1622,"Track: death and a drunken monkey. Artist: The Freak Fandango Orchestra. Album: Love. Listener tags: A Russian Circus Story, balkan, Gypsy, folk, gypsy punk, balcanica, yihaaaaa, gipsy, World Music, violin, alsolike, circusANDcabaret, verenkor, Funny gypsy rithm, eastern european gypsy.",International|Folk|Rock,The Freak Fandango Orchestra,,0.25,0.2250000000000001
1623,"Track: My Way. Artist: Beatstar. Album: Progressive Folk. Listener tags: polyaztone, electronic, experimental rave trance, experimental rave, pixies palace rave room, chocool, japaneseme, beat-out, interesujace, meglep, gute, proper tune, Not too bad, Trance Electronica, 21st century.",International|Electronic,Beatstar,,0.1499999999999999,0.07499999999999996
1624,"Track: Hungarian Fightclub. Artist: Wrekkerz vs Audiotoolz. Album: Progressive Folk. Listener tags: garage breaks, TELECFUNKNOHAUSINDUBSTRIALBREAKSTEP, kaboom, TELECFUNKNOHAUSINDUBSTRIPIALBREAKSTEP, Kaboom Kaboom, cadenza thump, Lucky Charms, Break-step, nicksFav, 21stcentury, pixies palace rave room, hungarian breakbeat, Finchos top picks, beat-out, wrekkerz vs audiotoolz-hungarian fightclub.",International|Electronic,Wrekkerz vs Audiotoolz,,0.17500000000000004,0.3500000000000001
1625,"Track: Bubuia. Artist: Ceu. Album: Vagarosa. Listener tags: mpb, favorites 2009, brazilian, Foreign egyptian, on an island above, brasil, frupbeat, coolsinger, coolbands, fip, cantora brasileira, electrosamba, buy, brasileiro, brasileira.",International,Ceu,,-0.02499999999999991,-0.1499999999999999
1626,"Track: Aboriginal Soundsystem (Triad remix). Artist: Freestep. Album: Progressive Folk. Listener tags: vule, drum and base, jungle, instrumental, pixies palace rave room, wow, rel-yr:2005, 00s Party Girl Soundtrack, lous 2step, sound sounds, elektronic beats, beat-out, good for our common health, obscure yet streamable tracks, fayded.",International|Electronic,Freestep,,0.2749999999999999,0.25
1627,"Track: Demonio. Artist: Oso El Roto. Album: Dictasuave. Listener tags: ska, latin, ska mexicano, espanol 90, Awesomness, el amor es ciego, espanol 00, Ska-Punk Radio, panteon, sazon, panteon rococo - la rubia y el demonio, esa lo pibe, vista en vivo, dore, love is blind.",International|Experimental|Rock,Oso El Roto,,-0.1499999999999999,-0.275
1628,"Track: Mariposas. Artist: Yva Las Vegass. Album: Yva Las Vegass - I was born in a place of sunshine and the smell of ripe mangoes. Listener tags: Romantica, ranchera, Joan Sebastian, dance, mexico, spanish, mariposas, Joan Sebastian - Y Las Mariposas, romantico, butterflies, Y las mariposas, eclectonia, Mexico lindo y Querido, latinos mios, oldies grupero.",International|Folk|Rock,Yva Las Vegass,,-0.07499999999999996,-0.050000000000000044
1629,"Track: death and a drunken monkey. Artist: The Freak Fandango Orchestra. Album: Love. Listener tags: The Hug, 2010s, spoken not sung, f50 2011, 2012 times, john peel - festive fifty, vocal filter, rocketd8g, 2011, since the first time, vvvvv, animal kingdom, daft, LOVE LOVE LOVE, 2-step.",International|Folk|Rock,The Freak Fandango Orchestra,,0.3500000000000001,0.32499999999999996
1630,"Track: Guarana Superpower. Artist: Hayvanlar Alemi. Album: Demolar 2007-2008. Listener tags: alternative rock, ska, psychedelic, krautrock, turkish, turkish psychedelic.",International|Rock,Hayvanlar Alemi,,0.25,0.10000000000000009
1631,"Track: L'Anchoïade. Artist: Bo Marley + Disrupt + Volfoniq. Album: Jam'in Sauce [LCL08]. Listener tags: dub, bo marley, les cristaux liquident, volfoniq, free dub, French band, disrupt, french dub, jahtari, free download, netlabel, free, free music, gig, roots.",International,Bo Marley + Disrupt + Volfoniq,,0.17500000000000004,-0.050000000000000044
1632,"Track: Soleil nocturne. Artist: Au fond du car. Album: Detour par la departementale. Listener tags: Soundtrack, heard live, cirque, Cirque du Soleil, quebecois, instrumental, ambient, beautiful, chill, electrotango, new age, dance, wisdom, ambient top, malloy2000 playlist - top songs - classical to metal.",International|Folk|Experimental,Au fond du car,,0.050000000000000044,-0.4
1633,"Track: Bamako. Artist: Vialka. Album: Split with Kruzenshtern I Parohod. Listener tags: experimental, folk, Avant-Garde, interesting, turbo folk, Gogol Who, no punk jazz, Chicks with Big Balls, 131, guitaristic, turbofolk, experimental punk, gypsy punk, Gypsy, anarchist.",International|Experimental|Rock,Vialka,,0.375,0.32499999999999996
1634,"Track: Felix Is My Friend. Artist: Pattern Industries. Album: Progressive Folk. Listener tags: electro, electronic, breaks, alotus, nicksFav, People who enjoy weird-ass music and are often told to have a horrible music taste, Culture clash, good for our common health, Sephael, freaking great, pohoda, break beat, interesting, big beat, All.",International|Electronic,Pattern Industries,,0.125,0.2749999999999999
1635,"Track: Amar en el campo. Artist: Teleradio Donoso. Album: Voy a Explotar Soundtrack. Listener tags: rock chileno, best, teleraio donoso, cancion con sentimiento, Cancion que me llena el corazon, songs that bring back memories, listenagain, Songs that saved your life, alternativa, Love it, a, favorite song, wonderful, amazing, beautiful.",International|Instrumental|Rock,Teleradio Donoso,,0.44999999999999996,0.2749999999999999
1636,"Track: A little khoomei Song. Artist: Arjopa. Album: This is Arjopa. Listener tags: tuva, psychedelic folk, female vocalists, jonasmusik, deutsch, siberia, the treehorn collection, dauerbeschallung im umerziehungslager fuer nazis, Sibirien, threatening, merken, radio arkham, neo-folk, world, experimental.",International|Folk|Experimental,Arjopa,,-0.10000000000000009,0.050000000000000044
1637,"Track: Pictures of Trees. Artist: Inlets. Album: Vestibule. Listener tags: easy stuff for stretch, banjo, indie, sanftmut, stretchflora, whatevertogether, sweet - sweeter - nina, stranded on an island, duuuuude, folk to rejoice, its love, You know, eargasmic, SPARKS, Remember.",International|Folk|Pop,Inlets,,0.125,-0.35
1638,"Track: La Tapenade. Artist: Bo Marley + Disrupt + Volfoniq. Album: Jam'in Sauce [LCL08]. Listener tags: dub, bo marley, volfoniq, free dub, French band, disrupt, french dub, free download, netlabel, free, free music, gig, roots, live, lofi.",International,Bo Marley + Disrupt + Volfoniq,,0.2250000000000001,-0.275
1639,"Track: La Brandade. Artist: Bo Marley + Disrupt + Volfoniq. Album: Jam'in Sauce [LCL08]. Listener tags: bo marley, les cristaux liquident, free dub, French band, disrupt, french dub, jahtari, free download, netlabel, free, free music, download, roots, lofi, reggae.",International,Bo Marley + Disrupt + Volfoniq,,0.07499999999999996,0.07499999999999996
1640,"Track: Jelena. Artist: Paniks. Album: Ethnotica. Listener tags: balkan, folk, klezmer, Gypsy, World Music, guitar, Energetic, new, folklore, gypsy punk, tribal, violino, tofind, Fest Noz, da brivido.",International|Folk,Paniks,,0.3999999999999999,0.2749999999999999
1641,"Track: Mortal. Artist: Trabajo. Album: Gamelan to the Love God. Listener tags: electronic, experimental, drone, gamelan, ambient, exotica, collage, world, ethnic, samples, noise, Avant-Garde, sample, wrold.",International|Electronic,Trabajo,,-0.10000000000000009,0.07499999999999996
1642,"Track: Udan Mas. Artist: Trabajo. Album: Gamelan to the Love God. Listener tags: electronic, hip hop, experimental, gamelan, beats, world, ethnic, exotica, ambient, dance, samples, drone, beat, whiffer unbound.",International|Electronic,Trabajo,,0.02499999999999991,-0.02499999999999991
1643,"Track: El norte. Artist: El bien. Album: Los que se pelean se aman. Listener tags: mexican, tejano, el poder del norte - A ELLA, fiesta, favorites, mexico, a ella, all time favorites, norteño, bravo, RECUERDO, el poder del norte, cvences, A Ella - El Poder Del Norte.",International|Pop|Rock,El bien,,-0.1499999999999999,-0.17500000000000004
1644,"Track: Prefab City Dub (Edit). Artist: The Prefab Messiahs. Album: Devolver. Listener tags: pfabtrax, punk dub, 80s, 1982, art-punk dub, dub, experimental, post-punk, 80s party, kt played, lovedbybeyondwithin, 1980s, pfabtraxx, dubbermost.",International|Pop|Rock,The Prefab Messiahs,,0.0,0.2250000000000001
1645,"Track: Sensi Addict. Artist: Mikey Murka. Album: Jahtari Net-7'' 08. Listener tags: dancehall, dub, ganja, digi dub, subbass, digital dub, digital reggae, digital laptop reggae, mama love it, german, rockin, minimalism, beloved, metro reggae.",International|Electronic,Mikey Murka,,0.19999999999999996,0.17500000000000004
1646,"Track: Dó. Artist: Azevedo Silva. Album: Tartaruga. Listener tags: dance, House, fun, Romanian, gotta dance, party, electro house, dancefloor, techno, Soundtrack, electro, the office, ibiza trance.",International|Folk,Azevedo Silva,,-0.125,-0.32499999999999996
1647,"Track: Hitmans Lovesong feat. Paola Graziano. Artist: The Freak Fandango Orchestra. Album: Tales Of A Dead Fish. Listener tags: jazz, swing, Gypsy, creative commons, free music, free, netlabel, copyleft, jamendo, swing music, gypsy-swing, 2011, cc-by-sa.",International|Rock,The Freak Fandango Orchestra,,0.5249999999999999,0.19999999999999996
1648,"Track: LLAVES. Artist: Selva de Mar. Album: Club Eden. Listener tags: rancheras, mariachi, old favorites, Romantica, regional mexican, ranchera, vicente fernandez, javier solis, musicamexicana, las llaves de mi alma, Pimenta Buena, Mexico lindo y Querido, PaPistear.",International|Instrumental|Experimental,Selva de Mar,,-0.275,-0.625
1649,"Track: MEGA Lambada. Artist: Hayvanlar Alemi. Album: Demolar 2007-2008. Listener tags: turkish, lovedbybeyondwithin, beyondwithins turkish psych, psychedelic, experimental, cover, turkish psych, folk rock, bolivian, pell, innerhappy, exp-high, beyondwithins party.",International|Rock,Hayvanlar Alemi,,0.2749999999999999,0.25
1650,"Track: Swinging London 1966. Artist: Lucas Perný a Miloslav Kollár. Album: Astral Gate. Listener tags: mod, 60s, Retro, bigbeat, freakbeat.",International|Experimental|Rock,Lucas Perný a Miloslav Kollár,,0.2250000000000001,-0.07499999999999996
1651,"Track: Village Mentality. Artist: Vialka. Album: The Republic Of The Bored & Boring. Listener tags: folk, Progressive, Progressive metal, experimental, Avant-Garde, Rock and Roll, art rock, dark, Gypsy, gypsy punk, progressive hard rock, doom avant-garde.",International|Folk|Experimental|Rock,Vialka,,-0.050000000000000044,0.25
1652,"Track: Late as Usual. Artist: The Freak Fandango Orchestra. Album: Tales Of A Dead Fish. Listener tags: creative commons, free music, free, netlabel, copyleft, jamendo, 2011, cc-by-sa, hex-hit, gypsy punk, folk rock, Gypsy-punk.",International|Rock,The Freak Fandango Orchestra,,0.55,0.32499999999999996
1653,"Track: No Porno Please. Artist: Superbus. Album: Progressive Folk. Listener tags: polyaztone, french, rock, lounge, pop, electronic, pop rock, female vocalists, hungarian, neat title, Balkanx, pixies palace rave room.",International|Electronic,Superbus,,-0.17500000000000004,-0.475
1654,"Track: Advanced Japanese folk (Djet remix). Artist: Audiotoolz. Album: Progressive Folk. Listener tags: strawbalesugarcube, electronic, ambient, psychedelic, deep, ethnic, spiritual, rythmic, spheric, p4c1f1k0, dr4mnk00l, StrawbalesucarcubE.",International|Electronic,Audiotoolz,,-0.050000000000000044,-0.475
1655,"Track: Drifting. Artist: Midival Punditz. Album: Hello Hello. Listener tags: electronic, Indian Fusion, ambient, beautiful, psybient, pure, Asian Underground, world lounge, world ambient, world Chillout, midival punditz, streamable track wants.",International|Pop|Electronic,Midival Punditz,,0.2749999999999999,0.2749999999999999
1656,"Track: Tara. Artist: Salam. Album: Salam. Listener tags: africa, african, world, guitar, 2005, African Folk, senegal, male vocalist, senegalese, wm recordings, african favorites, under eternity blue.",International,Salam,,-0.07499999999999996,-0.25
1657,"Track: Güve Diskosu. Artist: Hayvanlar Alemi. Album: Hayvanlar Alemi Tatilde. Listener tags: lovedbybeyondwithin, alternative, psychedelic, trance, dub, post rock, experimental, russian, psychadelic, turkish, turkey, pohoda.",International|Rock,Hayvanlar Alemi,,0.1499999999999999,0.17500000000000004
1658,"Track: Mina. Artist: Sound: The Encounter. Album: Live on WFMU's Transpacific Sound Paradise with Rob Weisberg - December 7 ' 2013. Listener tags: dance, pop, nicki minaj, FLOP, cool, party, summer, loved, farofa, kocham, female vocalists, it is party time, umpa umpa, welcome to the club, Massari.",International,Sound: The Encounter,,0.30000000000000004,0.2250000000000001
1659,"Track: The Myth. Artist: Trabajo. Album: Gamelan to the Love God. Listener tags: electronic, experimental, beats, hip hop, dance, world, ethnic, exotica, pop, samples, gamelan.",International|Electronic,Trabajo,,-0.10000000000000009,-0.10000000000000009
1660,"Track: Persistance. Artist: Caballo & the Mothafu Kings. Album: Sonidero (pr)evolucionario. Listener tags: Drum and bass, Drum n Bass, drum'n'bass, liquid funk, electronic, Liquid, drum n base, emergency, ElectronicaDance, busybody, Drive-Out.",International|Electronic,Caballo & the Mothafu Kings,,0.050000000000000044,0.125
1661,"Track: Boubek. Artist: Ben Et Béné. Album: Trip To Trip. Listener tags: 8-bit, indie, electronic, quirky, minimal, chiptune, Energetic, micromusic, french electro, prda, indie awesome.",International|Electronic|Rock,Ben Et Béné,,0.17500000000000004,0.32499999999999996
1662,"Track: Husľový kľúč. Artist: Lucas Perný a Miloslav Kollár. Album: Astral Gate. Listener tags: Psychedelic Rock, experimental, Avant-Garde, 60s, violin, drums, Zeuhl, disco rock, Avant-Prog, shamanistic.",International|Experimental|Rock,Lucas Perný a Miloslav Kollár,,0.2749999999999999,0.25
1663,"Track: Sunfed Shapes. Artist: Inlets. Album: Vestibule. Listener tags: easy stuff for stretch, indie, alltime favorites, franny, songs that i will still be listening to in a billion years, the sky was so big that it broke my soul, concentrated levels of awesome, lonely days sitting by the window, best transitions, 5 words - Awesome.",International|Folk|Pop,Inlets,,-0.10000000000000009,-0.02499999999999991
1664,"Track: Drogue. Artist: Salam. Album: Salam. Listener tags: africa, senegal, african, guitar, brazil, male vocalist, west africa, Salam, under eternity blue, africanfolk.",International,Salam,,-0.19999999999999996,-0.25
1665,"Track: Astral Gate. Artist: Lucas Perný a Miloslav Kollár. Album: Astral Gate. Listener tags: electronic, krautrock, experimental, live, synth, drums, dark, dnb, Zeuhl.",International|Experimental|Rock,Lucas Perný a Miloslav Kollár,,0.1499999999999999,0.17500000000000004
1666,"Track: Porto Largo. Artist: Alexandre Bateiras. Album: Canções da Lua Nova. Listener tags: fado, 4jsworld, instrumental, q4jslfm, guitarra portuguesa, Top 100 melancholism, guitar, Portugal, Melancholism.",International|Folk,Alexandre Bateiras,,-0.30000000000000004,-0.42500000000000004
1667,"Track: Devojka. Artist: Paniks. Album: Ethnotica. Listener tags: balkan, folk, world, gypsy punk, Energetic, Gypsy, fiddle, violino, shake your medicine rattle.",International|Folk,Paniks,,0.25,0.625
1668,"Track: Sida. Artist: Sida. Album: s/t. Listener tags: punk, punk rock, polish, tell me your story, acoustic, MyMusic, shit happens, rok temu, jakubek.",International|Rock,Sida,,0.125,0.125
1669,"Track: Jah Love. Artist: The Anchoras. Album: Raw Music International: Kisumu Mixtape. Listener tags: dub, reggae, great drumming, electro dub, great drums, lekker ska, metro reggae, fransoue shd like it, i want back to the 70s.",International|Experimental,The Anchoras,,0.125,-0.02499999999999991
1670,"Track: Stop That Mission. Artist: Mastermind XS. Album: Reset All Systems. Listener tags: dub, reggae, electronic, world, tabla, war, drumandbass, saarland, mastermindxs.",International,Mastermind XS,,0.2250000000000001,0.10000000000000009
1671,"Track: You Are an Effigy. Artist: Inlets. Album: Vestibule. Listener tags: easy stuff for stretch, indie, guitar, experimental, Pure Beauty, love at first sound, words fail, unwinds the knots of my mind, best transitions.",International|Folk|Pop,Inlets,,-0.19999999999999996,-0.42500000000000004
1672,"Track: Roots on Sidewalks. Artist: Inlets. Album: Vestibule. Listener tags: easy stuff for stretch, loved according to stretchead, Frank the rabbit according to Stretchead, loved tracks-according to stretchead, indie, singer-songwriter, male vocals, To and Fro, great-for-rainy-days.",International|Folk|Pop,Inlets,,-0.1499999999999999,-0.6
1673,"Track: The Man Who Sold His Beard. Artist: A Hawk and a Hacksaw. Album: Rohr. Listener tags: instrumental, american, Either they have beards or they should have beards, folk, indie folk, I myself am strange and unusual, merijn, anatomical song, gi joe does approve.",International|Folk,A Hawk and a Hacksaw,,0.2749999999999999,0.2250000000000001
1674,"Track: Lelê. Artist: Chico Correa and Electronic Band. Album: Chico Correa and Electronic Band. Listener tags: latin, crossover, post-rock, cover, radiohead, cuba, son cubano, pra ouvir com a alma prostrada de joelhos, rhythms del mundo.",International|Folk|Electronic|Rock,Chico Correa and Electronic Band,,0.0,0.07499999999999996
1675,"Track: Thessaloniki. Artist: Vialka. Album: Tonight I Show You Fuck. Listener tags: gypsy punk, french, Avant-Garde, math rock, Gypsy, System of a Down, experimental punk, 80s.",International|Experimental|Rock,Vialka,,0.125,0.17500000000000004
1676,"Track: Memories Of A Machine. Artist: Mastermind XS. Album: Reset All Systems. Listener tags: dub, reggae, electronic, melodica, saarland, mastermindxs, mastermind xs, librecommelair.",International,Mastermind XS,,0.1499999999999999,-0.02499999999999991
1677,"Track: Sunny Day. Artist: Mastermind XS. Album: Reset All Systems. Listener tags: dub, reggae, electronic, summer, sunny, lovesong, saarland, mastermindxs.",International,Mastermind XS,,0.44999999999999996,0.3500000000000001
1678,"Track: Tiger Phone Card. Artist: Dengue Fever. Album: Live at WFMU on Terre T's Show on 7/16/2008. Listener tags: indie, psychedelic, psychedelic pop, air travel, 2008, Ultimate Love songs, Another reason to live and love, duets that are actually good, i am moving to cambodia NOW, ethnic, soundtrack to a certain memory, the soundtrack of my life, cambodian rocks, Psychedelic Rock, good in a strange way.",International,Dengue Fever,,0.02499999999999991,-0.19999999999999996
1679,"Track: The Hole. Artist: Alec K Redfearn & the Seizures. Album: Live at WFMU on Talk's Cheap 5/5/2009. Listener tags: classic rock, rock, 60s, psychedelic, The Beatles, pop, british, Psychedelic Rock, oldies, beatles, british invasion, experimental, paul mccartney, British Psychedelia, britpop.",International|Folk|Experimental,Alec K Redfearn & the Seizures,,0.10000000000000009,0.1499999999999999
1680,"Track: Las Miradas de Magaly. Artist: Los Amparito. Album: Los Amparito Demo. Listener tags: electronic, tropicalia, free download, girls name, mustdownload, Show Dillon, alt latino, Mexico lindo y Querido.",International|Pop,Los Amparito,,0.44999999999999996,0.2749999999999999
1681,"Track: Sarira Bride. Artist: Damscray. Album: Your Rainbow Colour Changer. Listener tags: -50t, 23 rem 120323, Dreamy, tii11, #VALUE!, 1105fh, Sarira Bride, recos.",International|Electronic,Damscray,,0.0,-0.375
1682,"Track: Mavi Sepet. Artist: Hayvanlar Alemi. Album: Demolar 2007-2008. Listener tags: lovedbybeyondwithin, cambodian, Psychedelic Rock, krautrock, experimental, post-rock, turkish, khmer.",International|Rock,Hayvanlar Alemi,,0.2749999999999999,0.19999999999999996
1683,"Track: Canção da Ribeira. Artist: Alexandre Bateiras. Album: Canções da Lua Nova. Listener tags: fado roots, genre: portuguese guitar, portuguese guitar, q3, 4jsworld, Melancholism, Q4.",International|Folk,Alexandre Bateiras,,0.25,-0.050000000000000044
1684,"Track: Canção de Alvito. Artist: Alexandre Bateiras. Album: Canções da Lua Nova. Listener tags: instrumental, classical guitar, Melancholism, q3, rel, Q4, genre: portuguese guitar.",International|Folk,Alexandre Bateiras,,0.02499999999999991,0.0
1685,"Track: Not Free But Not Afraid. Artist: Mastermind XS. Album: Reset All Systems. Listener tags: dub, reggae, electronic, bass, saarland, mastermindxs, mastermind xs.",International,Mastermind XS,,0.10000000000000009,-0.125
1686,"Track: Los papeles. Artist: Oso El Roto. Album: Dictasuave. Listener tags: spanish indie pop, IPop Esp, indie, pop, indie pop, soundtrack for romantic devastation, boy sirens.",International|Experimental|Rock,Oso El Roto,,-0.32499999999999996,-0.42500000000000004
1687,"Track: International Calling. Artist: Normaa. Album: Jahtari Net-7'' 11. Listener tags: dubfunktronica, netlabel, digital laptop reggae, Sir Grape Fellow, dub, electrodub, dub hop.",International|Electronic,Normaa,,0.02499999999999991,-0.07499999999999996
1688,"Track: Dancing Tiger. Artist: Damscray. Album: Your Rainbow Colour Changer. Listener tags: tii11, ---28fh, #VALUE!, 1105fh, tii albumnottrack, is there a telephone ringing, instrumental.",International|Electronic,Damscray,,0.050000000000000044,-0.07499999999999996
1689,"Track: Pxlcoucou. Artist: Xerak. Album: Pxl Def. Listener tags: french, electronic, experimental, quirky, chiptunes, chiptune, 8-bit.",International|Electronic|Rock,Xerak,,0.5249999999999999,0.3500000000000001
1690,"Track: Crossroad Metamorphosis. Artist: Hayvanlar Alemi. Album: Hayvanlar Alemi Tatilde. Listener tags: lovedbybeyondwithin, post-rock, psychedelic, dub, experimental, turkish, saykodelik.",International|Rock,Hayvanlar Alemi,,0.10000000000000009,-0.10000000000000009
1691,"Track: Rugas. Artist: Azevedo Silva. Album: Ao Vivo na Sociedade. Listener tags: 4jsduskmellow, q5jslfm, 2learn, :joana7, 2unban, ::joana7.",International|Folk,Azevedo Silva,,-0.32499999999999996,-0.35
1692,"Track: Abutres. Artist: Azevedo Silva. Album: Ao Vivo na Sociedade. Listener tags: 4jsduskmellow, q5jslfm, 4cvilaverde, 4fb, tugas, alex ambiente.",International|Folk,Azevedo Silva,,-0.30000000000000004,-0.42500000000000004
1693,"Track: Era Uma Vez. Artist: Azevedo Silva. Album: Autista. Listener tags: icefoto, instrumental, Q4, 4twentyninesteps, 4jsduskmellow, q3jslfm.",International|Folk,Azevedo Silva,,-0.1499999999999999,-0.30000000000000004
1694,"Track: Only The Wrong Survive. Artist: Vialka. Album: Curiosities Of Popular Customs. Listener tags: folk, experimental, female vocals, Avant-Garde, Gypsy, gypsy punk.",International|Folk|Experimental|Rock,Vialka,,-0.125,0.2749999999999999
1695,"Track: Village Mentality Part Two. Artist: Vialka. Album: Curiosities Of Popular Customs. Listener tags: folk, Progressive, experimental, Avant-Garde, Gypsy, gypsy punk, orchestral.",International|Experimental|Rock,Vialka,,0.17500000000000004,0.1499999999999999
1696,"Track: Naves que dan vueltas a un balon. Artist: Prin' La Lá. Album: Voy a Explotar Soundtrack. Listener tags: manifiesto19, calm, spanish indie pop, pop independiente, cha, Me pone tonta, Nine.",International|Instrumental,Prin' La Lá,,-0.30000000000000004,-0.42500000000000004
1697,"Track: See Her. Artist: Inlets. Album: Vestibule. Listener tags: Seer, easy stuff for stretch, Love, indie, fantastic, violao, minor chords, male vocalists.",International|Folk|Pop,Inlets,,-0.42500000000000004,-0.55
1698,"Track: come here. Artist: Ofir Klemperer. Album: hey you. Listener tags: wont go into battle, electronic, Israel, world, hebrew, lo fi, netlabel.",International|Folk|Pop|Experimental|Rock,Ofir Klemperer,,-0.125,-0.125
1699,"Track: Rural Metric Seven. Artist: Damscray. Album: Your Rainbow Colour Changer. Listener tags: 6, 27 rem 120227, tii11, #VALUE!, 1105fh, Rural Metric Seven.",International|Electronic,Damscray,,0.02499999999999991,0.0
1700,"Track: Your Rainbow Colour Changer. Artist: Damscray. Album: Your Rainbow Colour Changer. Listener tags: 5, tii11, 0, 1105fh, 25 rem 120630, gimme sum karmakandi.",International|Electronic,Damscray,,0.1499999999999999,0.0
1701,"Track: JAM. Artist: Assif Tsahar. Album: Mat Maneri & Jim Black. Listener tags: Part One, post-rock, instrumental, ambient, post rock, experimental, Godspeed You Black Emperor, epic, Canadian, Progressive rock, Experimental Rock, space rock, atmospheric, drone, rock.",Jazz,Assif Tsahar,,-0.25,-0.475
1702,"Track: JAM. Artist: Assif Tsahar. Album: Mat Maneri & Jim Black. Listener tags: Part Two, post-rock, instrumental, ambient, experimental, post rock, ethereal, Canadian, rock, beautiful, Godspeed You Black Emperor, relax, Experimental Rock, electronic, tag reading.",Jazz,Assif Tsahar,,-0.2250000000000001,-0.275
1703,"Track: “The Oppo­site of Paul Desmond”). Artist: The Chris Kelsey 4. Album: Not Cool ( … as in. Listener tags: Ghosts, rock, alternative, metal, rapcore, crossover, alternative rock, rap metal, 90s, alternative metal, political, hard rock, Rage Against The Machine, Morose Deep dilate Crimson, funk metal.",Jazz,The Chris Kelsey 4,,0.07499999999999996,0.42500000000000004
1704,"Track: Soak up the Sun. Artist: Jason Ajemian & The Highlife. Album: Let me get that Digital.. Listener tags: pop, female vocalists, rock, Sheryl Crow, summer, pop rock, singer-songwriter, happy, 90s, alternative, 00s, fun, easy listening, female, country.",Jazz|Rock,Jason Ajemian & The Highlife,,0.07499999999999996,0.3500000000000001
1705,"Track: Monsters. Artist: Jason Ajemian & The Highlife. Album: Monsters & Animals. Listener tags: indie, alternative, indie rock, electronic, psychedelic, mgmt, Psychedelic Rock, rock, 00s, american, experimental, indie pop, indietronica, dance, pop.",Jazz|Rock,Jason Ajemian & The Highlife,,-0.25,-0.1499999999999999
1706,"Track: Voodoo. Artist: Voodoo Suite. Album: blissblood.com. Listener tags: 80s, new wave, alternative, Wall of Voodoo, 77davez-all-tracks, rock, One Hit Wonders, alternative rock, synth pop, Mexican Radio, Bagel, post-punk, somafm, 1983, pop.",Jazz,Voodoo Suite,,-0.02499999999999991,-0.25
1707,"Track: The Crow. Artist: Sandro Marinoni & Stefano Roncarolo. Album: Air. Listener tags: piano, female vocalists, indie, beautiful, Canadian, Mellow, melancholy, singer-songwriter, sad, lovepeaceandharmonyverynice, emily haines, haunting, Love, female vocalist, indie rock.",Jazz,Sandro Marinoni & Stefano Roncarolo,,-0.375,-0.25
1708,"Track: The News. Artist: The Watery Graves of Portland. Album: Phoning It In 06/22/05. Listener tags: 80s, rock, Soundtrack, pop, pop rock, classic rock, back to the future, huey lewis and the news, Love, huey lewis, 1985, oldies, american, party, 77davez-all-tracks.",Jazz|Rock,The Watery Graves of Portland,,-0.19999999999999996,-0.35
1709,"Track: _F. Artist: Seth Paynter and Kevin Patton. Album: Fresnel. Listener tags: indie, british, happy, indie rock, smile, Noah and the Whale, folk, rock, lifegoeson, DJB Glastonbury 2011, alternative, fuckin genius, portland, spell it out, indie folk.",Jazz|Experimental|Electronic,Seth Paynter and Kevin Patton,,-0.25,-0.30000000000000004
1710,"Track: And On. Artist: Bob James Trio. Album: Explosions. Listener tags: folk rock, Dylan, 70s, rock, singer-songwriter, classic rock, folk, americana, Bob Dylan, haunting, wheels on fire, acoustic, 60s, great lyrics, roots.",Jazz|Experimental,Bob James Trio,,-0.35,-0.525
1711,"Track: Echo. Artist: Somewhere Off Jazz Street. Album: A quiet light. Listener tags: post-punk, new wave, 80s, alternative, Post punk, lovedbybeyondwithin, Alternative Punk, liverpool, angular guitar playing, heavy bottom end, 3 and a half stars, Bagel, somafm, bunnymen heaven, Echo and The Bunnymen.",Jazz|Instrumental|Electronic,Somewhere Off Jazz Street,,0.0,-0.44999999999999996
1712,"Track: Air. Artist: Sandro Marinoni & Stefano Roncarolo. Album: Air. Listener tags: female vocalists, alternative, indie, singer-songwriter, fucking hurts, melancholy, rock, folk, indie rock, Mellow, Cat Power, Awesome, sadcore, emo songs that are not really emo songs just really good sadcore, angry lesbian shit.",Jazz,Sandro Marinoni & Stefano Roncarolo,,-0.1499999999999999,-0.525
1713,"Track: The Silence. Artist: Glows in the Dark. Album: Live at WFMU on The Long Rally 6/10/2009. Listener tags: folk, classic rock, 60s, oldies, singer-songwriter, rock, folk rock, Simon and Garfunkel, acoustic, pop, Mellow, melancholy, beautiful, classic, 70s.",Jazz,Glows in the Dark,,0.30000000000000004,0.17500000000000004
1714,"Track: Smile For Me. Artist: Adam & Alma. Album: FrostWire Creative Commons Mixtape 2 Side B. Listener tags: Sun, netlabel, 23 seconds, dream pop, creative commons, shoegazing, indietronica, indie disco, JazzTronica, Indietronic, synth pop, chillout, shoegaze, Dreamy, down-tempo.",Jazz|Instrumental|Pop|Electronic,Adam & Alma,,0.2749999999999999,-0.25
1715,"Track: We think we know it all. Artist: krackatoa. Album: Sun Dripping Down the Stainglass. Listener tags: Retro, spooky, film, nz, aus, dark trance, bland, sci fi, luton, ethnic-trance, trance-fusion, dark-trance, gothic-electro, organic-trance, auckland.",Jazz|Electronic,krackatoa,,0.2250000000000001,0.1499999999999999
1716,"Track: Shark on the Lot. Artist: krackatoa. Album: Sun Dripping Down the Stainglass. Listener tags: Retro, spooky, film, nz, aus, dark trance, bland, sci fi, luton, ethnic-trance, trance-fusion, dark-trance, gothic-electro, organic-trance, auckland.",Jazz|Experimental|Electronic,krackatoa,,0.19999999999999996,0.10000000000000009
1717,"Track: Xangô. Artist: Terrero De Jesus. Album: Terrero De Jesus. Listener tags: Bossanova, candomble, afro samba, Bossa Nova, samba, brasil, flute, Chango, miaou, brazilian guitar, de boa, afrosamba, multiculti, guitara, syncretic.",Jazz|International|Experimental,Terrero De Jesus,,0.25,-0.050000000000000044
1718,"Track: The Snow That Never Falls Down. Artist: Nheap. Album: Clouds Under the Table. Listener tags: hidden vibes, tortoise, drumming, italia, GYBE, ambient jazz, Godspeed You Black Emperor, music box, Arpeggio, suggestive, Do Make Say Think, The Album Leaf, Evolving, enchanted, odd times.",Jazz|Experimental|Electronic|Rock,Nheap,,-0.07499999999999996,-0.375
1719,"Track: Crossings. Artist: Nheap. Album: Clouds Under the Table. Listener tags: amazing drumming, hidden vibes, improvisation, magical, free, drumming, italia, meditative, intricate, polyrhythm, odd times, jazz progressive, Perugia, melanchonic, suspended.",Jazz|Experimental|Electronic|Rock,Nheap,,0.0,-0.42500000000000004
1720,"Track: Welcome To The Party. Artist: Har-You Percussion Group. Album: Sounds Of The Ghetto Youth. Listener tags: salsa, funk, instrumental, fip, jazz, latin, Sanczez library, 1011RH, Nova Tunes, latin jazz, mambo, rare groove, sitrc: handclaps, sitrc: welcome, secme.",Jazz,Har-You Percussion Group,,0.625,0.25
1721,"Track: Sands. Artist: Nheap. Album: Clouds Under the Table. Listener tags: hidden vibes, magic, magical, tortoise, italia, Godspeed You Black Emperor, spacious, suggestive, Do Make Say Think, The Album Leaf, Building, Perugia, melanchonic, suspended, hammock.",Jazz|Experimental|Electronic|Rock,Nheap,,-0.19999999999999996,-0.525
1722,"Track: Evening. Artist: Martin Lowack. Album: SlowDrive. Listener tags: oldies, dino, Dean Martin, crooners, italiano, male vocalists, Dinner Music, lizzie mcguire, middle tempo, sunday driving, 8:55, place song, songs about travel, fip, italion for good.",Jazz,Martin Lowack,,0.0,-0.475
1723,"Track: Daily Improvisation. Artist: Nheap. Album: Clouds Under the Table. Listener tags: hidden vibes, improvisation, trio, Electronic Jazz, free, walking, ambient jazz, double bass, rhodes, Italian Jazz, jazz progressive, Perugia, allaboutjazz, nheap, umbria.",Jazz|Experimental|Electronic|Rock,Nheap,,-0.17500000000000004,-0.4
1724,"Track: #3. Artist: Learning Music. Album: LMM 1.7 - In My Living Room Thursday Night. Listener tags: Rave, electronic, techno, hardcore, breakbeat, big beat, industrial, alternative rock, Arguman-loved tracks, the prodigy, alternative, 90s, 1992, oldskool, old school.",Jazz|Folk|Pop|Rock,Learning Music,,-0.32499999999999996,-0.42500000000000004
1725,"Track: Caravan. Artist: Jazz at Mladost Club. Album: Jazz Night. Listener tags: Progressive rock, Canterbury, 70s, dogs, english, quirky, Rock Electronico, Psychedelic Rock, Mind Fuck, Marzipan, dogs dogs dogs, discovered through modculture-co-uk, Caravan, quaint, 1973.",Jazz,Jazz at Mladost Club,,0.050000000000000044,-0.1499999999999999
1726,"Track: Dawn. Artist: Somewhere Off Jazz Street. Album: A quiet light. Listener tags: acid jazz, chillout, jazzy, nu-jazz, chill, nu jazz, downtempo, jazz, sim dance, k00l d0wn, The Dawn Introduction, loneliness after dusk, jeczenie, groaning, brisk sound.",Jazz|Instrumental|Electronic,Somewhere Off Jazz Street,,-0.10000000000000009,-0.44999999999999996
1727,"Track: deals. Artist: Assif Tsahar. Album: Peter Kowald & Rashied Ali. Listener tags: ideas, ideals, The Rap, comedy, Hip-Hop, YOU SHUT THE FUCK UP AND SUCK MY DICK, Awesome, female vocalists, kickass, pure genius, natalie portman, homesick music, kick your ass, 2009, i know all the words to this.",Jazz,Assif Tsahar,,-0.02499999999999991,-0.07499999999999996
1728,"Track: Teleopsis belzebuth. Artist: Zloty Dawai. Album: Teleopsis belzebuth. Listener tags: noise, experimental, No1 Palace, peripheral music, tangents, Last Fm Anniversary, sloth, brother, inside out, free improv, weirdomusic, free, The Shit, reincarnation, spacey.",Jazz|Experimental,Zloty Dawai,,-0.475,-0.07499999999999996
1729,"Track: Rides. Artist: Nheap. Album: Clouds Under the Table. Listener tags: hidden vibes, allaboutjazz, acustronica, best of 2011, jazz progressive, ambient jazz, free, Electronic Jazz, Post Bop, Jaga Jazzist, Contemporary, hypnotic, modern jazz, avantgarde, modern.",Jazz|Experimental|Electronic|Rock,Nheap,,0.02499999999999991,0.10000000000000009
1730,"Track: Nebulous Notions. Artist: Revolution Void. Album: Increase the Dosage. Listener tags: jazz, lounge, electronic, trip-hop, 4 of 10 stars, acid lounge revolution, sven-tatoo, vibraphonique, stonedlyours, miles-ranged, chillounge, sexion, acid lounge, nighttime is the righttime, jamendo.",Jazz|Hiphop|Electronic,Revolution Void,,0.07499999999999996,-0.275
1731,"Track: Mirage. Artist: Stefano Roncarolo & Sandro Marinoni. Album: Mirage. Listener tags: 60s, oldies, pop, classic rock, 60s Gold, british invasion, 5 times or less, Mirage Tommy James and The Shondells, rock, Radiotsar approved, favorites, THE HOWIE BAND STAFFORDSHIRE, garage, Tweepop fossil, aberrant mental states.",Jazz|Experimental|Electronic,Stefano Roncarolo & Sandro Marinoni,,-0.19999999999999996,-0.35
1732,"Track: Paradise. Artist: Bliss Blood & Al Street. Album: Live on WFMU's Airborne Event with Dan Bodah - February 18th 2013. Listener tags: parody, comedy, funny, humor, Weird Al Yankovic, Hip-Hop, 90s, rap, Weird Al, american, satire, lalalala, rock, this song is so good even my cat dances to it, humour.",Jazz|International,Bliss Blood & Al Street,,-0.19999999999999996,-0.5
1733,"Track: Vogelperspektive. Artist: Trio Metrik. Album: #01. Listener tags: 4rusty, jazzywantsmoreplays, gimme sum friends08, autumnpearls by schru, cello, lastfm lost in music friends best of radio, ffmrcologne, ffmr2012, gimme sum friends, gimme sum strings, #NAME?, gimme sum juice, ffmrfinest, 1103rh, ffmradio.",Jazz|Experimental,Trio Metrik,,-0.30000000000000004,-0.42500000000000004
1734,"Track: Factum par Fictio. Artist: Revolution Void. Album: Increase the Dosage. Listener tags: jazz, electronic, organ, Hammond, hammond organ, 4 of 10 stars, root362, station 12, spliffing, down low base, group of people who are, jazz organ, cool cats, smokey, nu-jazz.",Jazz|Hiphop|Electronic,Revolution Void,,0.02499999999999991,0.050000000000000044
1735,"Track: Sleepy. Artist: Mentz. Album: Re-Locate EP. Listener tags: loved1301, 1301fh, electronic, ambient jazz, Eremuse - Sgististj, Eremuse - SgjstIstj, nu-jazz, downbeat, ninja tune, sleepy, nu jazz, jazz, chill out, jazz fusion, easy.",Jazz|Electronic,Mentz,,-0.07499999999999996,-0.5
1736,"Track: Tumble. Artist: Mentz. Album: Re-Locate EP. Listener tags: loved1301, 1301fh, jazz, ambient, cinematic, dark jazz, cinematic jazz, glitch, Smooth Jazz, hypnotic, easy, nujazz, dark thoughts, laid back, Dreamy.",Jazz|Electronic,Mentz,,-0.07499999999999996,-0.475
1737,"Track: Hydrofugarious spasm. Artist: Zloty Dawai. Album: Teleopsis belzebuth. Listener tags: FFMRADIONEW, ffmravantgarde, jazz, improv, free jazz, noise, ffmrcologne, from xtet over newnet to bigtet, ffmradio, No1 Palace, ffmreuropjazz, freeformfreakout, peripheral music, achingly intelligent, weirdomusic.",Jazz|Experimental,Zloty Dawai,,-0.35,-0.35
1738,"Track: Adsurb Peotry. Artist: Zloty Dawai. Album: Dada Work Chant. Listener tags: noise, sensory-overload, Avant-Garde, freez jazz, golden arrows, Freaksteak, cobra verde, the vitamin b12, vitoriamario, wm recordings, free improv, weirdomusic, free, Cologne, avantgarde.",Jazz|Experimental,Zloty Dawai,,-0.55,-0.050000000000000044
1739,"Track: Squid in the mouth. Artist: Zloty Dawai. Album: Teleopsis belzebuth. Listener tags: free jazz, jazz, weirdomusic, No1 Palace, very very knorpelfunky, WEIRDEST SHIT IVE HEARD IN A WHILE, cladonio discoveries, wm recordings, loved, free, silent, improvised, improvisation, Cologne, weird.",Jazz|Experimental,Zloty Dawai,,-0.32499999999999996,-0.55
1740,"Track: I. Artist: Neuroleptic Trio. Album: Live @ RingRing. Listener tags: blues, blues rock, john mayer trio, rock, guitar, john mayer, live, Acoustic Rock, WHO DID YOU THINK I WAS, alternative rock, funk, singer-songwriter, groovy, acoustic, guitar rock.",Jazz|Electronic,Neuroleptic Trio,,0.07499999999999996,-0.17500000000000004
1741,"Track: Point of no return. Artist: Stefano Roncarolo & Sandro Marinoni. Album: Mirage. Listener tags: dark ambient, ambient, vule, electronic, experimental, atmospheric, dawns night radio, Taure-Fave, dark-industrial ambient, cave adventure, music that blows your mind no matter how much times you listen to, ZapLovedTracks, synthetic soundscapes, atmospheric ambient, ritual ambient.",Jazz|Experimental|Electronic,Stefano Roncarolo & Sandro Marinoni,,-0.42500000000000004,-0.375
1742,"Track: Intro. Artist: Quantum Jazz. Album: End of Line. Listener tags: jazz, soul, timj, Amy Winehouse, female vocalists, pop, blues, alternative, fun, british, Neo-Soul, sing, hiphop, coffee and cigarettes, Big City life.",Jazz,Quantum Jazz,,0.44999999999999996,0.02499999999999991
1743,"Track: Blue Drag. Artist: The Swing Ninjas. Album: Tears Of The Tuba (The Difficult Second Album). Listener tags: post-hardcore, screamo, emo, hardcore, metalcore, scenecore, emocore, post hardcore, industrial sex metal, Fucking Musical Fire, asewome, rocks like hell, I love this song, scremo, want to see live.",Jazz,The Swing Ninjas,,0.44999999999999996,0.375
1744,"Track: First Loser. Artist: The New Mellow Edwards. Album: Big Choantza. Listener tags: alternative, rock, pop, female vocalists, the cardigans, swedish, female vocalist, indie rock, mean, artist - The Cardigans, 4-Sterne, The cardigans - losers first try, other side of the moon, cardigans, b-side.",Jazz,The New Mellow Edwards,,-0.02499999999999991,-0.17500000000000004
1745,"Track: The Misfit Song. Artist: ProleteR. Album: Curses From The Past. Listener tags: misfit song, chanson hop, gypschanshop, proleter, Nov-11, 2011, brekbeat, gypsy beats, ep, old, mashup, Gypsy, beat, chanson, beats.",Jazz|Hiphop|Rock,ProleteR,,0.5249999999999999,0.2250000000000001
1746,"Track: Ogum. Artist: Terrero De Jesus. Album: Terrero De Jesus. Listener tags: jazz, Brasilian, latin, female vocalists, starting a morning, made with unadulterated love, got on vinyl, berimbau, A beautiful song, samba, scat, Bossa Nova, cheerful, brazilian, flute.",Jazz|International|Experimental,Terrero De Jesus,,0.17500000000000004,-0.050000000000000044
1747,"Track: Lhasa. Artist: Stefano Roncarolo & Sandro Marinoni. Album: Mirage. Listener tags: new age, spiritual, peaceful easy feeling, chillout, easy listening, pwsm - real place, lounge, ambient, happy, spring, relax, asia, mystic, Tibetan, medita.",Jazz|Experimental|Electronic,Stefano Roncarolo & Sandro Marinoni,,-0.17500000000000004,-0.525
1748,"Track: Fearless little John. Artist: Bacco Baccanels. Album: Bollate centro. Listener tags: little, cc365, testi interessanti, indipendente, Musicucina, Cantautore, sizes, men's names, john, emotions, acappella, fear, creative commons, 00s, italian.",Jazz|International|Pop,Bacco Baccanels,,0.10000000000000009,-0.2250000000000001
1749,"Track: Empingue. Artist: Gepel. Album: Absolute Balance. Listener tags: Schru Deja Vu, finest new artists by schru, DSJ-loved-tracks, funky, latin jazz, piano jazz, m, Afro-Cuban Jazz, blanket, the vitamin b12, amfibien, fonky afro-cuban jazz, jazz melancholique, fonky latin jazz, empingue.",Jazz|International,Gepel,,0.42500000000000004,-0.10000000000000009
1750,"Track: Accelerated Lifestyle. Artist: Revolution Void. Album: Increase the Dosage. Listener tags: elektrojazz, acid jazz, lounge, electronic, jamendo, jazz, alternative, electro, creative commons, indie, downtempo, free music, nujazz, funky jazz, launch.",Jazz|Hiphop|Electronic,Revolution Void,,-0.07499999999999996,0.07499999999999996
1751,"Track: Improv. Artist: Steve MacKay and the Blue Prostitutes. Album: Live from WFMU. Listener tags: comedy, ROFL, comedy favorites.",Jazz,Steve MacKay and the Blue Prostitutes,,-0.2250000000000001,-0.17500000000000004
1752,"Track: City Lights at Night. Artist: Revolution Void. Album: Thread Soul. Listener tags: nu-jazz, electronic, jazz, downtempo, creative commons, nu jazz, Drum n Bass, free, awsome, jamendo, free mp3, estudiar, electojazz, ElectglitchdubhoP.",Jazz|Electronic,Revolution Void,,0.125,0.2749999999999999
1753,"Track: I. Artist: Miro. Album: Miro. Listener tags: ambient, trance, Love, chillout, House, electronic, smooth, love song, windy, Global Underground, Passion, Deep Dish, woman singer, slicksmoothgroove.",Jazz|Experimental,Miro,,-0.44999999999999996,-0.4
1754,"Track: Fly. Artist: Somewhere Off Jazz Street. Album: A quiet light. Listener tags: idm, electronic, experimental, squarepusher - fly street, ambient, techno, electronica, Drum n Bass, D'n'B, Rephlex Styles, minimal tech, Flya Electronica, j4zz j4ngl3.",Jazz|Instrumental|Electronic,Somewhere Off Jazz Street,,-0.19999999999999996,-0.65
1755,"Track: Weekend Amnesia. Artist: Revolution Void. Album: Increase the Dosage. Listener tags: electronic, funky, jazz, pop, instrumental, strange, creative commons, jamendo, Heist, Stretch, eklektyka, riding in my dirigible, hemmond organ.",Jazz|Hiphop|Electronic,Revolution Void,,0.3500000000000001,0.17500000000000004
1756,"Track: Sad Song. Artist: Sandro Marinoni & Stefano Roncarolo with Roberto Padovan. Album: Cold Flowers. Listener tags: bluegrass, country, happy, fast, 5 times or less, rock, folk, banjo, melancholy, 2000s, Contemporary Bluegrass, newgrass, femme.",Jazz,Sandro Marinoni & Stefano Roncarolo with Roberto Padovan,,-0.1499999999999999,-0.275
1757,"Track: Bäume in freier Wildbahn. Artist: Trio Metrik. Album: #01. Listener tags: ffmradio, ffmrcologne, germanjazz, Jazz from Germany, ffmreuropjazz, ffmravantgarde, FFMRADIONEW, JazzCuisine, jbp-smooth, gimme sum friends, ffmr2012, jazzcuisinenew.",Jazz|Experimental,Trio Metrik,,0.0,-0.475
1758,"Track: Copacabana Palace Hotel. Artist: Calypso. Album: netBloc Vol. 02: DRM killed the music-product machine. Listener tags: calypso, downtempo, latinoamerica, bed, happy hardcore, netlabel, chilout, heard on last-fm, fully streamable tracks, downloadable tracks, sexowne, plons.",Jazz,Calypso,,0.10000000000000009,-0.5
1759,"Track: Oxum. Artist: Terrero De Jesus. Album: Terrero De Jesus. Listener tags: Maria Bethania, mpb, brasil, Bossa Nova, hawt, baixar, Bahia, Umbanda, bossa vocal, bossa hawt, curativos.",Jazz|International|Experimental,Terrero De Jesus,,0.10000000000000009,-0.07499999999999996
1760,"Track: Shackles. Artist: Mentz. Album: Re-Locate EP. Listener tags: 1301fh, loved1301, jazz, electronic, jazzy, dark thoughts, clouds, soul, nujazz, slow jazz, wavy.",Jazz|Electronic,Mentz,,-0.17500000000000004,-0.2250000000000001
1761,"Track: Big Leg Woman. Artist: Scott Kettner's Brazilian Brass Band. Album: WFMU live broadcast from Barbes on Transpacific Paradise 4/11/09. Listener tags: jazz, blues, NOrleans brass band, cool, world, World Music, ethno, cross-cultural, TREME BRASS BAND, chez Nata-san, Norleans traditional brass band.",Jazz|International,Scott Kettner's Brazilian Brass Band,,0.7250000000000001,0.5249999999999999
1762,"Track: Trying Jazz. Artist: Pablie. Album: netBloc Vol. 01: The Opening Salvo. Listener tags: acid jazz, lounge, downtempo, instrumental, nu jazz, beats, trip-hop, instrumental hip-hop, nu-jazz, Get it, Cinematix.",Jazz|Hiphop,Pablie,,0.2749999999999999,0.10000000000000009
1763,"Track: Night Song. Artist: Mike Link &amp; Harvey Taylor. Album: netBloc Vol. 05: The threat at Goliath's feet.... Listener tags: classic rock, folk, 70s, alternative rock, favorites, my music, folk rock, preferiti, bueno, Twilight Zone, Hygglo.",Jazz|Electronic,Mike Link &amp; Harvey Taylor,,-0.1499999999999999,-0.375
1764,"Track: Duende. Artist: Jaap Blonk & Splinks. Album: Splinks. Listener tags: jazz, 77davez-all-tracks, Low, wish list, jazz piano, piano, Vibraphone, Blue note sweetie, jazz vibraphone, c-corea.",Jazz|Experimental,Jaap Blonk & Splinks,,-0.02499999999999991,-0.25
1765,"Track: Karussell. Artist: Taiga Blues. Album: Bad Panda #12. Listener tags: Ostrock, ddr, deutsch, blues, caesar, Kult, stuelpner deutschelt, stuelpner folkt, echtguddes, Karusell.",Jazz|Experimental,Taiga Blues,,0.19999999999999996,-0.10000000000000009
1766,"Track: Meditation. Artist: Stefano Roncarolo & Sandro Marinoni. Album: Mirage. Listener tags: Drum and bass, dnb, neurofunk, jumping beat, darkstep, mantra one, dark, noisia, jump up, dabass.",Jazz|Experimental|Electronic,Stefano Roncarolo & Sandro Marinoni,,-0.32499999999999996,-0.5
1767,"Track: Merope. Artist: Kreng. Album: Pleiades EP. Listener tags: piano, Love, ambient, pop, Avant-Garde, Low, ambient subcode monitoring, electronic-largo, R97000, RDAH 98000.",Jazz|Electronic,Kreng,,-0.30000000000000004,-0.65
1768,"Track: Ghost. Artist: Somewhere Off Jazz Street. Album: A quiet light. Listener tags: Hip-Hop, skit, rap, humor, hiphop, american, wu-tang, def jam, bahaha.",Jazz|Instrumental|Electronic,Somewhere Off Jazz Street,,-0.2250000000000001,-0.475
1769,"Track: All the things. Artist: M.A.G. Trio. Album: M.A.G Trio plays Standards. Listener tags: jazz, jazz trio, jazz piano, 1983, 80s, Keith Jarrett, Strumentale, Jack DeJohnette, gary peacock.",Jazz,M.A.G. Trio,,0.2250000000000001,0.07499999999999996
1770,"Track: Come Sunday. Artist: Assif Tsahar & Tatsuya Nakatani. Album: Come sunday. Listener tags: great song, great voice, gospel, Like, great choir, black gospel, Contemporary Gospel, When Sunday Comes, Contemporary Gospel Tag.",Jazz,Assif Tsahar & Tatsuya Nakatani,,-0.125,-0.525
1771,"Track: Steve Reich. Artist: Plaistow. Album: Do You Feel Lucky?. Listener tags: instrumental, piano, drums.",Jazz|Experimental|Rock,Plaistow,,-0.02499999999999991,0.07499999999999996
1772,"Track: Attimi. Artist: Oprachina. Album: The Jazz Farm. Listener tags: jazz, guitar, Avant-Garde, ECM, Avantgarde Jazz, contemporary jazz, Avant-Garde Jazz.",Jazz,Oprachina,,0.1499999999999999,-0.17500000000000004
1773,"Track: Aki's Apple. Artist: Plaistow. Album: Do You Feel Lucky?. Listener tags: Eremuse-Motor-kokko, Eremuse-loved-3, jazz, free jazz, instrumental, piano, gammarec.",Jazz|Experimental|Rock,Plaistow,,0.10000000000000009,-0.2250000000000001
1774,"Track: Mi fa. Artist: Bacco Baccanels. Album: Bollate centro. Listener tags: italian, experimental, vocal, acappella, weirdomusic, wm recordings, Musicucina.",Jazz|International|Pop,Bacco Baccanels,,-0.02499999999999991,-0.050000000000000044
1775,"Track: Mother Matrix Most Mysterious. Artist: Jonah Dempcy. Album: Syncretic Beliefs. Listener tags: instrumental, piano, free, jamendo, libre, cc-by.",Jazz,Jonah Dempcy,,-0.10000000000000009,-0.5
1776,"Track: Upsurge. Artist: Jonah Dempcy. Album: Syncretic Beliefs. Listener tags: instrumental, piano, free, jamendo, libre, cc-by.",Jazz,Jonah Dempcy,,-0.050000000000000044,-0.30000000000000004
1777,"Track: Myriad Ways. Artist: Jonah Dempcy. Album: Syncretic Beliefs. Listener tags: instrumental, piano, free, jamendo, libre, cc-by.",Jazz,Jonah Dempcy,,0.07499999999999996,-0.1499999999999999
1778,"Track: Lumen Arcanum. Artist: Jonah Dempcy. Album: Syncretic Beliefs. Listener tags: instrumental, piano, free, jamendo, libre, cc-by.",Jazz,Jonah Dempcy,,-0.1499999999999999,-0.44999999999999996
1779,"Track: Azurescent. Artist: Jonah Dempcy. Album: Syncretic Beliefs. Listener tags: instrumental, piano, free, jamendo, libre, cc-by.",Jazz,Jonah Dempcy,,0.17500000000000004,-0.525
1780,"Track: Song for Lisa. Artist: Stefano Roncarolo & Sandro Marinoni. Album: Mirage. Listener tags: tech house, House, electronic, dance, female vocals, vocal house.",Jazz|Experimental|Electronic,Stefano Roncarolo & Sandro Marinoni,,-0.050000000000000044,-0.375
1781,"Track: Composing after playing part 3. Artist: Gitarrenarmee. Album: Composing after playing pt. 1-4. Listener tags: free jazz, jazz fusion, radioespectro, gimpels favourite, experimental, post-rock.",Jazz|Experimental,Gitarrenarmee,,-0.19999999999999996,-0.575
1782,"Track: Edentrip. Artist: Interkosmos. Album: VA - Clinical Jazz (excerpt 1). Listener tags: electronic, alternative, experimental, atmospheric, at night, clinical archives.",Jazz|Experimental|Electronic|Rock,Interkosmos,,-0.07499999999999996,0.050000000000000044
1783,"Track: Dusk. Artist: Somewhere Off Jazz Street. Album: A quiet light. Listener tags: Autopilot Off, punk, punk rock, Alexisonfire, armor for sleep.",Jazz|Instrumental|Electronic,Somewhere Off Jazz Street,,-0.19999999999999996,-0.42500000000000004
1784,"Track: Spain. Artist: M.A.G. Trio. Album: M.A.G Trio plays Standards. Listener tags: guitar, acoustic, gypsy jazz, jazz manouche, acoustic jazz guitar.",Jazz,M.A.G. Trio,,0.125,0.02499999999999991
1785,"Track: Reisefenster. Artist: Trio Metrik. Album: #01. Listener tags: ffmrcologne, ffmreuropjazz, ffmrpiano, FFMRADIONEW, ffmradio.",Jazz|Experimental,Trio Metrik,,0.1499999999999999,0.050000000000000044
1786,"Track: Through Fields. Artist: Schizoïd Bass. Album: Sunny Fragments. Listener tags: jazz, instrumental, experimental, Avant-Garde, bass.",Jazz|Experimental,Schizoïd Bass,,-0.19999999999999996,-0.475
1787,"Track: Ta vieja y ya no sale. Artist: Gepel. Album: Moducué. Listener tags: jazz, latin jazz, world, Colombia, gimme sum friends06.",Jazz|International,Gepel,,-0.275,-0.4
1788,"Track: Set the Fire. Artist: Jooklo Duo with C. Spencer Yeh. Album: Live at WFMU on The Long Rally with Scott McDowell on May 27 2011. Listener tags: indie, electro-indie, electronic, electro, british, remix, indie rock, remixes that are better than the original, tom Vek, alternative, ifpopdidntmeanbritneyspears, electropop, singer-songwriter, cool, 2005.",Jazz|Experimental,Jooklo Duo with C. Spencer Yeh,,-0.35,0.25
1789,"Track: Ventus Solaris. Artist: Revolution Void. Album: Thread Soul. Listener tags: electronic, jazz, nujazz.",Jazz|Electronic,Revolution Void,,0.2250000000000001,0.02499999999999991
1790,"Track: 2. Artist: julia a. miller. Album: solo variations. Listener tags: hardcore, post-hardcore, pop punk, emocore.",Jazz|Experimental,julia a. miller,,-0.30000000000000004,-0.42500000000000004
1791,"Track: Porta D'Arce. Artist: Oprachina. Album: The Jazz Farm. Listener tags: jazz, ECM, Modern creative jazz, European Jazz.",Jazz,Oprachina,,0.07499999999999996,-0.42500000000000004
1792,"Track: Jingle Jazz. Artist: Quantum Jazz. Album: End of Line. Listener tags: christmas, jazz, holiday, female vocalists.",Jazz,Quantum Jazz,,0.2749999999999999,0.02499999999999991
1793,"Track: Drop of whisper (2005). Artist: Antony Raijekov. Album: Jazz U. Listener tags: downtempo, nu jazz, trip-hop, my quiet place.",Jazz|Electronic,Antony Raijekov,,0.02499999999999991,-0.19999999999999996
1794,"Track: Deep blue (2005). Artist: Antony Raijekov. Album: Jazz U. Listener tags: downtempo, trip-hop, jazz, nu jazz.",Jazz|Electronic,Antony Raijekov,,-0.19999999999999996,-0.32499999999999996
1795,"Track: Sequel Ex. Artist: Tim Berne. Album: Sequel Ex. Listener tags: jazz, post-rock, beautiful, dark.",Jazz,Tim Berne,,-0.275,-0.5
1796,"Track: Sofawende. Artist: Necronomikon Quartett. Album: Input. Listener tags: instrumental, Progressive rock, jazz, german.",Jazz|Rock,Necronomikon Quartett,,0.19999999999999996,0.25
1797,"Track: The High Priestess. Artist: Goat. Album: VA - Clinical Jazz (excerpt 1). Listener tags: jazz, experimental, atmospheric, at night.",Jazz|Experimental|Electronic,Goat,,-0.35,-0.2250000000000001
1798,"Track: The Universe & Everything. Artist: Pavel Tukki. Album: netBloc Vol. 42: Life. Listener tags: diku, chillout, wish list, valfluier.",Jazz,Pavel Tukki,,0.17500000000000004,-0.25
1799,"Track: EXIT 65 (2005). Artist: Antony Raijekov. Album: Jazz U. Listener tags: downtempo, nu jazz, trip-hop.",Jazz|Electronic,Antony Raijekov,,0.19999999999999996,-0.125
1800,"Track: Hymne. Artist: Jaap Blonk & Splinks. Album: Splinks. Listener tags: psychedelic, ethereal, FUCKING AWESOME.",Jazz|Experimental,Jaap Blonk & Splinks,,-0.4,-0.6
1801,"Track: Sunday. Artist: Fire To The Stars. Album: Keep You Safe EP. Listener tags: classic rock, rock, 60s, psychedelic, alternative, Psychedelic Rock, proto-punk, Mellow, The Velvet Underground, experimental, art rock, Dreamy, sunday, american, beautiful.",Pop|Experimental|Rock,Fire To The Stars,,-0.4,-0.55
1802,"Track: Graves. Artist: The Color and Sound. Album: FrostWire Creative Commons Mixtape Volume 4. Listener tags: indie, 80s, post-punk, new wave, alternative, british, Manchester, The Smiths, indie rock, rock, indie pop, alternative rock, 1984, pop, melancholy.",Pop|Rock,The Color and Sound,,0.17500000000000004,0.3999999999999999
1803,"Track: Everything. Artist: The Spectacular Fantastic. Album: Free EP 2006. Listener tags: rock, indie, indie rock, alternative, The Killers, alternative rock, chillout, pop, american, Mellow, new wave, 00s, Awesome, melancholic, depressing.",Pop|Rock,The Spectacular Fantastic,,-0.2250000000000001,-0.35
1804,"Track: California. Artist: The Spectacular Fantastic. Album: Free EP 2006. Listener tags: 60s, classic rock, oldies, rock, pop, folk, California, psychedelic, hippie, the mamas and the papas, folk rock, Flower Power, Fleetwood Mac, summer, american.",Pop|Rock,The Spectacular Fantastic,,0.17500000000000004,0.2250000000000001
1805,"Track: In the mood. Artist: The Spectacular Fantastic. Album: Free EP 2006. Listener tags: classic rock, 60s, Progressive rock, rock, oldies, Ballad, romantic, the Moody Blues, psychedelic, Love, Moody Blues, beautiful, Symphonic Rock, soft rock, Mellow.",Pop|Rock,The Spectacular Fantastic,,0.17500000000000004,-0.02499999999999991
1806,"Track: Out of time. Artist: The Spectacular Fantastic. Album: Outer Space Is Nothing But A Lie. Listener tags: classic rock, rock, 60s, the rolling stones, british, Rock and Roll, fip, oldies, 1966, pop, lx-, hard rock, british invasion, livin out the trip, male vocalists.",Pop|Rock,The Spectacular Fantastic,,0.375,0.30000000000000004
1807,"Track: This old heart. Artist: The Spectacular Fantastic. Album: Outer Space Is Nothing But A Lie. Listener tags: motown, soul, 60s, oldies, northern soul, rhythm and blues, the isley brothers, funk, classic soul, 1966, male vocalists, rnb, Favourites, Isley Brothers, unconscionably good.",Pop|Rock,The Spectacular Fantastic,,0.17500000000000004,0.07499999999999996
1808,"Track: Emma. Artist: The Attraction. Album: Emma. Listener tags: indie, indie pop, british, 1988, lovedbygdchill, twee, pop, Sarah Records, sarah, sugoigdchill, aleplusandminus, the pitchfork 500, 80s, where the heart is, friendsofthekingofrummelpop.",Pop|Rock,The Attraction,,0.10000000000000009,0.07499999999999996
1809,"Track: Dog. Artist: Zola Jesus. Album: Live at WFMU on Scott McDowell's Show 1/7/09. Listener tags: Grunge, alternative, rock, alternative rock, seattle, 90s, Chris Cornell, Temple of the Dog, pearl jam, hard rock, music choice: retro rock, Mother Love Bone, wooden jesus, great vocals, favorites.",Pop|Rock,Zola Jesus,,-0.25,-0.2250000000000001
1810,"Track: Don't Give Up. Artist: The Fresh & Onlys. Album: Live at WFMU on Talk's Cheap 10/13/2009. Listener tags: indie, Mellow, indie pop, electronic, alternative, chillout, norwegian, scandinavian, the whitest boy alive, indietronica, chill, electronica, rock, relax, pop.",Pop|Rock,The Fresh & Onlys,,-0.2250000000000001,-0.25
1811,"Track: Low. Artist: Silence Is Sexy. Album: Everything You Should Know. Listener tags: britpop, 90s, british, indie, rock, alternative rock, blur, alternative, indie rock, pop, beautiful, indie pop, downtempo, Mellow, 1994.",Pop|Rock,Silence Is Sexy,,-0.10000000000000009,-0.07499999999999996
1812,"Track: Talk. Artist: Silence Is Sexy. Album: This Ain't Hollywood. Listener tags: new wave, 80s, rock, alternative, post-punk, talking heads, 77davez-all-tracks, pop, classic rock, para dedicarselo a la chica recien cuadrada, cucota, David Byrne, somafm, temazo, synth pop.",Pop|Rock,Silence Is Sexy,,0.0,0.0
1813,"Track: Sex Club. Artist: The Womb. Album: Sex Tape. Listener tags: post-punk, punk, psychobilly, 80s, Post punk, fantastic opener, Gun Club, cowpunk, 1981, MetroHadriani Loves this music, lizvelrene postpunk, rockabilly, Garage Rock, sweet california, niemerdeheis therapy.",Pop,The Womb,,0.2749999999999999,0.17500000000000004
1814,"Track: Going to Hell. Artist: Huge Face. Album: AS220's Spring Sampler 2013. Listener tags: punk, proto-punk, rock, 70s, Garage Rock, punk rock, classic rock, hard rock, 1973, Protopunk, glam rock, neatneatneat, Iggy Pop, garage, glam.",Pop|Rock,Huge Face,,0.25,0.19999999999999996
1815,"Track: Hey Hey Hey Hey Hey. Artist: The Womb. Album: Silencio. Listener tags: classic rock, 60s, rock, The Beatles, british, pop, beatles, oldies, classic, favorites, piano, Love, beautiful, hey jude, british invasion.",Pop|Electronic|Rock,The Womb,,0.3500000000000001,0.19999999999999996
1816,"Track: In. Artist: Podington Bear. Album: Rhythm and Strings. Listener tags: experimental, psychedelic, indie, freak folk, beautiful, trippy, folk, alternative, Dreamy, atmospheric, panda bear, handclaps, Awesome, New Weird America, favorites.",Pop|Experimental|Electronic,Podington Bear,,0.0,-0.125
1817,"Track: No Life. Artist: No Monster Club. Album: Posthumous Hits. Listener tags: pop, rock, cover, alternative, No Doubt, female vocalists, covers, alternative rock, ska, 00s, pop rock, 90s, new wave, 2003, punk.",Pop|Rock,No Monster Club,,0.3999999999999999,0.25
1818,"Track: Goodbye. Artist: The Scallions. Album: Agony Through Ceremony XE. Listener tags: classic rock, rock, 60s, The Beatles, british, pop, oldies, beatles, happy, psychedelic, 1967, classic, british invasion, britpop, paul mccartney.",Pop|Experimental|Rock,The Scallions,,-0.17500000000000004,-0.44999999999999996
1819,"Track: 2. Artist: The Scallions. Album: Agony Through Ceremony XE. Listener tags: Hip-Hop, hip hop, rap, the roots, funky, soul, funk, 00s, alternative rap, smooth, party, Neo-Soul, roots, catchy, groovy.",Pop|Experimental|Rock,The Scallions,,-0.2250000000000001,-0.2250000000000001
1820,"Track: Gladys. Artist: The Scallions. Album: Agony Through Ceremony XE. Listener tags: soul, motown, 70s, oldies, female vocalists, Midnight Train to Georgia, Gladys Knight, rhythm and blues, pop, easy listening, classic, favorites, rnb, 1973, Love.",Pop|Experimental|Rock,The Scallions,,-0.125,-0.1499999999999999
1821,"Track: Falling. Artist: I Am Not Lefthanded. Album: Yes Means No. Listener tags: metal, Nu Metal, alternative metal, hard rock, mudvayne, Nu-metal, rock, heavy metal, math metal, Not Falling, Progressive metal, love this song and band, dark, alternative, hardcore.",Pop,I Am Not Lefthanded,,0.30000000000000004,0.3999999999999999
1822,"Track: Ennio. Artist: Silence Is Sexy. Album: Modern Antiques Vol 1 & 2. Listener tags: Soundtrack, instrumental, soundtrackgdchill, ennio morricone, easy listening, Soundtracks, film, film music, nighty night, grossartig, spaghetti western, ach ja - die kindheit, italianigdchill, ambient, relax.",Pop|Rock,Silence Is Sexy,,-0.07499999999999996,-0.375
1823,"Track: Hey Joe. Artist: The Dick Burrills. Album: Dig Out Ol' Dick's Records. Listener tags: classic rock, rock, Psychedelic Rock, 60s, blues, jimi hendrix, blues rock, wrif-fm, guitar, psychedelic, Hendrix, guitar virtuoso, Hey Joe, cover, hard rock.",Pop|Experimental,The Dick Burrills,,-0.575,0.1499999999999999
1824,"Track: Torre. Artist: The Womb. Album: Purity Test. Listener tags: rock, alternative rock, alternative, blues rock, Garage Rock, indie rock, blues, indie, 00s, american, blues-rock, jack white, white stripes, 2007, Awesome.",Pop|Electronic|Rock,The Womb,,0.30000000000000004,0.17500000000000004
1825,"Track: U. Artist: The Womb. Album: Beautiful Insane Insensitive Erupting Liquid Ice Vice Music. Listener tags: classic rock, rock, 60s, The Beatles, pop, british, Rock and Roll, beatles, 1968, classic, rock n roll, oldies, fun, Energetic, places.",Pop|Electronic|Rock,The Womb,,-0.050000000000000044,-0.125
1826,"Track: The Crawl. Artist: The Womb. Album: How To Deal With People Who Refuse To Leave A Burning Building. Listener tags: classic rock, rock, Psychedelic Rock, blues, The Doors, blues rock, psychedelic, 70s, 60s, fip, 1971, animals, american, classic, animal kingdom.",Pop|Rock,The Womb,,0.02499999999999991,-0.32499999999999996
1827,"Track: Just Friends. Artist: Rackets Vs. VED. Album: Other Side of the World. Listener tags: electronic, dance, electro, House, electronica, indie disco, ed banger, i want to dance, candy flavor, party, Electroclash, synthbreaks, favorites, remix, rice krispy treats.",Pop|Electronic,Rackets Vs. VED,,0.1499999999999999,0.42500000000000004
1828,"Track: Natalie. Artist: The Sand Pebbles. Album: Tomorrow is Today: A Tribute to the Australian Psychedelic Scene 1966-70 [Disc 2]. Listener tags: rock, indie, indie rock, alternative, The Killers, alternative rock, american, electronic, 00s, indie pop, new wave, pop, post-punk, favorites, Killers.",Pop,The Sand Pebbles,,0.19999999999999996,0.3999999999999999
1829,"Track: NATCH 2. Artist: Dave Shuford. Album: Margot Bianca and Pigeons. Listener tags: Eyes Eyes, indie, folk, singer-songwriter, emo, Bright Eyes, indie rock, Mellow, alternative, acoustic, beautiful, favorite songs, american, folk rock, rock.",Pop|Experimental|Rock,Dave Shuford,,-0.050000000000000044,-0.35
1830,"Track: To You. Artist: Black Math. Album: To You' - digital single. Listener tags: indie, indie pop, indie rock, black kids, love at first listen, dance, rock, fun, catchy, alternative, 00s, happy, synth, pop, american.",Pop|Electronic|Rock,Black Math,,0.17500000000000004,0.07499999999999996
1831,"Track: Fly. Artist: The Kyoto Connection. Album: The First Voyage. Listener tags: punk rock, rock, punk, alternative, alternative rock, 90s, The Offspring, pop punk, fun, offspring, skate punk, funny, party, american, pop.",Pop|Electronic,The Kyoto Connection,,0.30000000000000004,0.1499999999999999
1832,"Track: Heaven. Artist: Mother Of Pearl. Album: a tribute to club tropicana vol. 2. Listener tags: pop, rnb, Bruno Mars, 2012, 10s, cant even express how much i love this song, locked out of heaven, american, dance, electronic, r&b, bruno, glee, winter music, love at first listen.",Pop,Mother Of Pearl,,0.17500000000000004,0.050000000000000044
1833,"Track: Over and Over. Artist: Eros and the Eschaton. Album: Live on WFMU's Dark Night of the Soul - October 24 ' 2013. Listener tags: classic rock, rock, hard rock, Led Zeppelin, 70s, blues rock, heavy metal, british, Progressive rock, guitar, folk rock, acoustic, classic, Robert Plant, wrif-fm.",Pop|Rock,Eros and the Eschaton,,-0.125,-0.44999999999999996
1834,"Track: Spaceman. Artist: The Moot. Album: Party in Space. Listener tags: indie, indie rock, rock, alternative rock, The Killers, alternative, pop, 00s, Awesome, happy, love at first listen, 2008, FUCKING AWESOME, american, indie pop.",Pop,The Moot,,0.32499999999999996,0.17500000000000004
1835,"Track: Infinity. Artist: The Keith Walsh Experience. Album: Heavy Meta. Listener tags: indie, alternative, atmospheric, Dreamy, beautiful, indie rock, chillout, electronic, ambient, Mellow, british, the xx, Love, rock, Crybs Choice.",Pop|Rock,The Keith Walsh Experience,,0.07499999999999996,-0.44999999999999996
1836,"Track: Lotion. Artist: Greenskeepers. Album: James Curd - Greenskeepers - Ziggy Franklin - Studio 11 sampler. Listener tags: silence of the lambs, greys anatomy, funny, indie, playlist: i object, Porieux-loved, lotion, Awesome, sexy, prominent percussion, extensive vamping, a subtle use of vocal harmony, repetitive melodic phrasing, electronica influences, major key tonality.",Pop|Electronic|Rock,Greenskeepers,,0.1499999999999999,-0.10000000000000009
1837,"Track: Sunshine. Artist: The Hathaway Family Plot. Album: Debt. Listener tags: classic rock, rock, 60s, british, pop, The Beatles, happy, beatles, oldies, psychedelic, 1966, upbeat, fun, british invasion, morning.",Pop|Experimental,The Hathaway Family Plot,,-0.19999999999999996,-0.525
1838,"Track: Homecoming. Artist: The Lost Patrol. Album: Live on WFMU's Dark Night of the Soul with Julie - October 3 ' 2013. Listener tags: indie, electronic, french, indietronica, new rave, electropop, electro, dirty, new wave, catchy as fuck, Electro Indie, indie rock, alternative, the teenagers, funny.",Pop|Rock,The Lost Patrol,,-0.10000000000000009,0.0
1839,"Track: Play With Fire. Artist: The Lost Patrol. Album: Live on WFMU's Dark Night of the Soul with Julie - October 3 ' 2013. Listener tags: classic rock, 60s, rock, the rolling stones, british, blues rock, soundtrackgdchill, oldies, 1965, british invasion, blues, favorites, JTMlate60s, 5 of 10 stars, the darjeeling limited.",Pop|Rock,The Lost Patrol,,0.25,0.17500000000000004
1840,"Track: Naked. Artist: Adam & Alma. Album: Back To The Sea. Listener tags: acoustic, folk, indie, Mellow, singer-songwriter, beautiful, indie folk, iron and wine, Love, chill, favorites, calm, sad, melancholy, soft.",Pop|Electronic,Adam & Alma,,-0.050000000000000044,0.10000000000000009
1841,"Track: Things. Artist: Adam & Alma. Album: Back To The Sea. Listener tags: indie rock, indie, british, rock, Dirty Pretty Things, punk, gin and milk, the libertines, alternative rock, britpop, alternative, british rock, catchy, get it later, 2006.",Pop|Electronic,Adam & Alma,,-0.10000000000000009,-0.475
1842,"Track: The frog. Artist: The New Drum. Album: Rex Is For Records - 5 Years Compilation Vol.1. Listener tags: classic rock, Psychedelic Rock, rock, 60s, The Doors, psychedelic, 70s, blues rock, blues, doors, rock n roll, american, favorites, hard rock, funk.",Pop|Experimental|Electronic,The New Drum,,0.19999999999999996,0.32499999999999996
1843,"Track: Electricity. Artist: The New Drum. Album: Rex Is For Records - 5 Years Compilation Vol.1. Listener tags: electronic, dance, Hip-Hop, electronica, downtempo, turntablism, alternative, big beat, funk, amayzes loved, australian, experimental, The Avalanches, Disco, dubfunktronica.",Pop|Experimental|Electronic,The New Drum,,-0.02499999999999991,-0.07499999999999996
1844,"Track: Apartment. Artist: The Baskervilles. Album: Live at WFMU on Evan Davies's Show on 5/22/2007. Listener tags: rock, indie rock, indie, alternative, american, perfect, intimate, cant resist singing along, pretty, loved, beautiful, catchy as hell, 2007, 00s, more addictive than crack.",Pop,The Baskervilles,,0.2749999999999999,0.125
1845,"Track: Feel It. Artist: The Pop Winds. Album: netBloc Vol. 30: aldartea. Listener tags: pop, indie, british, rock, indie pop, britpop, indie rock, happy, catchy, The Feeling, 00s, male vocalists, Love it when you call, soft rock, fun.",Pop,The Pop Winds,,0.2250000000000001,0.2250000000000001
1846,"Track: Flowers. Artist: Silence is full of birds. Album: Evergreens 'n Odditunes. Listener tags: alternative rock, alternative, rock, Placebo, british, britpop, indie, melancholic, sad, indie rock, glam rock, melancholy, chillout, Love, Surf.",Pop|Experimental|Electronic,Silence is full of birds,,0.19999999999999996,0.19999999999999996
1847,"Track: Drown. Artist: Charles Ray Experience. Album: Hooked On Dialectics. Listener tags: soul, blues, jazz, ray charles, rhythm and blues, oldies, 50s, RB, piano, Soundtrack, melancholy, sad, favorites, drjazzmrfunkmusic, Drown in My Own Tears.",Pop|Experimental|Rock,Charles Ray Experience,,-0.44999999999999996,-0.6
1848,"Track: Lost At Sea. Artist: The Lost Patrol. Album: Live on WFMU's Dark Night of the Soul with Julie - October 3 2013. Listener tags: indie, the decemberists, alternative, indie rock, sad, folk, melancholy, acoustic, indie folk, rock, beautiful, amayzes loved, Mellow, Love, aitchchill.",Pop|Rock,The Lost Patrol,,0.125,0.0
1849,"Track: A Little More Time. Artist: The Baskervilles. Album: Live at WFMU on Evan Davies's Show on 5/22/2007. Listener tags: soul, northern soul, 70s, funk, beach music, oldies, 1970, AM Gold, Old School soul, RB, motown, tantotempotaste, double-ender 10, Family Archive, un dia fantastico.",Pop,The Baskervilles,,0.25,0.19999999999999996
1850,"Track: Lately (Deuxième). Artist: Memoryhouse. Album: Beko 13. Listener tags: dream pop, chillwave, Mellow, beautiful, female vocalists, ambient, gilbert, lizvelrene2010, alternative, chill, summer, Dreamy, gilbert linley, shoegaze, electronic.",Pop|Electronic|Rock,Memoryhouse,,-0.32499999999999996,-0.575
1851,"Track: Cockatoos. Artist: The Universal Thump. Album: Live On Irene Trudel's Show on WFMU 10/22/12. Listener tags: new wave, post-punk, 80s, alternative, The Cure, rock, goth, Gothic Rock, best of the cure, Cure, dark wave, bujamsie, dark, melancholy, alternative rock.",Pop|Rock,The Universal Thump,,-0.10000000000000009,-0.42500000000000004
1852,"Track: Maybe. Artist: Friends or Whatever. Album: Friends or Whatever. Listener tags: Bagel, somafm, indie, indie rock, rock, folk, alternative, 00s, love at first listen, okkervil river, epic, indie pop, 2007, austin, loved.",Pop|Electronic|Rock,Friends or Whatever,,-0.2250000000000001,-0.07499999999999996
1853,"Track: Jungle. Artist: The Suzan. Album: Live at WFMU on Beastin the Airwaves June 3rd 2012. Listener tags: funk, Disco, 70s, Soundtrack, soul, pulp fiction, funky, dance, tarantino, kool and the gang, pop, Jungle Boogie, 80s, oldies, fip.",Pop,The Suzan,,0.375,0.17500000000000004
1854,"Track: Fools. Artist: The Pop Winds. Album: The Turquoise. Listener tags: indie, britpop, madchester, rock, alternative, british, 90s, Manchester, funk, 80s, alternative rock, indie rock, the stone roses, Soundtrack, dance.",Pop,The Pop Winds,,0.050000000000000044,-0.125
1855,"Track: Hello. Artist: The Laureates. Album: The Laureates 7'' EP. Listener tags: Hello, classic rock, rock, 60s, Psychedelic Rock, The Doors, psychedelic, wrif-fm, Love, blues, 1968, jim morrison, oldies, american, doors.",Pop|Rock,The Laureates,,0.10000000000000009,0.25
1856,"Track: The Crystal Cat. Artist: Dan Deacon. Album: Back From The Future. Listener tags: electronic, perfect to listen to while leaving the planet, quite possibly has an actual cat on vocals, dance, experimental, Baltimore, 00s, Titanium Salvia Lapis Lazuli, 2007, electronica, Ion B radio, pitchfork Top 500 Tracks of the 2000s, cats, crystal, where is my mind.",Pop|Electronic,Dan Deacon,,0.2749999999999999,0.42500000000000004
1857,"Track: Little Sister. Artist: The Pop Winds. Album: Understory EP. Listener tags: rock, Stoner Rock, alternative rock, alternative, Queens Of The Stone Age, hard rock, cowbell, 00s, stoner, desert rock, stoner metal, favorites, indie rock, Grunge, qotsa.",Pop|Experimental,The Pop Winds,,0.07499999999999996,0.0
1858,"Track: The Sun. Artist: The Pop Winds. Album: Understory EP. Listener tags: classic rock, 60s, rock, The Beatles, happy, british, pop, beatles, oldies, beautiful, summer, classic, acoustic, Mellow, upbeat.",Pop|Experimental,The Pop Winds,,0.050000000000000044,0.1499999999999999
1859,"Track: Want Me. Artist: Ariel Pink's Haunted Graffiti. Album: Homemade Hits Vol. 1. Listener tags: Progressive rock, classic rock, Psychedelic Rock, rock, Pink Floyd, psychedelic, british, Progressive, 90s, space rock, british invasion, hard rock, Prog-Rock, art rock, ahk.",Pop|Rock,Ariel Pink's Haunted Graffiti,,0.050000000000000044,0.0
1860,"Track: Over Me. Artist: The Gasoline Brothers. Album: netBloc Vol. 25: From Darkness Cometh The Light. Listener tags: rock, alternative, alternative rock, indie rock, Garage Rock, The White Stripes, indie, blues rock, blues, american, jack white, Lo-Fi, 00s, slow, blues-rock.",Pop,The Gasoline Brothers,,-0.32499999999999996,-0.375
1861,"Track: Groove Is In The Heart. Artist: Ergo Phizmiz and the Midnight Florists. Album: Now That's What We Pump At The Party. Listener tags: dance, 90s, pop, funk, electronic, funky, Disco, House, party, female vocalists, groove, 1990, electronica, fun, groovy.",Pop|Rock,Ergo Phizmiz and the Midnight Florists,,0.02499999999999991,0.0
1862,"Track: All you've never felt. Artist: Fresh Body Shop. Album: netBloc Vol. 13: Color in a world of monochrome. Listener tags: alternative, indie, alternative rock, pop, rock, indie rock, french, pop rock, indie pop, france, post rock, alt rock, piano rock, emo, creative commons.",Pop|Rock,Fresh Body Shop,,0.02499999999999991,-0.02499999999999991
1863,"Track: Have It. Artist: The Rabbits. Album: That Cave of Love part 1. Listener tags: emo, rock, indie, PANIC AT THE DISCO, alternative, alternative rock, pop punk, dance, pop, punk rock, favorites, punk, indie rock, Love, PAtd.",Pop|Rock,The Rabbits,,0.3500000000000001,0.17500000000000004
1864,"Track: Live For Today. Artist: The Rabbits. Album: That Cave of Love part 1. Listener tags: 60s, classic rock, oldies, rock, pop, 11-Jun, fun, sufu5a, Psychedelic Rock, nostalgia, grass roots, 70s, party, 60s-70s, unconscionably good.",Pop|Rock,The Rabbits,,0.2749999999999999,0.6000000000000001
1865,"Track: Come. Artist: The Suzan. Album: Live at WFMU on Beastin the Airwaves June 3rd 2012. Listener tags: classic rock, rock, The Beatles, 60s, british, pop, beatles, oldies, psychedelic, classic, come together, john lennon, favorites, Rock and Roll, 1969.",Pop,The Suzan,,0.44999999999999996,0.2250000000000001
1866,"Track: Mirage. Artist: The Cannanes. Album: Phoning It In 06/12/05. Listener tags: post-punk, new wave, 80s, punk, Gothic, Gothic Rock, goth, 77davez-all-tracks, 1978, 77davez-loved, lizvelrene postpunk, MetroHadriani Loves this music, Post punk, goth rock, rock.",Pop|Rock,The Cannanes,,-0.050000000000000044,-0.125
1867,"Track: Guilty. Artist: The Cannanes. Album: Phoning It In 06/12/05. Listener tags: rock, alternative rock, finnish, alternative, The Rasmus, Gothic Rock, finnish rock, pop, guilty, Gothic, finland, rasmus, play again, pop rock, Gothic Metal.",Pop|Rock,The Cannanes,,-0.19999999999999996,-0.25
1868,"Track: With You. Artist: Monk Turner. Album: Love Story. Listener tags: country, josh turner, modern country, Love, favorite songs, love songs, deep voice, male vocalists, would you go with me, Country Favorites, My Country, two-step, my favorite, dance dance dance, favorites.",Pop,Monk Turner,,0.19999999999999996,0.0
1869,"Track: True Love Will Find You In The End. Artist: Daniel Johnston. Album: Phoning It In 04/20/05. Listener tags: singer-songwriter, Lo-Fi, indie, outsider music, folk, daniel johnston, alternative, 90s, acoustic, under two minutes, beautiful, Hope, melancholy, melancoholic, Love.",Pop|Rock,Daniel Johnston,,-0.2250000000000001,-0.32499999999999996
1870,"Track: Take on me. Artist: The Kyoto Connection. Album: No Headphones Required. Listener tags: electropop, female vocalists, pop, pop rock, australian, the veronicas, electronic, dance, indie pop, guilty pleasure, love at first listen, sexy, teen pop, Love, 00s.",Pop,The Kyoto Connection,,0.10000000000000009,0.1499999999999999
1871,"Track: Take On Me. Artist: The Kyoto Connection. Album: Best Of Breitband Vol. 1. Listener tags: electropop, female vocalists, pop, pop rock, australian, the veronicas, electronic, dance, indie pop, guilty pleasure, love at first listen, sexy, teen pop, Love, 00s.",Pop|Electronic,The Kyoto Connection,,0.3500000000000001,0.3999999999999999
1872,"Track: I Know. Artist: Jay Tholen. Album: Control Me. Listener tags: jay-z, Hip-Hop, rap, hip hop, sick beat, east coast rap, neptunes, jay z, i know, new york, whtd-FM, American Gangster, Pharrell, Punchlines, Love it.",Pop|Electronic,Jay Tholen,,-0.125,-0.19999999999999996
1873,"Track: To the Lighthouse. Artist: Memoryhouse. Album: Beko 13. Listener tags: dream pop, chillwave, indie, female vocalists, psychedelic, gilbert, electronic, gilbert linley, indie pop, dreamwave, surf rock, indiewave, empty coffee cup, dreampop, beautiful.",Pop|Electronic|Rock,Memoryhouse,,-0.07499999999999996,-0.4
1874,"Track: Dance With Me. Artist: The Electric Nature. Album: Living Room Visions Compilation: Summer 2012. Listener tags: indie, dance, female vocalists, rock, swedish, indie rock, electronic, new wave, Sweden, The Sounds, alternative, happy, High School, happy music for when I feel down, catchy.",Pop|Electronic|Rock,The Electric Nature,,0.0,0.32499999999999996
1875,"Track: Tower. Artist: The Rabbits. Album: Squirrel brain. Listener tags: Gothic Rock, 80s, goth, rock, Gothic, antial, myLostAnima, The Mission, lift me up, goth rock, alternative, dark, 1988, post-punk, second wave goth.",Pop|Rock,The Rabbits,,0.32499999999999996,0.30000000000000004
1876,"Track: Devils. Artist: The Suzan. Album: Live at WFMU on Beastin the Airwaves June 3rd 2012. Listener tags: indie, female vocalists, epic, indie pop, alternative, black magic on your wrists, florence, revenge, british, haunting, female vocalist, symbolic, game of thrones, pop, love at first listen.",Pop,The Suzan,,0.32499999999999996,0.0
1877,"Track: Black Remix. Artist: Talkshow Boy. Album: Testosterone!. Listener tags: electro, dance, electronic, 8-bit, synthpop, chiptune, electronica, rainbowfreezepoppers, the black ghosts, electropop, new rave, pixel music, 8 bit background, rock, indietronica.",Pop|Electronic,Talkshow Boy,,0.30000000000000004,0.125
1878,"Track: Home. Artist: The Suzan. Album: Live at WFMU on Beastin the Airwaves June 3rd 2012. Listener tags: indie folk, folk, indie, whistling, upbeat, happy, Bagel, somafm, Love, alternative, summer, love at first listen, home, epic, indie rock.",Pop,The Suzan,,0.42500000000000004,0.32499999999999996
1879,"Track: Overload. Artist: The Kolour Kult. Album: AS220's Spring Sampler 2013. Listener tags: pop, female vocalists, the cardigans, rock, Love, indie, swedish, indie rock, alternative, cardigans, trip-hop, feeling down, electronica, indie pop, favorites.",Pop|Electronic,The Kolour Kult,,0.10000000000000009,0.3500000000000001
1880,"Track: Silence. Artist: Plastic Flowers. Album: Fog Song / Silence. Listener tags: trip-hop, electronic, downtempo, alternative, Sneaker Pimps, Titanium Salvia Lapis Lazuli, chillout, electronica, bathtub, trip hop, 6 of 10 stars, u will die a little death, tripa, floral arrangements, die dieee.",Pop|Rock,Plastic Flowers,,0.10000000000000009,-0.44999999999999996
1881,"Track: In Harmony. Artist: The Pop Winds. Album: Understory EP. Listener tags: 70s, oldies, pop, 1972, coca cola, classic rock, 1970s, 1970's, commercials, best songs of the 70s, lieblinge, 70's, The New Seekers, seventies, 1971.",Pop|Experimental,The Pop Winds,,0.0,0.050000000000000044
1882,"Track: Hi. Artist: The Paparazzi. Album: Rococo. Listener tags: Psychedelic Rock, garage, psych-pop, rock, Energetic, aggressive, psychedelic, indie, great intros, kickass tunes, olspur low radio, une de les seves millors, bass practice, christo, HELL YEAH THIS KICKS ASS.",Pop|Rock,The Paparazzi,,0.125,0.30000000000000004
1883,"Track: LA. Artist: Podington Bear. Album: Background. Listener tags: indie, folk, melancholy, duyster, post rock, sexy, breakup, experimental, angst big kid style, names, Lo-Fi, slow walk through winter forest outskirts, about a girl, La Duchess Anne, life is but a dream babs.",Pop|Experimental|Electronic,Podington Bear,,0.1499999999999999,-0.125
1884,"Track: Terminally Chill. Artist: Neon Indian. Album: Psychic Chasms. Listener tags: digitalis, somafm, indietronica, chillwave, Lo-Fi, psychedelic, electropop, psychedelic pop, electronic, indie, indiewave, american, chillax, male vocals, Worth investigating further.",Pop|Electronic,Neon Indian,,0.375,0.1499999999999999
1885,"Track: Stay Down. Artist: Fire To The Stars. Album: Keep You Safe EP. Listener tags: indie, indie pop, folk rock, folk, thao with the get down stay down, female vocalists, acousticindiefolk, violin, micah buzan, indie rock, singer-songwriter, female vocalist, snappy, newly discovered, kill rock stars.",Pop|Experimental|Rock,Fire To The Stars,,-0.275,-0.275
1886,"Track: Final Frame. Artist: The Scallions. Album: Agony Through Ceremony XE. Listener tags: irish, rock, indie, alternative, favorites, indie rock, Frames, irish rock, favorite songs, celtic rock, alternative rock, powerful, beautiful, life, male vocalists.",Pop|Experimental|Rock,The Scallions,,-0.2250000000000001,-0.5
1887,"Track: Us. Artist: Silence Is Sexy. Album: Everything You Should Know. Listener tags: indie pop, indie, pop, Lana Del Rey, chillout, female vocalists, P-E-R-F-E-C-T, alternative, poprock, Born To Die, Favorite, this is what makes us stupid whores, How I Hate Those Guys, 10s, Dreamy.",Pop|Rock,Silence Is Sexy,,0.25,0.19999999999999996
1888,"Track: Flutter. Artist: Molloy And His Bike. Album: Rex Is For Records - 5 Years Compilation Vol.2. Listener tags: indie, alternative, 90s, stereolab, superb song to drive to, fun to skateboard to, where is my bong, great groove, post-rock, experimental, excellent, female vocalists, 1994, motorik, alternative rock.",Pop|Experimental|Electronic,Molloy And His Bike,,-0.4,-0.44999999999999996
1889,"Track: Sympathy. Artist: Silence Is Sexy. Album: Everything You Should Know. Listener tags: death metal, Technical Death Metal, progressive death metal, Brutal Death Metal, grindcore, Avant-garde Metal, Technical Brutal Death Metal, deathgrind, Avant-Garde Death Metal, very complex, music that makes your head explode of amazement, kicks mallcore kiddies around like little kids, czech metal, technical death, brutal.",Pop|Rock,Silence Is Sexy,,0.1499999999999999,0.125
1890,"Track: Satellite. Artist: The Golden Hours. Album: Floating Weeds. Listener tags: indie rock, Garage Rock, british, indie, alternative, female and male vocalists, The Kills, time and moments 2012, delicious, dirty, 1Live Fiehe, slow dirt, mfnw, physics, i love it.",Pop|Rock,The Golden Hours,,0.25,0.19999999999999996
1891,"Track: Camp. Artist: Podington Bear. Album: Playful. Listener tags: ambient, Lo-Fi, indie, freak folk, experimental, Eremuse - mitica salvezza, Indie fun, indie rock, relax, USA, slow, ambiance, love at first listen, new, modern.",Pop|Electronic,Podington Bear,,0.0,-0.375
1892,"Track: One. Artist: Void Vision. Album: Live at WFMU on Dark Night of the Soul with Julie January 3 2012. Listener tags: rock, classic rock, Queen, 80s, hard rock, british, glam rock, Fried Chicken, freddie mercury, Soundtrack, Driving, favorites, male vocalists, Awesome, 1985.",Pop|Electronic,Void Vision,,0.02499999999999991,0.2749999999999999
1893,"Track: I Want to Rock. Artist: Logan Whitehurst and The Jr. Science Club. Album: An Introduction to.... Listener tags: country, Alt-country, folk, acoustic, female vocalists, americana, bluegrass, singer-songwriter, gillian welch, yay and hooray and yippee and huzzah, songs that i love singing, Sweet perfection, very favoritest favorite, hey song yer so fucking cute, Mellow.",Pop|Rock,Logan Whitehurst and The Jr. Science Club,,0.32499999999999996,0.30000000000000004
1894,"Track: It's Only Love. Artist: Sally Crewe And the Sudden Moves. Album: Live at WFMU on Three Cord Monte with Joe Belock on September 8 2011. Listener tags: classic rock, 60s, rock, The Beatles, pop, british, beatles, Love, oldies, british invasion, 1965, Ballad, romantic, pop rock, john lennon.",Pop|Rock,Sally Crewe And the Sudden Moves,,-0.050000000000000044,-0.050000000000000044
1895,"Track: Ambulance. Artist: Wheels on Fire. Album: Live at WFMU on Three Chord Monte ' 7/16/10. Listener tags: indie, a capella, indie rock, a cappella, experimental, alternative, rock, art rock, hypnotic, Love, TV on the radio, weird, r n b, alternative rock, vox.",Pop|Rock,Wheels on Fire,,0.375,0.2250000000000001
1896,"Track: Bon. Artist: Adam & Alma. Album: Back To The Sea. Listener tags: indie, new moon, Soundtrack, beautiful, Love, folk, singer-songwriter, love at first listen, Dreamy, duet, twilight, ambient, soothing, when i close my eyes, chill.",Pop|Electronic,Adam & Alma,,-0.02499999999999991,-0.725
1897,"Track: Shoot Me Down. Artist: The Sea Life. Album: FreeQuency061. Listener tags: rock, Nick Cave, alt rock, alternative, singer-songwriter, nick cave babe you turn me on, gothic folk, piano, loved, easy listening, love at first listen, mooi, feeling down, radio paradise, murder ballads.",Pop|Rock,The Sea Life,,-0.19999999999999996,-0.30000000000000004
1898,"Track: My O My. Artist: The Paparazzi. Album: Rococo. Listener tags: rock, new wave, 80s, sting, classic rock, 77davez-all-tracks, The Police, pop, soft rock, my Favorite 80s songs, the greatest rock n roll group of em all, male vocalists, post-punk, hard rock, alternative.",Pop|Rock,The Paparazzi,,0.02499999999999991,-0.19999999999999996
1899,"Track: Bees Are Trying To Build Their Nest In You.. Artist: Half-handed Cloud. Album: Phoning It In 01/11/07. Listener tags: indie, twee, experimental, party, altparty, aproragadozo loves this music, Presssaft aus Purpursonnenhutkraut, hand claps, Lo-Fi, lieder von Tieren, they might giants 2, church oriented, stop being so fun, bass harmonica, gyerekzene.",Pop|Rock,Half-handed Cloud,,0.0,-0.2250000000000001
1900,"Track: Don't Be Lonely. Artist: The Toothaches. Album: It's All Downhill From Here. Listener tags: soul, Old School soul, the isley brothers, TantoTempo-Moments in Time, quiet storm, Tanto Tempo - Great 3, TantoTempo-Greats, TantoTempo-albums i own, sexy, slow, TantoTempo-Soul, r&b, baby making music, albums i own, smooth old school r and b.",Pop|Rock,The Toothaches,,0.375,0.42500000000000004
1901,"Track: Girl. Artist: The Zombiecops. Album: Split. Listener tags: rock, alternative, alternative rock, indie rock, indie, Garage Rock, 00s, The White Stripes, Love, white stripes, american, punk, favorites, hard rock, cimx-fm.",Rock,The Zombiecops,,0.050000000000000044,0.3500000000000001
1902,"Track: dead.. Artist: Violins is not the answer. Album: Classic. Listener tags: Fall, rock, indie, indie rock, alternative, britpop, franz ferdinand, alternative rock, british, post-punk, Scottish, 00s, favorites, UK, cool.",Rock,Violins is not the answer,,-0.1499999999999999,0.575
1903,"Track: dead.. Artist: Violins is not the answer. Album: Classic. Listener tags: DROP, Lil Wayne, rap, Hip-Hop, hip hop, Eminem, Drop the world, Great Shit, Drop the world on your head, young money, angry, Music box free music, illuminati, iTunes, im me.",Rock,Violins is not the answer,,-0.44999999999999996,0.4750000000000001
1904,"Track: Way Out. Artist: Pk jazz Collective & Alex Fry. Album: Shades Of Grey. Listener tags: rock, pop punk, alternative, Fall Out Boy, emo, punk, punk rock, alternative rock, pop rock, 2007, Fueled by Ramen, pop, 00s, nostalgic, Love.",Rock,Pk jazz Collective & Alex Fry,,-0.2250000000000001,-0.4
1905,"Track: sick. Artist: Violins is not the answer. Album: Green Diesil & Poitín. Listener tags: metal, Nu Metal, hard rock, Disturbed, rock, alternative metal, heavy metal, alternative, Down With the Sickness, cimx-fm, Nu-metal, wrif-fm, alternative rock, death metal, post-rock.",Rock,Violins is not the answer,,-0.32499999999999996,0.375
1906,"Track: in the end. Artist: Violins is not the answer. Album: Green Diesil & Poitín. Listener tags: rock, Nu Metal, Linkin Park, alternative rock, alternative, metal, rapcore, In the End, Nu-metal, hard rock, wkqi-fm, alternative metal, Awesome, american, 00s.",Rock,Violins is not the answer,,-0.1499999999999999,0.30000000000000004
1907,"Track: Live And Die. Artist: Inside the Mind. Album: Wave. Listener tags: indie, indie rock, The Enemy, british, rock, alternative, 2007, 00s, alternative rock, UK, The jam, britpop, favorite indie, Brit Band, title is a full sentence.",Rock,Inside the Mind,,-0.02499999999999991,0.375
1908,"Track: Lost. Artist: Fred and Toody. Album: Live on WFMU's Distort Jersey City with Reed Dunlea- December 10 2013. Listener tags: indie, indie rock, alternative, Clap Your Hands Say Yeah, rock, indie pop, soundtrackgdchill, happy, favorites, 00s, Awesome, 2005, fun, Songs that mention other bands or artists, Love.",Rock,Fred and Toody,,0.050000000000000044,0.02499999999999991
1909,"Track: Feelings. Artist: Inside the Mind. Album: Wave. Listener tags: punk rock, punk, rock, The Offspring, cover, alternative, 90s, american, offspring, alternative rock, hate, hard rock, radioultra, skate punk, feelings.",Rock,Inside the Mind,,-0.02499999999999991,0.0
1910,"Track: To You. Artist: Inside the Mind. Album: Wave. Listener tags: rock, Garage Rock, indie, alternative, punk, indie rock, alternative rock, swedish, the hives, punk rock, 00s, Garage Punk, garage, Sweden, party.",Rock,Inside the Mind,,-0.30000000000000004,-0.42500000000000004
1911,"Track: You/Trip. Artist: Inside the Mind. Album: Wave. Listener tags: shoegaze, post-punk, 80s, noise, alternative, rock, blaengar, Glitter Grind and Static, 1985, Scottish, indie, noise pop, indie rock, 77davez-all-tracks, john peels festive 50 1985.",Rock,Inside the Mind,,-0.17500000000000004,0.10000000000000009
1912,"Track: A Life. Artist: The Planes. Album: Little Yellow Letters. Listener tags: alternative, rock, piano rock, alternative rock, indie, The Fray, piano, greys anatomy, scrubs, pop, beautiful, Mellow, indie rock, Love, favorites.",Rock,The Planes,,0.10000000000000009,0.125
1913,"Track: Paranoia. Artist: The Bomb Busters. Album: Welcome To Downtown. Listener tags: electronic, dance, electronica, electro, The Faint, new wave, synth pop, indie, Electroclash, alternative rock, synthpop, dance rock, indie rock, Saddle Creek, somafm.",Rock,The Bomb Busters,,0.25,0.375
1914,"Track: anthem. Artist: the silence industry. Album: The Silence Industry. Listener tags: indie, electronic, indietronica, electronica, indie pop, The Postal Service, alternative, Drum and bass, electropop, indie rock, experimental, trip-hop, Postal Service, chill, pop.",Rock,the silence industry,,0.07499999999999996,0.32499999999999996
1915,"Track: Nervous Breakdown. Artist: The Monitors. Album: The Fired Dept.. Listener tags: classic rock, rock, 60s, the rolling stones, british invasion, british, oldies, Rock and Roll, 1966, rolling stones, blues-rock, blues, psychedelic, rock n roll, hard rock.",Rock,The Monitors,,0.32499999999999996,0.375
1916,"Track: The Station. Artist: The Monitors. Album: The Fired Dept.. Listener tags: rock, indie rock, indie, Anthemic, 00s, criminal minds, best songs of 2006, american, alternative, Minnesota, Intoxicated, college rock, Favourite Songs, mild rhythmic syncopation, a vocal-centric aesthetic.",Rock,The Monitors,,0.10000000000000009,0.32499999999999996
1917,"Track: Let It Rain. Artist: Fred and Toody. Album: Live on WFMU's Distort Jersey City with Reed Dunlea- December 10 2013. Listener tags: indie, pretty, Favorite, indie pop, let it rain, Rainy Day, acoustic, vocal harmonies, roadtrip, lullabies, Saddle Creek, Makes me want to ride my bike, cute, indie rock, Mellow.",Rock,Fred and Toody,,-0.2250000000000001,-0.10000000000000009
1918,"Track: On. Artist: Spirit Duplicator. Album: Eternal Youth and Obscurity. Listener tags: classic rock, 60s, Psychedelic Rock, rock, psychedelic, spirit, Acid Rock, 1969, 1968, rocknroll, 1960s, hausputz, I got a line on you, take it from the man, ageofaquarius63.",Rock,Spirit Duplicator,,-0.4,-0.10000000000000009
1919,"Track: A Bomb. Artist: The Dead Mantra. Album: FreeQuency061. Listener tags: rock, rapcore, alternative rock, alternative, political, metal, rap metal, Rage Against The Machine, hard rock, alternative metal, crossover, 90s, Soundtrack, funk metal, ratm.",Rock,The Dead Mantra,,-0.125,0.10000000000000009
1920,"Track: Rock N Roll. Artist: Black Bones. Album: Pirates of the Coast. Listener tags: rock, indie, alternative rock, indie rock, garage, alternative, Garage Rock, Bagel, somafm, punk, 00s, rock n roll, psychedelic, Rock and Roll, 2001.",Rock,Black Bones,,0.17500000000000004,0.3500000000000001
1921,"Track: Let Down. Artist: No Class. Album: No Class live at WFMU on Distort Jersey City ' August 1 2012. Listener tags: rock, female vocalists, pop, alternative, alternative rock, ska, No Doubt, indie rock, new wave, easy listening, punk, 00s, pop rock, indie, Hip-Hop.",Rock,No Class,,-0.1499999999999999,0.375
1922,"Track: #3. Artist: A Banda de Joseph Tourton. Album: A Banda de Joseph Tourton. Listener tags: alternative rock, rock, Progressive rock, alternative, A Perfect Circle, Maynard James Keenan, beautiful, sad, favorites, epic, metal, chill, melancholy, APC, Love.",Rock,A Banda de Joseph Tourton,,0.1499999999999999,0.19999999999999996
1923,"Track: Love On The Run. Artist: Young Love. Album: Helmets & Flags. Listener tags: 80s, pop, dance, soul, rnb, Billy Ocean, Caribbean Queen, 80's, Disco, male vocalists, 123 drippy sappy, eighties, 1984, party, game.",Rock,Young Love,,0.3500000000000001,0.30000000000000004
1924,"Track: Street. Artist: Young Love. Album: Helmets & Flags. Listener tags: classic rock, Psychedelic Rock, rock, 60s, The Doors, psychedelic, Love, 70s, oldies, fip, jim morrison, american, romantic, melancholic, blues rock.",Rock,Young Love,,0.07499999999999996,0.17500000000000004
1925,"Track: Lights. Artist: You Me Tree. Album: You Me Tree. Listener tags: indie rock, indie, british, rock, arctic monkeys, alternative, alternative rock, 00s, britpop, Sheffield, brit rock, post-punk, 2000s, artic monkeys, 2006.",Rock,You Me Tree,,-0.02499999999999991,-0.125
1926,"Track: Shake Some Action. Artist: Flamin' Groovies. Album: Live on WFMU's Cherry Blossom Clinic with Terre T: Nov 16 2013. Listener tags: Garage Rock, power pop, 70s, proto-punk, rock, 1970s, temazo de tres pares de cojones, Bagel, somafm, powerpop, classic rock, rock n roll, 1976, angelia2041, garage.",Rock,Flamin' Groovies,,0.050000000000000044,0.2749999999999999
1927,"Track: This Is Love. Artist: The Party Faithful. Album: Live on WFMU's Dark Night of the Soul with Julie - August 8 2013. Listener tags: reggae, Bob Marley, roots reggae, jamaican, Love, 70s, chill, Mellow, chillout, is this love, roots, jamaica, male vocalists, oldies, easy listening.",Rock,The Party Faithful,,0.1499999999999999,-0.10000000000000009
1928,"Track: Affection. Artist: The Gotobeds. Album: Live on WFMU's Cherry Blossom Clinic with Terre T - August 24 2013. Listener tags: indie, indie pop, electronic, female vocalists, catchy, the blow, cute, electro, electronica, chill, sweet, 2006, Lo-Fi, 00s, alternative.",Rock,The Gotobeds,,-0.32499999999999996,0.1499999999999999
1929,"Track: Burn. Artist: Room For A Ghost. Album: 3 Song EP. Listener tags: singer-songwriter, blues, rock, Mellow, acoustic, john mayer, chill, male vocalists, beautiful, pop, guitar, sad, Love, Acoustic Rock, romantic.",Rock,Room For A Ghost,,0.02499999999999991,0.42500000000000004
1930,"Track: Flower Girl. Artist: The Beets. Album: Newtown Radio Sessions. Listener tags: folk, indie, singer-songwriter, acoustic, indie folk, Alt-country, waterhouse records, sad, Mellow, americana, Lo-Fi, calm, Vancouver, New Weird America, guitar.",Rock,The Beets,,-0.10000000000000009,-0.25
1931,"Track: The Devil. Artist: The Beets. Album: Newtown Radio Sessions. Listener tags: classic rock, rock, the rolling stones, 60s, british, rolling stones, wrif-fm, Rock and Roll, blues rock, 70s, classic, british invasion, Sympathy For The Devil, devil, hard rock.",Rock,The Beets,,-0.07499999999999996,0.125
1932,"Track: Cold. Artist: Six Star General. Album: Ice Machine. Listener tags: female vocalists, dream pop, alternative, shoegaze, 90s, indie, ethereal female vocals, winter, clementine, indie rock, indie pop, Mellow, girl voices, Mazzy Star:Still cold, 66.",Rock,Six Star General,,-0.050000000000000044,0.25
1933,"Track: Lazarus. Artist: The Men. Album: Immaculada LP. Listener tags: rock, alternative rock, Bagel, somafm, singer-songwriter, Nick Cave, blues rock, post-punk, 00s, Nick Cave and the Bad Seeds, Great Lyricists, australian, alternative, 2008, Experimental Rock.",Rock,The Men,,0.050000000000000044,0.5
1934,"Track: satellite. Artist: Riding Alone For Thousands Of Miles. Album: Brick City Ghosts. Listener tags: classic rock, rock, 70s, glam rock, singer-songwriter, Lou Reed, somafm, Bagel, glam, 1972, new york, beautiful, pop, male vocalists, singer-songwritergdchill.",Rock,Riding Alone For Thousands Of Miles,,0.19999999999999996,-0.30000000000000004
1935,"Track: love song. Artist: Riding Alone For Thousands Of Miles. Album: Brick City Ghosts. Listener tags: rock, Stoner Rock, alternative rock, hard rock, alternative, Queens Of The Stone Age, stoner, Psychedelic Rock, indie, stoner metal, 00s, american, desert rock, good beat, acordes geniales.",Rock,Riding Alone For Thousands Of Miles,,-0.07499999999999996,-0.1499999999999999
1936,"Track: lullaby. Artist: Riding Alone For Thousands Of Miles. Album: Brick City Ghosts. Listener tags: Stoner Rock, rock, alternative rock, acoustic, alternative, Queens Of The Stone Age, hard rock, Mark Lanegan, melancholic, favorites, Mellow, 00s, 77davez-all-tracks, lullaby, stoner.",Rock,Riding Alone For Thousands Of Miles,,-0.525,-0.5
1937,"Track: 2. Artist: The Valleys. Album: Tape. Listener tags: Hip-Hop, hip hop, rap, the roots, funky, soul, funk, 00s, alternative rap, smooth, party, Neo-Soul, roots, catchy, groovy.",Rock,The Valleys,,-0.17500000000000004,-0.275
1938,"Track: Vacation. Artist: The Whines. Album: Hell To Play. Listener tags: 80s, new wave, pop, female vocalists, rock, 1982, summer, vacation, California, 2 and a half stars, upbeat, punk, 80's, dance, good mood.",Rock,The Whines,,0.1499999999999999,0.5
1939,"Track: It's Raining. Artist: The Whines. Album: Hell To Play. Listener tags: Disco, 80s, pop, dance, female vocalists, party, 70s, Guilty Pleasures, girlsband, The Weather Girls, duo, oldies, soul, scrubs, american.",Rock,The Whines,,-0.1499999999999999,-0.44999999999999996
1940,"Track: Sun. Artist: The Dalai Lama Rama Fa Fa Fa. Album: DIX: Dead Bees label sampler #10. Listener tags: classic rock, 60s, rock, The Beatles, happy, british, pop, beatles, oldies, beautiful, summer, classic, acoustic, Mellow, upbeat.",Rock,The Dalai Lama Rama Fa Fa Fa,,0.02499999999999991,0.1499999999999999
1941,"Track: Home. Artist: The Koolaid Electric Company. Album: DIX: Dead Bees label sampler #10. Listener tags: indie folk, folk, indie, whistling, upbeat, happy, Bagel, somafm, Love, alternative, summer, love at first listen, home, epic, indie rock.",Rock,The Koolaid Electric Company,,0.050000000000000044,-0.1499999999999999
1942,"Track: Today. Artist: Dan Alfresco & Savage. Album: DIX: Dead Bees label sampler #10. Listener tags: indie, whistling, folk, piano, beautiful, acoustic, indie folk, female vocalists, Love, summer, Retro, love songs, strings, zooey deschanel, Bittersweet.",Rock,Dan Alfresco & Savage,,0.3500000000000001,0.44999999999999996
1943,"Track: The Answer. Artist: Toy Sugar. Album: Toy Sugar on Beastin' The Airwaves! with Keili 02/20/11. Listener tags: alternative, pop, 90s, rock, alternative rock, west coast rock, pop rock, 2001, best, Sugar Ray, thrash, alt rock, hard rock, fun, cover songs.",Rock,Toy Sugar,,-0.19999999999999996,-0.1499999999999999
1944,"Track: I Need Love. Artist: Waylon Thornton and the Heavy Hands. Album: Pure Evil. Listener tags: indie, electronic, dance-punk, electro, indie rock, dance, post-punk, dfa, dance punk, rock, 2003, House, Roctronik, somafm, new wave.",Rock,Waylon Thornton and the Heavy Hands,,0.2749999999999999,0.02499999999999991
1945,"Track: Again. Artist: The Classic Cluster. Album: Pop is Dead: Indonesian Netlabel Mixtape. Listener tags: rock, alternative rock, metal, political, alternative, rapcore, hard rock, 90s, Rage Against The Machine, rap metal, crossover, alternative metal, funk metal, fuck you i wont do what you tell me, angry.",Rock,The Classic Cluster,,0.25,0.2749999999999999
1946,"Track: Open Eyes. Artist: The Asound. Album: The Asound EP. Listener tags: 80s, indie, The Smiths, alternative, new wave, post-punk, rock, british, indie rock, Morrissey, pop, britpop, melancholy, Manchester, smiths.",Rock,The Asound,,-0.25,0.25
1947,"Track: Snow White. Artist: The Asound. Album: The Asound EP. Listener tags: singer-songwriter, rock, alternative, alternative rock, blues rock, snow, Nick Cave, australian, wenn der wind weht, rainy day music, winter, Insanity, indie, transitdelirium, autumn.",Rock,The Asound,,0.0,0.6000000000000001
1948,"Track: Joan. Artist: The Asound. Album: The Asound EP. Listener tags: rock, 80s, classic rock, female vocalists, hard rock, Guitar Hero, female, Joan Jett, party, rock band, punk, rock'n'roll, cover, rock n roll, favorites.",Rock,The Asound,,-0.25,0.42500000000000004
1949,"Track: II. Artist: Angels in America. Album: E.M.S.. Listener tags: britpop, alternative rock, rock, alternative, Coldplay, british, pop, Love, indie rock, pop rock, beautiful, Alternative Folk, stuff I should be able to inject directly into my blood, love at first listen, indie.",Rock,Angels in America,,-0.7,0.02499999999999991
1950,"Track: I. Artist: Angels in America. Album: E.M.S.. Listener tags: 80s, new wave, alternative, rock, The Cure, post-punk, pop, Love, 90s, british, happy, alternative rock, indie, Friday, britpop.",Rock,Angels in America,,-0.30000000000000004,-0.4
1951,"Track: Nicole. Artist: Baby Scream. Album: Bad Panda #53. Listener tags: rnb, hip hop, Timbaland, Hip-Hop, sexy, soulful, party, rap, r&b, Nicole Scherzinger, hiphop, pop, female vocalist, hot, male vocalist.",Rock,Baby Scream,,-0.10000000000000009,-0.25
1952,"Track: State Of Mind. Artist: The Light Beyond. Album: Ekleipsi Net-Label Halloween Compilation. Listener tags: indie, alternative, indie rock, rock, alternative rock, Progressive rock, experimental, Fave, interesting piano melody, amazing, boom de boom chachachacha, melancholy, intense, hypnotic, different.",Rock,The Light Beyond,,-0.2250000000000001,-0.1499999999999999
1953,"Track: It's You. Artist: Another Day On Earth. Album: Another Day On Earth. Listener tags: rock, U2, irish, alternative, pop, classic rock, alternative rock, Love, emotional, sad, 00s, beautiful, pop rock, soft rock, favorites.",Rock,Another Day On Earth,,0.02499999999999991,-0.1499999999999999
1954,"Track: Last Dance. Artist: The Raveonettes. Album: In and Out of Control. Listener tags: classic rock, rock, Tom Petty, 80s, 90s, singer-songwriter, Southern Rock, harmonica, american, tom petty and the heartbreakers, male vocalists, mary jane, alternative, favorites, folk.",Rock,The Raveonettes,,0.42500000000000004,0.17500000000000004
1955,"Track: Hammer. Artist: The Woolen Men. Album: Sunday EP. Listener tags: classic rock, rock, 60s, pop, The Beatles, british, beatles, oldies, funny, fun, psychedelic, happy, favorites, 1969, british invasion.",Rock,The Woolen Men,,0.125,0.375
1956,"Track: Boomerang. Artist: The Woolen Men. Album: Sunday EP. Listener tags: rock, rapcore, alternative, alternative rock, Rage Against The Machine, political, hard rock, crossover, metal, ratm, rap rock, rap metal, 90s, angry, Scaremongering.",Rock,The Woolen Men,,0.10000000000000009,0.2250000000000001
1957,"Track: Dogs. Artist: The Woolen Men. Album: Pavilion EP. Listener tags: metalcore, hardcore, screamo, Christian Metalcore, The Devil Wears Prada, christian, deathcore, metal, Christian Hardcore, amazing, post-hardcore, grindcore, Dogs Can Grow Beards All Over, christain Metalcore, emocore.",Rock,The Woolen Men,,-0.050000000000000044,-0.050000000000000044
1958,"Track: Call. Artist: His Electro Blue Voice. Album: split 7''. Listener tags: rock, alternative rock, alternative, Blue October, Love, indie, indie rock, favorites, american, emo, epic, Awesome, cimx-fm, aitch, chill.",Rock,His Electro Blue Voice,,-0.050000000000000044,0.02499999999999991
1959,"Track: In the City. Artist: Nothing People. Album: In the City b/w Really Cool Time. Listener tags: electronic, electronica, chillout, french, chill, ambient, trip-hop, electro, Air, synth pop, relax, synthpop, relaxing, warm, Dreamy.",Rock,Nothing People,,-0.07499999999999996,0.19999999999999996
1960,"Track: Lady. Artist: Fast lady. Album: The Money Shot. Listener tags: pop, dance, Lady Gaga, electronic, party, female vocalists, poker face, wdzh-FM, sexy, electropop, catchy, 00s, wkqi-fm, gaga, fun.",Rock,Fast lady,,-0.125,0.42500000000000004
1961,"Track: I Do What I Do. Artist: The Yolks. Album: Introducing The Yolks. Listener tags: rock, alternative, alternative rock, Garage Rock, cover, indie, covers, indie rock, The White Stripes, blues rock, blues, sexy, american, white stripes, Favourite Songs.",Rock,The Yolks,,0.2250000000000001,0.07499999999999996
1962,"Track: Babies. Artist: The Set of Red Things. Album: Who Touches Pitch Defiles Herself. Listener tags: pop, simply red, soul, 90s, rock, romantic, 80s, Love, british, easy listening, male vocalists, chill, soft rock, beautiful, singer-songwriter.",Rock,The Set of Red Things,,-0.1499999999999999,0.0
1963,"Track: Between. Artist: The Set of Red Things. Album: Who Touches Pitch Defiles Herself. Listener tags: emo, rock, alternative, PANIC AT THE DISCO, indie, alternative rock, pop punk, indie rock, punk rock, favorites, punk, dance, male vocalists, pop rock, Awesome.",Rock,The Set of Red Things,,-0.275,0.125
1964,"Track: Another Planet. Artist: The Functional Blackouts. Album: Another Planet Sessions. Listener tags: punk, new wave, power pop, 70s, rock, punk rock, 1978, Favourites, british, powerpop, Pitchfork 500, the only ones, post-punk, Awesome, f50 1978.",Rock,The Functional Blackouts,,-0.35,0.42500000000000004
1965,"Track: Track 12. Artist: The Wire Orchestra. Album: CordinRidin..... Listener tags: the used, emo, rock, screamo, alternative, alternative rock, punk, amazing, emocore, punk rock, track 12-the used, track12, Pieces Mended, The used - track 12, used.",Rock,The Wire Orchestra,,-0.42500000000000004,-0.375
1966,"Track: Evolution. Artist: The Wire Orchestra. Album: CordinRidin..... Listener tags: chillout, jazz, nu jazz, downtempo, electronic, ambient, nu-jazz, ninja tune, lounge, chill, acid jazz, lovely, relaxed, Mellow, chill out.",Rock,The Wire Orchestra,,-0.35,0.0
1967,"Track: Black Hole. Artist: Mike Rep and the Quotas. Album: Black Hole Rock. Listener tags: heavy metal, hard rock, metal, classic rock, rock, Black Sabbath, 70s, doom metal, Stoner Rock, Hole in the Sky, heavy, classic metal, classic, synu, FUCKING AWESOME.",Rock,Mike Rep and the Quotas,,-0.07499999999999996,0.4750000000000001
1968,"Track: Dracula Mountain. Artist: Lightning Bolt. Album: Wonderful Rainbow. Listener tags: noise, noise rock, experimental, noisecore, hardcore, variables, math rock, alternative, Lightning Bolt, indie, post-punk, punk, Experimental Rock, Akternative Rock, mathcore.",Rock,Lightning Bolt,,-0.10000000000000009,0.29499999999999993
1969,"Track: Vietnam. Artist: Here Comes A Big Black Cloud!!. Album: Here Comes A Big Black Cloud!!. Listener tags: Psychedelic Rock, psychedelic, rock, indie rock, drone, texas, Neo-Psychedelia, drugs, indie, Stoner Rock, Garage Rock, The Black Angels, chill906, drone rock, alternative.",Rock,Here Comes A Big Black Cloud!!,,-0.32499999999999996,0.17500000000000004
1970,"Track: Alanis Morissette. Artist: Delusions of Grandeur. Album: Loved Like a Milkshake: A Tribute to Wesley Willis. Listener tags: female vocalists, cover, acoustic, alanis morissette, live, rock, pop, Unplugged, Canadian, covers, singer-songwriter, alternative, alanis, pop rock, The Police.",Rock,Delusions of Grandeur,,0.2250000000000001,0.5249999999999999
1971,"Track: I. Artist: Animals & Men. Album: Convulsive ep. Listener tags: folk, indie, indie folk, acoustic, british, bluegrass, indie rock, Alternative Folk, Contempororyfolk, alternative, DJB Glastonbury 2011, sad, heart, perfect to listen to while leaving the planet, folk rock.",Rock,Animals & Men,,0.125,0.125
1972,"Track: Let's Go Down. Artist: Family Of The Year. Album: Thank You. Listener tags: pop, classic rock, elton john, rock, british, 70s, singer-songwriter, piano rock, male vocalists, piano, Ballad, adult contemporary, oldies, soft rock, 80s.",Rock,Family Of The Year,,0.25,0.2250000000000001
1973,"Track: Lost at Sea. Artist: The Snails. Album: The Snails on The Outside World. Listener tags: indie, the decemberists, alternative, indie rock, sad, folk, melancholy, acoustic, indie folk, rock, beautiful, amayzes loved, Mellow, Love, aitchchill.",Rock,The Snails,,-0.17500000000000004,-0.17500000000000004
1974,"Track: Lips #2. Artist: The Pink Noise. Album: Gilded Flowers. Listener tags: instrumental, psychedelic, alternative, indie, rock, experimental, indie rock, alternative rock, blaengar, trippy, electronic, Glitter Grind and Static, Psychedelic Rock, noise pop, Neo-Psychedelia.",Rock,The Pink Noise,,-0.4,-0.07499999999999996
1975,"Track: Glam. Artist: The Pink Noise. Album: Gilded Flowers. Listener tags: indie rock, indie, rock, alternative, The Killers, alternative rock, american, favorites, glamorous indie rock and roll, 00s, Favourites, Awesome, indie rock and roll, FUCKING AWESOME, love at first listen.",Rock,The Pink Noise,,-0.07499999999999996,0.1499999999999999
1976,"Track: Toad. Artist: The Pink Noise. Album: Gilded Flowers. Listener tags: 90s, alternative, rock, alternative rock, toad the wet sprocket, pop, Favorite, music choice: classic alternative, High School, indie, favorite songs, chill, Soundtrack Of My Life, margaritaville, Faves.",Rock,The Pink Noise,,-0.02499999999999991,0.10000000000000009
1977,"Track: Horse. Artist: Pigeons & Crazy Porridgemakers. Album: Le Voyage. Listener tags: 80s, post-punk, new wave, alternative, Bagel, somafm, rock, indie, british, alternative rock, animal kingdom, pretty in pink, Iridescent Kandy with Hot Fudge, Post punk, Echo and The Bunnymen.",Rock,Pigeons & Crazy Porridgemakers,,-0.07499999999999996,0.050000000000000044
1978,"Track: Teenage Kicks. Artist: The Unfinished Sympathy. Album: netBloc Vol. 09: Lo-Fi Adventures on Planet Rheton!. Listener tags: punk, rock, punk rock, 70s, John Peel, new wave, irish, indie, classic, alternative, Bagel, somafm, 1978, Favourites, 80s.",Rock,The Unfinished Sympathy,,0.375,0.375
1979,"Track: The River. Artist: Confusion Is Next. Album: netBloc Vol. 19: Doctorin’ Ur Tastz. Listener tags: rock, indie rock, indie, alternative rock, alternative, The Killers, american, pop, Killers, epic, indie pop, Awesome, favorites, new wave, britpop.",Rock,Confusion Is Next,,0.125,0.55
1980,"Track: Fake French. Artist: Le Tigre. Album: The WIRED CD: Rip. Sample. Mash. Share.. Listener tags: riot grrrl, electronic, female vocalists, electro, indie, dance, alternative, electronica, feminist, queer, lesbian, le tigre, rock, post-punk, grrl.",Rock,Le Tigre,,0.125,0.10000000000000009
1981,"Track: Not Right. Artist: The Ridiculous Trio. Album: Plays The Stooges. Listener tags: rock, proto-punk, Garage Rock, 60s, punk, classic rock, 1969, sexy, punk rock, glam rock, proto punk, 1960s, american, 70s, garage.",Rock,The Ridiculous Trio,,0.02499999999999991,0.19999999999999996
1982,"Track: The Four of Us are Dying. Artist: Nine Inch Nails. Album: The Slip. Listener tags: industrial, instrumental, electronic, industrial rock, dark, rock, hard rock, NIN, trip-hop, ambient, experimental, alternative, ninstrumental, alternative rock, atmospheric.",Rock,Nine Inch Nails,,-0.125,-0.125
1983,"Track: Corona Radiata. Artist: Nine Inch Nails. Album: The Slip. Listener tags: ambient, instrumental, industrial, dark ambient, drone, electronic, atmospheric, rock, dark, industrial rock, 00s, alternative, 2008, nine inch nails, NIN.",Rock,Nine Inch Nails,,-0.525,-0.4
1984,"Track: Lights in the Sky. Artist: Nine Inch Nails. Album: The Slip. Listener tags: piano, industrial, industrial rock, beautiful, melancholy, sad, rock, Mellow, nine inch nails, dark, NIN, haunting, 00s, alternative, Ballad.",Rock,Nine Inch Nails,,-0.32499999999999996,-0.525
1985,"Track: Head Down. Artist: Nine Inch Nails. Album: The Slip. Listener tags: industrial, industrial rock, rock, electronic, trent reznor, alternative rock, nine inch nails, alternative, NIN, 00s, hard rock, american, noise, electronic rock, industrial metal.",Rock,Nine Inch Nails,,-0.050000000000000044,0.1499999999999999
1986,"Track: Echoplex. Artist: Nine Inch Nails. Album: The Slip. Listener tags: industrial, industrial rock, electronic, rock, alternative rock, alternative, nine inch nails, NIN, trent reznor, 00s, american, hard rock, favorites, 2008, TRB.",Rock,Nine Inch Nails,,-0.25,0.02499999999999991
1987,"Track: Ghost. Artist: The Blood Lemons. Album: Ape Shit EP. Listener tags: rock, alternative, indie, Garage Rock, alternative rock, indie rock, folk, acoustic, The White Stripes, 00s, blues rock, american, blues, white stripes, country.",Rock,The Blood Lemons,,0.375,0.32499999999999996
1988,"Track: One More Reason. Artist: Fresh Body Shop. Album: The Ugly Army. Listener tags: brit indie rock, free, Electro-Rock, brit alternative rock, French rock, french pop, electro rock, francais, Brit indie, acoustic emo, synth rock, Alternative Folk, Electro Pop, poprock, electro-pop.",Rock,Fresh Body Shop,,0.125,0.19999999999999996
1989,"Track: My Friends. Artist: The Franks. Album: Un EP. Listener tags: classic rock, rock, 60s, pop, beatles, The Beatles, british, psychedelic, oldies, classic, ringo starr, 1967, pop rock, Psychedelic Rock, british invasion.",Rock,The Franks,,0.0,0.17500000000000004
1990,"Track: The Hollow. Artist: The Seventh Necronation. Album: The Seventh Necronation. Listener tags: Stoner Rock, rock, alternative rock, alternative, hard rock, 00s, desert rock, chill, Queens Of The Stone Age, robot rock, american, heavy metal, Awesome, Grunge, 2007.",Rock,The Seventh Necronation,,-0.19999999999999996,-0.2250000000000001
1991,"Track: Plastic Plastic. Artist: The Home Phonema. Album: netBloc Vol. 21: opening your ears with jamendo. Listener tags: new wave, post-punk, The Cure, 80s, alternative, rock, alternative rock, goth, Gothic, indie, pop, british, Drunken Heroes, britpop, goth rock.",Rock,The Home Phonema,,0.0,0.25
1992,"Track: Conspiracy. Artist: Louis Lingg and The Bombs. Album: netBloc Vol. 09: Lo-Fi Adventures on Planet Rheton!. Listener tags: punk rock, punk, rock, The Offspring, alternative, offspring, alternative rock, hard rock, rockin, great, California, favorite songs, 90s, pop punk, 00s.",Rock,Louis Lingg and The Bombs,,-0.02499999999999991,0.44999999999999996
1993,"Track: InstruMental. Artist: The Metamatics. Album: Complete Discography. Listener tags: instrumental, experimental, indie rock, folk, chill, #NAME?, -19, relaxing, electronic, shoegaze, Experimental Rock, Lo-Fi, beautiful, soothing, the microphones.",Rock,The Metamatics,,-0.375,0.5
1994,"Track: You Want It All. Artist: Bombay Laughing Club. Album: the golden years. Listener tags: indie, electronic, british, rock, indie rock, indietronica, indie pop, 2010, pop, dance, Two Door Cinema Club, alternative, songs that i will still be listening to in a billion years, freakey stylish, catchy.",Rock,Bombay Laughing Club,,-0.30000000000000004,-0.375
1995,"Track: The Tower. Artist: The Pink Noise. Album: Gilded Flowers. Listener tags: Gothic Rock, 80s, goth, rock, Gothic, antial, myLostAnima, The Mission, lift me up, goth rock, alternative, dark, 1988, post-punk, second wave goth.",Rock,The Pink Noise,,-0.07499999999999996,-0.07499999999999996
1996,"Track: BEAT 'EM. Artist: The Matt Kurz One. Album: IF YOU CAN'T JOIN 'EM. Listener tags: Applicant, J-rock, visual kei, the gazette, japanese, jrock, rock, Gazette, gazerock, male vocalist, PS Company, Favourite Songs, the gazettE visualkei, im addicted to, <3.",Rock,The Matt Kurz One,,-0.275,0.2250000000000001
1997,"Track: For Kate I Wait. Artist: Ariel Pink's Haunted Graffiti. Album: The Doldrums. Listener tags: Lo-Fi, indie, experimental, for kate i wait, New Weird America, hauntology, lovedbybeyondwithin, vermillion sands, biting my lip, nostalgic songs that prove to be nostalgic and then some, immense, Wuthering Heights, pinkadelic, trippy, this is a reason for living.",Rock,Ariel Pink's Haunted Graffiti,,0.07499999999999996,-0.275
1998,"Track: My Artificial Sun. Artist: Fresh Body Shop. Album: The Ugly Army. Listener tags: rock, french artists, brit indie rock, free, Electro-Rock, brit alternative rock, French rock, french pop, electro rock, francais, Brit indie, acoustic emo, synth rock, Alternative Folk, Electro Pop.",Rock,Fresh Body Shop,,0.3500000000000001,0.30000000000000004
1999,"Track: New Dress. Artist: The Gotobeds. Album: Live on WFMU's Cherry Blossom Clinic with Terre T - August 24 2013. Listener tags: indie, indie rock, Canadian, power pop, the new pornographers, indie pop, rock, quirky, pop, alternative, canada, alternative rock, britpop, agents of chaos, upbeat.",Rock,The Gotobeds,,-0.10000000000000009,0.10000000000000009
2000,"Track: Never End Up Like This. Artist: Fresh Body Shop. Album: The Ugly Army. Listener tags: brit indie rock, free, Electro-Rock, brit alternative rock, French rock, french pop, electro rock, francais, Brit indie, acoustic emo, synth rock, Alternative Folk, Electro Pop, poprock, electro-pop.",Rock,Fresh Body Shop,,0.19999999999999996,0.25
2001,Track: Old Tree. Artist: Creepoid.,Rock,Creepoid,,-0.44999999999999996,0.3999999999999999
2003,Track: Excessive Resistance to Change. Artist: Joel Helander.,Classical,Joel Helander,,0.10000000000000009,-0.10000000000000009
2004,Track: Flying. Artist: Aimee Norwich.,Folk,Aimee Norwich,,0.0,-0.050000000000000044
2005,Track: Waterduct. Artist: Ava Luna.,Rock,Ava Luna,,-0.30000000000000004,0.050000000000000044
2007,Track: Heavy Love. Artist: Dreamers of the Ghetto.,Pop,Dreamers of the Ghetto,,-0.4,-0.1499999999999999
2009,Track: Definition. Artist: Joel Helander.,Classical,Joel Helander,,0.050000000000000044,-0.19999999999999996
2010,Track: Yatora. Artist: Karim Douaidy.,Folk,Karim Douaidy,,0.25,-0.050000000000000044
2012,Track: Impressions of Saturn. Artist: Matthew Entwistle.,Classical,Matthew Entwistle,,-0.4575,0.04249999999999998
2013,Track: The Arch. Artist: Matthew Entwistle.,Classical,Matthew Entwistle,,0.10000000000000009,0.1499999999999999
2014,Track: You Listen. Artist: Meaxic.,Rock,Meaxic,,-0.5,0.3999999999999999
2015,Track: Bester Jungling. Artist: NYU.,Classical,NYU,,0.3999999999999999,0.10000000000000009
2016,Track: Chinese Jiang Nan. Artist: Music Delta.,Folk,Music Delta,,0.55,0.1499999999999999
2017,Track: Funk Jazz. Artist: Music Delta.,Jazz,Music Delta,,0.4175,0.375
2018,Track: Modal Jazz. Artist: Music Delta.,Jazz,Music Delta,,0.375,0.3325
2019,Track: The Broken Pledge - Chicago Reel. Artist: Phoenix.,Folk,Phoenix,,0.44999999999999996,0.44999999999999996
2020,Track: The Collier's Daughter. Artist: Phoenix.,Folk,Phoenix,,0.44999999999999996,0.19999999999999996
2022,Track: Mignon (Kennst du das Land) Op.92a Mvt.1. Artist: NYU.,Classical,NYU,,-0.30000000000000004,-0.1499999999999999
2023,Track: Spacestation. Artist: Strand of Oaks.,Pop,Strand of Oaks,,0.1499999999999999,-0.5
2024,Track: Captain Sky. Artist: Tabla Breakbeat Science.,Electronic,Tabla Breakbeat Science,,0.3500000000000001,-0.1499999999999999
2025,Track: Rock Steady. Artist: Tabla Breakbeat Science.,Electronic,Tabla Breakbeat Science,,0.25,-0.050000000000000044
2026,Track: Scorpio. Artist: Tabla Breakbeat Science.,Electronic,Tabla Breakbeat Science,,0.1499999999999999,-0.25
2027,Track: Vermont. Artist: The Districts.,Rock,The Districts,,0.19999999999999996,0.10000000000000009
2028,Track: Les Fleurs Du Mal. Artist: The Scarlet Brand.,Rock,The Scarlet Brand,,-0.4,0.30000000000000004
2030,Track: 990. Artist: In Faded Glory. Album: Polyplastic Heaven.,Rock|Acoustic|Pop|Vocal|Electric|Male|Drum|Electricguitar,In Faded Glory,,-0.19999999999999996,0.30000000000000004
2031,Track: Go. Artist: No. Album: Really.,Folk,No,,-0.10000000000000009,-0.4
2032,Track: Song For Jade. Artist: Kryptic Mood. Album: Social Espionage.,Pop|Rock|Electronic,Kryptic Mood,,0.050000000000000044,-0.1499999999999999
2033,Track: Uranium. Artist: Hunt Club. Album: Hunt Club EP 2006.,Rock|Acoustic|Pop|Vocal|Electric|Male,Hunt Club,,-0.4575,0.4575
2034,Track: Hey! beauty. Artist: Jacques COUTURIER. Album: When the night falls.,Pop,Jacques COUTURIER,,0.30000000000000004,-0.10000000000000009
2035,Track: Mit dem Unibalett im Ulmer Monster tanzen. Artist: Die Partysahnen. Album: Porno im Akkord.,Rock|Pop,Die Partysahnen,,-0.4,-0.10000000000000009
2036,Track: Feel-ipson. Artist: Feel-ipson. Album: Out of the sand.,Pop|Electronic|Experimental,Feel-ipson,,-0.2925,-0.08250000000000002
2037,Track: Dreamworld. Artist: engeo. Album: Half of a Sentence.,Pop|Acoustic|Rock,engeo,,0.3500000000000001,-0.1499999999999999
2038,Track: rouge et blues. Artist: Fabrice Collette. Album: rouge et blues.,Blues|Pop|Acoustic|Vocal|Electric|Male,Fabrice Collette,,-0.25,-0.30000000000000004
2039,Track: Le Blues du Fantome. Artist: FOOL DADAZ FIRE. Album: CNSM SESSIONS #1.,Pop|Jazz|Vocal|Electric|Male|Drum|Electricguitar,FOOL DADAZ FIRE,,0.10000000000000009,-0.10000000000000009
2040,Track: FUCK THE WAR. Artist: Ralph Buckley. Album: FUCK THE WAR!!!.,Acoustic|Pop|Rock|Vocal|Electric|Male|Electricguitar,Ralph Buckley,,-0.35,0.5
2041,Track: Little White Church. Artist: Steven Dunston. Album: Hymns About Her (advance).,Pop|Acoustic|Vocal|Electric|Male,Steven Dunston,,-0.1499999999999999,-0.5
2042,Track: Classical Delay. Artist: Ogg Vorbis. Album: Underscore.,Electronic|Experimental|Jazz,Ogg Vorbis,,-0.050000000000000044,-0.10000000000000009
2043,Track: Summer. Artist: Matti Paalanen. Album: Roomful of Emptiness.,Jazz|Electric|Instrumental|Drum|Electricguitar,Matti Paalanen,,0.1499999999999999,-0.1499999999999999
2044,Track: Habanera. Artist: Manuzik. Album: Ouverture.,Electronic|Electric|Instrumental,Manuzik,,0.3500000000000001,0.050000000000000044
2045,Track: Jazzy Mode. Artist: Behrang Shegarfkar. Album: Wasted Time.,Jazz|Classical|Acoustic|Instrumental,Behrang Shegarfkar,,-0.050000000000000044,-0.44999999999999996
2046,Track: O Pindo. Artist: PELdeNOZ. Album: Ensaio 16 de abril de 2008.,Jazz|Folk|Acoustic,PELdeNOZ,,0.125,0.04249999999999998
2047,Track: La note en cage. Artist: AdHoc. Album: Toutes directions.,Jazz|Instrumental|Electric|Drum,AdHoc,,0.30000000000000004,0.0
2048,Track: Travelling in balochistan - late night highway. Artist: Maneros productions. Album: On the road.,Rock|Pop|Hiphop,Maneros productions,,0.30000000000000004,-0.35
2049,Track: Lonely Fool. Artist: Steve.e!. Album: SUN LP.,Electronic|Hiphop|Electric|Instrumental|Drum,Steve.e!,,-0.1499999999999999,-0.30000000000000004
2050,Track: Homecoming. Artist: BeatRaider. Album: A Journey Through My World.,Hiphop|Electronic|Electric|Instrumental,BeatRaider,,-0.1499999999999999,-0.35
2051,Track: a fleur de peau. Artist: elbrujo. Album: autopsie cerebrale.,Hiphop,elbrujo,,-0.44999999999999996,-0.10000000000000009
2052,Track: Les 3 singes. Artist: Juice lee. Album: Sombre....,Hiphop,Juice lee,,-0.44999999999999996,0.050000000000000044
2053,Track: Neon. Artist: ADC LEVEL. Album: Subway Stories.,Electronic|Hiphop,ADC LEVEL,,-0.30000000000000004,-0.30000000000000004
2054,Track: Interlude. Artist: Tom La Meche. Album: Blog.,Jazz|Blues|Electric|Instrumental|Electricguitar,Tom La Meche,,0.10000000000000009,-0.35
2055,Track: Vide grenier. Artist: Goo Goo Cluster. Album: Goo Goo Cluster.,Blues|Rock,Goo Goo Cluster,,0.0,0.050000000000000044
2056,Track: happy child singing. Artist: Ruediger Kramer. Album: japanese blues.,Jazz|Experimental|Blues|Electric|Instrumental|Drum,Ruediger Kramer,,0.0,-0.10000000000000009
2057,Track: Au Feu. Artist: La Verue. Album: Riez Noir.,Rock|Blues|Acoustic|Vocal|Electric|Male|Drum|Electricguitar,La Verue,,-0.4575,0.4575
2058,Track: Inside Views. Artist: La Verue. Album: Riez Noir.,Rock|Blues|Acoustic|Vocal|Electric|Male|Drum|Electricguitar,La Verue,,-0.30000000000000004,0.19999999999999996
