id,text,labels,group,split,genre_top
blues/blues.00000,A moderate instrumental excerpt at about 123 beats per minute. The timbre is dark and moderately spread across the spectrum. The recording is moderate and moderately percussive. It covers a moderate range of pitch classes.,blues,blues/blues.00000,,blues
blues/blues.00001,A very slow instrumental excerpt at about 68 beats per minute. The timbre is dark and moderately spread across the spectrum. The recording is moderate and smooth. It covers a narrow range of pitch classes.,blues,blues/blues.00001,,blues
blues/blues.00002,A very fast instrumental excerpt at about 161 beats per minute. The timbre is dark and focused across the spectrum. The recording is loud and smooth. It covers a moderate range of pitch classes.,blues,blues/blues.00002,,blues
blues/blues.00003,A very slow instrumental excerpt at about 63 beats per minute. The timbre is very dark and focused across the spectrum. The recording is moderate and very smooth. It covers a moderate range of pitch classes.,blues,blues/blues.00003,,blues
blues/blues.00004,A up-tempo instrumental excerpt at about 136 beats per minute. The timbre is dark and focused across the spectrum. The recording is moderate and moderately percussive. It covers a narrow range of pitch classes.,blues,blues/blues.00004,,blues
blues/blues.00005,A very slow instrumental excerpt at about 70 beats per minute. The timbre is dark and focused across the spectrum. The recording is moderate and moderately percussive. It covers a narrow range of pitch classes.,blues,blues/blues.00005,,blues
blues/blues.00006,A very slow instrumental excerpt at about 72 beats per minute. The timbre is dark and very focused across the spectrum. The recording is moderate and smooth. It covers a narrow range of pitch classes.,blues,blues/blues.00006,,blues
blues/blues.00007,A slow instrumental excerpt at about 92 beats per minute. The timbre is dark and focused across the spectrum. The recording is moderate and smooth. It covers a narrow range of pitch classes.,blues,blues/blues.00007,,blues
blues/blues.00008,A slow instrumental excerpt at about 83 beats per minute. The timbre is dark and moderately spread across the spectrum. The recording is moderate and smooth. It covers a moderate range of pitch classes.,blues,blues/blues.00008,,blues
blues/blues.00009,A slow instrumental excerpt at about 81 beats per minute. The timbre is dark and moderately spread across the spectrum. The recording is quiet and smooth. It covers a very narrow range of pitch classes.,blues,blues/blues.00009,,blues
blues/blues.00010,A very fast instrumental excerpt at about 161 beats per minute. The timbre is dark and focused across the spectrum. The recording is moderate and smooth. It covers a narrow range of pitch classes.,blues,blues/blues.00010,,blues
blues/blues.00011,A very fast instrumental excerpt at about 161 beats per minute. The timbre is very dark and focused across the spectrum. The recording is quiet and very smooth. It covers a moderate range of pitch classes.,blues,blues/blues.00011,,blues
blues/blues.00012,A very fast instrumental excerpt at about 185 beats per minute. The timbre is very dark and focused across the spectrum. The recording is moderate and smooth. It covers a very narrow range of pitch classes.,blues,blues/blues.00012,,blues
blues/blues.00013,A moderate instrumental excerpt at about 108 beats per minute. The timbre is very dark and focused across the spectrum. The recording is moderate and smooth. It covers a very narrow range of pitch classes.,blues,blues/blues.00013,,blues
blues/blues.00014,A very fast instrumental excerpt at about 152 beats per minute. The timbre is very dark and focused across the spectrum. The recording is quiet and very smooth. It covers a narrow range of pitch classes.,blues,blues/blues.00014,,blues
blues/blues.00015,A slow instrumental excerpt at about 99 beats per minute. The timbre is dark and focused across the spectrum. The recording is quiet and smooth. It covers a very narrow range of pitch classes.,blues,blues/blues.00015,,blues
blues/blues.00016,A very fast instrumental excerpt at about 199 beats per minute. The timbre is dark and focused across the spectrum. The recording is quiet and smooth. It covers a narrow range of pitch classes.,blues,blues/blues.00016,,blues
blues/blues.00017,A very fast instrumental excerpt at about 172 beats per minute. The timbre is very dark and very focused across the spectrum. The recording is moderate and very smooth. It covers a narrow range of pitch classes.,blues,blues/blues.00017,,blues
blues/blues.00018,A slow instrumental excerpt at about 83 beats per minute. The timbre is dark and moderately spread across the spectrum. The recording is quiet and smooth. It covers a very narrow range of pitch classes.,blues,blues/blues.00018,,blues
blues/blues.00019,A moderate instrumental excerpt at about 123 beats per minute. The timbre is very dark and very focused across the spectrum. The recording is moderate and smooth. It covers a very narrow range of pitch classes.,blues,blues/blues.00019,,blues
blues/blues.00020,A up-tempo instrumental excerpt at about 136 beats per minute. The timbre is very dark and focused across the spectrum. The recording is quiet and smooth. It covers a narrow range of pitch classes.,blues,blues/blues.00020,,blues
blues/blues.00021,A slow instrumental excerpt at about 99 beats per minute. The timbre is very dark and very focused across the spectrum. The recording is moderate and very smooth. It covers a narrow range of pitch classes.,blues,blues/blues.00021,,blues
blues/blues.00022,A slow instrumental excerpt at about 96 beats per minute. The timbre is very dark and very focused across the spectrum. The recording is moderate and smooth. It covers a narrow range of pitch classes.,blues,blues/blues.00022,,blues
blues/blues.00023,A very fast instrumental excerpt at about 185 beats per minute. The timbre is very dark and very focused across the spectrum. The recording is moderate and smooth. It covers a narrow range of pitch classes.,blues,blues/blues.00023,,blues
blues/blues.00024,A moderate instrumental excerpt at about 103 beats per minute. The timbre is very dark and very focused across the spectrum. The recording is quiet and very smooth. It covers a very narrow range of pitch classes.,blues,blues/blues.00024,,blues
blues/blues.00025,A slow instrumental excerpt at about 92 beats per minute. The timbre is very dark and very focused across the spectrum. The recording is quiet and smooth. It covers a narrow range of pitch classes.,blues,blues/blues.00025,,blues
blues/blues.00026,A slow instrumental excerpt at about 83 beats per minute. The timbre is very dark and focused across the spectrum. The recording is quiet and smooth. It covers a very narrow range of pitch classes.,blues,blues/blues.00026,,blues
blues/blues.00027,A slow instrumental excerpt at about 92 beats per minute. The timbre is very dark and very focused across the spectrum. The recording is moderate and smooth. It covers a narrow range of pitch classes.,blues,blues/blues.00027,,blues
blues/blues.00028,A moderate instrumental excerpt at about 103 beats per minute. The timbre is very dark and very focused across the spectrum. The recording is moderate and very smooth. It covers a very narrow range of pitch classes.,blues,blues/blues.00028,,blues
blues/blues.00029,A up-tempo instrumental excerpt at about 129 beats per minute. The timbre is dark and moderately spread across the spectrum. The recording is moderate and smooth. It covers a narrow range of pitch classes.,blues,blues/blues.00029,,blues
blues/blues.00030,A very fast instrumental excerpt at about 152 beats per minute. The timbre is very dark and moderately spread across the spectrum. The recording is loud and very smooth. It covers a very narrow range of pitch classes.,blues,blues/blues.00030,,blues
blues/blues.00031,A very fast instrumental excerpt at about 152 beats per minute. The timbre is very dark and moderately spread across the spectrum. The recording is loud and very smooth. It covers a very narrow range of pitch classes.,blues,blues/blues.00031,,blues
blues/blues.00032,A up-tempo instrumental excerpt at about 144 beats per minute. The timbre is very dark and focused across the spectrum. The recording is moderate and very smooth. It covers a very narrow range of pitch classes.,blues,blues/blues.00032,,blues
blues/blues.00033,A very fast instrumental excerpt at about 152 beats per minute. The timbre is dark and moderately spread across the spectrum. The recording is moderate and very smooth. It covers a very narrow range of pitch classes.,blues,blues/blues.00033,,blues
blues/blues.00034,A very fast instrumental excerpt at about 185 beats per minute. The timbre is dark and moderately spread across the spectrum. The recording is moderate and very smooth. It covers a very narrow range of pitch classes.,blues,blues/blues.00034,,blues
blues/blues.00035,A up-tempo instrumental excerpt at about 129 beats per minute. The timbre is dark and moderately spread across the spectrum. The recording is loud and very smooth. It covers a narrow range of pitch classes.,blues,blues/blues.00035,,blues
blues/blues.00036,A very fast instrumental excerpt at about 152 beats per minute. The timbre is very dark and focused across the spectrum. The recording is loud and very smooth. It covers a very narrow range of pitch classes.,blues,blues/blues.00036,,blues
blues/blues.00037,A moderate instrumental excerpt at about 123 beats per minute. The timbre is very dark and focused across the spectrum. The recording is quiet and very smooth. It covers a very narrow range of pitch classes.,blues,blues/blues.00037,,blues
blues/blues.00038,A slow instrumental excerpt at about 86 beats per minute. The timbre is dark and moderately spread across the spectrum. The recording is loud and very smooth. It covers a very narrow range of pitch classes.,blues,blues/blues.00038,,blues
blues/blues.00039,A moderate instrumental excerpt at about 117 beats per minute. The timbre is very dark and focused across the spectrum. The recording is quiet and very smooth. It covers a very narrow range of pitch classes.,blues,blues/blues.00039,,blues
blues/blues.00040,A very fast instrumental excerpt at about 172 beats per minute. The timbre is balanced and moderately spread across the spectrum. The recording is moderate and moderately percussive. It covers a moderate range of pitch classes.,blues,blues/blues.00040,,blues
blues/blues.00041,A up-tempo instrumental excerpt at about 129 beats per minute. The timbre is balanced and spread across the spectrum. The recording is moderate and moderately percussive. It covers a moderate range of pitch classes.,blues,blues/blues.00041,,blues
blues/blues.00042,A slow instrumental excerpt at about 89 beats per minute. The timbre is balanced and moderately spread across the spectrum. The recording is moderate and moderately percussive. It covers a moderate range of pitch classes.,blues,blues/blues.00042,,blues
blues/blues.00043,A up-tempo instrumental excerpt at about 129 beats per minute. The timbre is balanced and moderately spread across the spectrum. The recording is moderate and moderately percussive. It covers a moderate range of pitch classes.,blues,blues/blues.00043,,blues
blues/blues.00044,A up-tempo instrumental excerpt at about 136 beats per minute. The timbre is balanced and moderately spread across the spectrum. The recording is moderate and moderately percussive. It covers a moderate range of pitch classes.,blues,blues/blues.00044,,blues
blues/blues.00045,A up-tempo instrumental excerpt at about 129 beats per minute. The timbre is dark and moderately spread across the spectrum. The recording is moderate and very smooth. It covers a wide range of pitch classes.,blues,blues/blues.00045,,blues
blues/blues.00046,A moderate instrumental excerpt at about 123 beats per minute. The timbre is balanced and moderately spread across the spectrum. The recording is moderate and smooth. It covers a moderate range of pitch classes.,blues,blues/blues.00046,,blues
blues/blues.00047,A very fast instrumental excerpt at about 152 beats per minute. The timbre is balanced and moderately spread across the spectrum. The recording is moderate and smooth. It covers a narrow range of pitch classes.,blues,blues/blues.00047,,blues
blues/blues.00048,A moderate instrumental excerpt at about 123 beats per minute. The timbre is balanced and moderately spread across the spectrum. The recording is moderate and moderately percussive. It covers a moderate range of pitch classes.,blues,blues/blues.00048,,blues
blues/blues.00049,A moderate instrumental excerpt at about 123 beats per minute. The timbre is very dark and focused across the spectrum. The recording is quiet and very smooth. It covers a very narrow range of pitch classes.,blues,blues/blues.00049,,blues
blues/blues.00050,A up-tempo instrumental excerpt at about 136 beats per minute. The timbre is balanced and moderately spread across the spectrum. The recording is loud and moderately percussive. It covers a moderate range of pitch classes.,blues,blues/blues.00050,,blues
blues/blues.00051,A slow instrumental excerpt at about 99 beats per minute. The timbre is balanced and focused across the spectrum. The recording is loud and moderately percussive. It covers a moderate range of pitch classes.,blues,blues/blues.00051,,blues
blues/blues.00052,A very fast instrumental excerpt at about 152 beats per minute. The timbre is dark and focused across the spectrum. The recording is moderate and smooth. It covers a narrow range of pitch classes.,blues,blues/blues.00052,,blues
blues/blues.00053,A moderate instrumental excerpt at about 103 beats per minute. The timbre is balanced and moderately spread across the spectrum. The recording is loud and percussive. It covers a moderate range of pitch classes.,blues,blues/blues.00053,,blues
blues/blues.00054,A slow instrumental excerpt at about 89 beats per minute. The timbre is balanced and moderately spread across the spectrum. The recording is loud and moderately percussive. It covers a wide range of pitch classes.,blues,blues/blues.00054,,blues
blues/blues.00055,A up-tempo instrumental excerpt at about 136 beats per minute. The timbre is balanced and moderately spread across the spectrum. The recording is loud and moderately percussive. It covers a wide range of pitch classes.,blues,blues/blues.00055,,blues
blues/blues.00056,A very fast instrumental excerpt at about 161 beats per minute. The timbre is dark and moderately spread across the spectrum. The recording is moderate and smooth. It covers a moderate range of pitch classes.,blues,blues/blues.00056,,blues
blues/blues.00057,A slow instrumental excerpt at about 92 beats per minute. The timbre is dark and focused across the spectrum. The recording is loud and moderately percussive. It covers a wide range of pitch classes.,blues,blues/blues.00057,,blues
blues/blues.00058,A moderate instrumental excerpt at about 108 beats per minute. The timbre is balanced and moderately spread across the spectrum. The recording is loud and moderately percussive. It covers a moderate range of pitch classes.,blues,blues/blues.00058,,blues
blues/blues.00059,A moderate instrumental excerpt at about 108 beats per minute. The timbre is balanced and moderately spread across the spectrum. The recording is loud and percussive. It covers a moderate range of pitch classes.,blues,blues/blues.00059,,blues
blues/blues.00060,A very fast instrumental excerpt at about 152 beats per minute. The timbre is balanced and moderately spread across the spectrum. The recording is loud and moderately percussive. It covers a wide range of pitch classes.,blues,blues/blues.00060,,blues
blues/blues.00061,A up-tempo instrumental excerpt at about 129 beats per minute. The timbre is bright and moderately spread across the spectrum. The recording is moderate and percussive. It covers a wide range of pitch classes.,blues,blues/blues.00061,,blues
blues/blues.00062,A moderate instrumental excerpt at about 112 beats per minute. The timbre is balanced and moderately spread across the spectrum. The recording is moderate and moderately percussive. It covers a narrow range of pitch classes.,blues,blues/blues.00062,,blues
blues/blues.00063,A slow instrumental excerpt at about 92 beats per minute. The timbre is bright and spread across the spectrum. The recording is moderate and percussive. It covers a narrow range of pitch classes.,blues,blues/blues.00063,,blues
blues/blues.00064,A slow instrumental excerpt at about 78 beats per minute. The timbre is bright and moderately spread across the spectrum. The recording is moderate and percussive. It covers a narrow range of pitch classes.,blues,blues/blues.00064,,blues
blues/blues.00065,A moderate instrumental excerpt at about 108 beats per minute. The timbre is bright and moderately spread across the spectrum. The recording is moderate and percussive. It covers a narrow range of pitch classes.,blues,blues/blues.00065,,blues
blues/blues.00066,A very fast instrumental excerpt at about 161 beats per minute. The timbre is balanced and moderately spread across the spectrum. The recording is moderate and percussive. It covers a moderate range of pitch classes.,blues,blues/blues.00066,,blues
blues/blues.00067,A very fast instrumental excerpt at about 161 beats per minute. The timbre is balanced and moderately spread across the spectrum. The recording is moderate and moderately percussive. It covers a narrow range of pitch classes.,blues,blues/blues.00067,,blues
blues/blues.00068,A very fast instrumental excerpt at about 161 beats per minute. The timbre is bright and moderately spread across the spectrum. The recording is moderate and percussive. It covers a narrow range of pitch classes.,blues,blues/blues.00068,,blues
blues/blues.00069,A slow instrumental excerpt at about 78 beats per minute. The timbre is balanced and moderately spread across the spectrum. The recording is moderate and percussive. It covers a narrow range of pitch classes.,blues,blues/blues.00069,,blues
blues/blues.00070,A up-tempo instrumental excerpt at about 144 beats per minute. The timbre is balanced and moderately spread across the spectrum. The recording is moderate and moderately percussive. It covers a narrow range of pitch classes.,blues,blues/blues.00070,,blues
blues/blues.00071,A very slow instrumental excerpt at about 74 beats per minute. The timbre is balanced and moderately spread across the spectrum. The recording is moderate and percussive. It covers a narrow range of pitch classes.,blues,blues/blues.00071,,blues
blues/blues.00072,A moderate instrumental excerpt at about 103 beats per minute. The timbre is bright and spread across the spectrum. The recording is moderate and percussive. It covers a narrow range of pitch classes.,blues,blues/blues.00072,,blues
blues/blues.00073,A slow instrumental excerpt at about 99 beats per minute. The timbre is balanced and moderately spread across the spectrum. The recording is very loud and moderately percussive. It covers a narrow range of pitch classes.,blues,blues/blues.00073,,blues
blues/blues.00074,A moderate instrumental excerpt at about 112 beats per minute. The timbre is bright and spread across the spectrum. The recording is loud and percussive. It covers a moderate range of pitch classes.,blues,blues/blues.00074,,blues
blues/blues.00075,A moderate instrumental excerpt at about 117 beats per minute. The timbre is balanced and moderately spread across the spectrum. The recording is loud and moderately percussive. It covers a wide range of pitch classes.,blues,blues/blues.00075,,blues
blues/blues.00076,A moderate instrumental excerpt at about 117 beats per minute. The timbre is bright and spread across the spectrum. The recording is loud and percussive. It covers a moderate range of pitch classes.,blues,blues/blues.00076,,blues
blues/blues.00077,A slow instrumental excerpt at about 99 beats per minute. The timbre is balanced and moderately spread across the spectrum. The recording is very loud and moderately percussive. It covers a moderate range of pitch classes.,blues,blues/blues.00077,,blues
blues/blues.00078,A moderate instrumental excerpt at about 123 beats per minute. The timbre is balanced and moderately spread across the spectrum. The recording is very loud and percussive. It covers a moderate range of pitch classes.,blues,blues/blues.00078,,blues
blues/blues.00079,A slow instrumental excerpt at about 78 beats per minute. The timbre is balanced and moderately spread across the spectrum. The recording is very loud and percussive. It covers a wide range of pitch classes.,blues,blues/blues.00079,,blues
blues/blues.00080,A moderate instrumental excerpt at about 117 beats per minute. The timbre is dark and focused across the spectrum. The recording is very loud and moderately percussive. It covers a moderate range of pitch classes.,blues,blues/blues.00080,,blues
blues/blues.00081,A moderate instrumental excerpt at about 103 beats per minute. The timbre is balanced and moderately spread across the spectrum. The recording is very loud and percussive. It covers a moderate range of pitch classes.,blues,blues/blues.00081,,blues
blues/blues.00082,A moderate instrumental excerpt at about 123 beats per minute. The timbre is balanced and moderately spread across the spectrum. The recording is very loud and moderately percussive. It covers a narrow range of pitch classes.,blues,blues/blues.00082,,blues
blues/blues.00083,A up-tempo instrumental excerpt at about 136 beats per minute. The timbre is balanced and moderately spread across the spectrum. The recording is very loud and moderately percussive. It covers a wide range of pitch classes.,blues,blues/blues.00083,,blues
blues/blues.00084,A moderate instrumental excerpt at about 112 beats per minute. The timbre is balanced and moderately spread across the spectrum. The recording is very loud and moderately percussive. It covers a moderate range of pitch classes.,blues,blues/blues.00084,,blues
blues/blues.00085,A up-tempo instrumental excerpt at about 144 beats per minute. The timbre is very dark and focused across the spectrum. The recording is loud and smooth. It covers a narrow range of pitch classes.,blues,blues/blues.00085,,blues
blues/blues.00086,A moderate instrumental excerpt at about 123 beats per minute. The timbre is very dark and focused across the spectrum. The recording is moderate and very smooth. It covers a moderate range of pitch classes.,blues,blues/blues.00086,,blues
blues/blues.00087,A very fast instrumental excerpt at about 172 beats per minute. The timbre is dark and focused across the spectrum. The recording is loud and smooth. It covers a narrow range of pitch classes.,blues,blues/blues.00087,,blues
blues/blues.00088,A very fast instrumental excerpt at about 172 beats per minute. The timbre is very dark and focused across the spectrum. The recording is moderate and very smooth. It covers a moderate range of pitch classes.,blues,blues/blues.00088,,blues
blues/blues.00089,A moderate instrumental excerpt at about 108 beats per minute. The timbre is very dark and very focused across the spectrum. The recording is quiet and very smooth. It covers a narrow range of pitch classes.,blues,blues/blues.00089,,blues
blues/blues.00090,A up-tempo instrumental excerpt at about 144 beats per minute. The timbre is dark and moderately spread across the spectrum. The recording is moderate and smooth. It covers a moderate range of pitch classes.,blues,blues/blues.00090,,blues
blues/blues.00091,A very slow instrumental excerpt at about 63 beats per minute. The timbre is very dark and very focused across the spectrum. The recording is moderate and very smooth. It covers a wide range of pitch classes.,blues,blues/blues.00091,,blues
blues/blues.00092,A slow instrumental excerpt at about 83 beats per minute. The timbre is very dark and very focused across the spectrum. The recording is quiet and very smooth. It covers a moderate range of pitch classes.,blues,blues/blues.00092,,blues
blues/blues.00093,A very slow instrumental excerpt at about 59 beats per minute. The timbre is very dark and very focused across the spectrum. The recording is quiet and very smooth. It covers a moderate range of pitch classes.,blues,blues/blues.00093,,blues
blues/blues.00094,A moderate instrumental excerpt at about 103 beats per minute. The timbre is very dark and focused across the spectrum. The recording is moderate and smooth. It covers a moderate range of pitch classes.,blues,blues/blues.00094,,blues
blues/blues.00095,A up-tempo instrumental excerpt at about 136 beats per minute. The timbre is very dark and focused across the spectrum. The recording is loud and smooth. It covers a moderate range of pitch classes.,blues,blues/blues.00095,,blues
blues/blues.00096,A up-tempo instrumental excerpt at about 144 beats per minute. The timbre is very dark and focused across the spectrum. The recording is quiet and very smooth. It covers a very narrow range of pitch classes.,blues,blues/blues.00096,,blues
blues/blues.00097,A moderate instrumental excerpt at about 117 beats per minute. The timbre is very dark and focused across the spectrum. The recording is loud and very smooth. It covers a moderate range of pitch classes.,blues,blues/blues.00097,,blues
blues/blues.00098,A moderate instrumental excerpt at about 123 beats per minute. The timbre is balanced and moderately spread across the spectrum. The recording is moderate and percussive. It covers a wide range of pitch classes.,blues,blues/blues.00098,,blues
blues/blues.00099,A slow instrumental excerpt at about 92 beats per minute. The timbre is dark and focused across the spectrum. The recording is moderate and smooth. It covers a moderate range of pitch classes.,blues,blues/blues.00099,,blues
classical/classical.00000,A slow instrumental excerpt at about 96 beats per minute. The timbre is dark and focused across the spectrum. The recording is very quiet and moderately percussive. It covers a very narrow range of pitch classes.,classical,classical/classical.00000,,classical
classical/classical.00001,A moderate instrumental excerpt at about 112 beats per minute. The timbre is very dark and very focused across the spectrum. The recording is very quiet and moderately percussive. It covers a very narrow range of pitch classes.,classical,classical/classical.00001,,classical
classical/classical.00002,A slow instrumental excerpt at about 99 beats per minute. The timbre is dark and focused across the spectrum. The recording is very quiet and moderately percussive. It covers a very narrow range of pitch classes.,classical,classical/classical.00002,,classical
classical/classical.00003,A very slow instrumental excerpt at about 72 beats per minute. The timbre is dark and very focused across the spectrum. The recording is very quiet and moderately percussive. It covers a very narrow range of pitch classes.,classical,classical/classical.00003,,classical
classical/classical.00004,A very fast instrumental excerpt at about 161 beats per minute. The timbre is dark and focused across the spectrum. The recording is very quiet and moderately percussive. It covers a very narrow range of pitch classes.,classical,classical/classical.00004,,classical
classical/classical.00005,A up-tempo instrumental excerpt at about 144 beats per minute. The timbre is dark and focused across the spectrum. The recording is very quiet and smooth. It covers a very narrow range of pitch classes.,classical,classical/classical.00005,,classical
classical/classical.00006,A slow instrumental excerpt at about 99 beats per minute. The timbre is very dark and focused across the spectrum. The recording is very quiet and smooth. It covers a very narrow range of pitch classes.,classical,classical/classical.00006,,classical
classical/classical.00007,A very fast instrumental excerpt at about 215 beats per minute. The timbre is very dark and focused across the spectrum. The recording is very quiet and smooth. It covers a very narrow range of pitch classes.,classical,classical/classical.00007,,classical
classical/classical.00008,A up-tempo instrumental excerpt at about 136 beats per minute. The timbre is dark and focused across the spectrum. The recording is very quiet and smooth. It covers a very narrow range of pitch classes.,classical,classical/classical.00008,,classical
classical/classical.00009,A very fast instrumental excerpt at about 235 beats per minute. The timbre is very dark and focused across the spectrum. The recording is very quiet and smooth. It covers a very narrow range of pitch classes.,classical,classical/classical.00009,,classical
classical/classical.00010,A moderate instrumental excerpt at about 103 beats per minute. The timbre is dark and focused across the spectrum. The recording is very quiet and moderately percussive. It covers a very narrow range of pitch classes.,classical,classical/classical.00010,,classical
classical/classical.00011,A very fast instrumental excerpt at about 152 beats per minute. The timbre is very dark and very focused across the spectrum. The recording is very quiet and smooth. It covers a very narrow range of pitch classes.,classical,classical/classical.00011,,classical
classical/classical.00012,A slow instrumental excerpt at about 96 beats per minute. The timbre is very dark and very focused across the spectrum. The recording is very quiet and smooth. It covers a very narrow range of pitch classes.,classical,classical/classical.00012,,classical
classical/classical.00013,A up-tempo instrumental excerpt at about 129 beats per minute. The timbre is very dark and very focused across the spectrum. The recording is very quiet and moderately percussive. It covers a very narrow range of pitch classes.,classical,classical/classical.00013,,classical
classical/classical.00014,A up-tempo instrumental excerpt at about 144 beats per minute. The timbre is very dark and very focused across the spectrum. The recording is very quiet and smooth. It covers a very narrow range of pitch classes.,classical,classical/classical.00014,,classical
classical/classical.00015,A slow instrumental excerpt at about 83 beats per minute. The timbre is very dark and focused across the spectrum. The recording is very quiet and smooth. It covers a very narrow range of pitch classes.,classical,classical/classical.00015,,classical
classical/classical.00016,A slow instrumental excerpt at about 99 beats per minute. The timbre is very dark and very focused across the spectrum. The recording is very quiet and very smooth. It covers a very narrow range of pitch classes.,classical,classical/classical.00016,,classical
classical/classical.00017,A slow instrumental excerpt at about 89 beats per minute. The timbre is very dark and very focused across the spectrum. The recording is very quiet and moderately percussive. It covers a very narrow range of pitch classes.,classical,classical/classical.00017,,classical
classical/classical.00018,A very fast instrumental excerpt at about 161 beats per minute. The timbre is very dark and very focused across the spectrum. The recording is very quiet and smooth. It covers a very narrow range of pitch classes.,classical,classical/classical.00018,,classical
classical/classical.00019,A very fast instrumental excerpt at about 185 beats per minute. The timbre is very dark and focused across the spectrum. The recording is very quiet and smooth. It covers a narrow range of pitch classes.,classical,classical/classical.00019,,classical
classical/classical.00020,A up-tempo instrumental excerpt at about 144 beats per minute. The timbre is very dark and very focused across the spectrum. The recording is very quiet and smooth. It covers a very narrow range of pitch classes.,classical,classical/classical.00020,,classical
classical/classical.00021,A up-tempo instrumental excerpt at about 136 beats per minute. The timbre is very dark and very focused across the spectrum. The recording is very quiet and smooth. It covers a very narrow range of pitch classes.,classical,classical/classical.00021,,classical
classical/classical.00022,A moderate instrumental excerpt at about 108 beats per minute. The timbre is very dark and very focused across the spectrum. The recording is very quiet and smooth. It covers a very narrow range of pitch classes.,classical,classical/classical.00022,,classical
classical/classical.00023,A slow instrumental excerpt at about 96 beats per minute. The timbre is very dark and very focused across the spectrum. The recording is very quiet and very smooth. It covers a very narrow range of pitch classes.,classical,classical/classical.00023,,classical
classical/classical.00024,A very fast instrumental excerpt at about 152 beats per minute. The timbre is very dark and very focused across the spectrum. The recording is quiet and smooth. It covers a very narrow range of pitch classes.,classical,classical/classical.00024,,classical
classical/classical.00025,A up-tempo instrumental excerpt at about 129 beats per minute. The timbre is very dark and very focused across the spectrum. The recording is quiet and smooth. It covers a narrow range of pitch classes.,classical,classical/classical.00025,,classical
classical/classical.00026,A very fast instrumental excerpt at about 161 beats per minute. The timbre is very dark and very focused across the spectrum. The recording is very quiet and moderately percussive. It covers a very narrow range of pitch classes.,classical,classical/classical.00026,,classical
classical/classical.00027,A up-tempo instrumental excerpt at about 136 beats per minute. The timbre is very dark and very focused across the spectrum. The recording is very quiet and smooth. It covers a very narrow range of pitch classes.,classical,classical/classical.00027,,classical
classical/classical.00028,A very fast instrumental excerpt at about 161 beats per minute. The timbre is very dark and very focused across the spectrum. The recording is quiet and moderately percussive. It covers a very narrow range of pitch classes.,classical,classical/classical.00028,,classical
classical/classical.00029,A up-tempo instrumental excerpt at about 136 beats per minute. The timbre is dark and focused across the spectrum. The recording is very quiet and moderately percussive. It covers a very narrow range of pitch classes.,classical,classical/classical.00029,,classical
classical/classical.00030,A moderate instrumental excerpt at about 117 beats per minute. The timbre is very dark and very focused across the spectrum. The recording is very quiet and smooth. It covers a very narrow range of pitch classes.,classical,classical/classical.00030,,classical
classical/classical.00031,A moderate instrumental excerpt at about 112 beats per minute. The timbre is very dark and very focused across the spectrum. The recording is very quiet and very smooth. It covers a narrow range of pitch classes.,classical,classical/classical.00031,,classical
classical/classical.00032,A moderate instrumental excerpt at about 103 beats per minute. The timbre is very dark and very focused across the spectrum. The recording is very quiet and very smooth. It covers a narrow range of pitch classes.,classical,classical/classical.00032,,classical
classical/classical.00033,A up-tempo instrumental excerpt at about 144 beats per minute. The timbre is very dark and very focused across the spectrum. The recording is very quiet and smooth. It covers a narrow range of pitch classes.,classical,classical/classical.00033,,classical
classical/classical.00034,A moderate instrumental excerpt at about 123 beats per minute. The timbre is very dark and very focused across the spectrum. The recording is very quiet and smooth. It covers a very narrow range of pitch classes.,classical,classical/classical.00034,,classical
classical/classical.00035,A very fast instrumental excerpt at about 152 beats per minute. The timbre is very dark and very focused across the spectrum. The recording is very quiet and smooth. It covers a narrow range of pitch classes.,classical,classical/classical.00035,,classical
classical/classical.00036,A moderate instrumental excerpt at about 108 beats per minute. The timbre is very dark and focused across the spectrum. The recording is very quiet and smooth. It covers a very narrow range of pitch classes.,classical,classical/classical.00036,,classical
classical/classical.00037,A very fast instrumental excerpt at about 161 beats per minute. The timbre is dark and very focused across the spectrum. The recording is very quiet and moderately percussive. It covers a narrow range of pitch classes.,classical,classical/classical.00037,,classical
classical/classical.00038,A very fast instrumental excerpt at about 152 beats per minute. The timbre is very dark and very focused across the spectrum. The recording is very quiet and smooth. It covers a narrow range of pitch classes.,classical,classical/classical.00038,,classical
classical/classical.00039,A very fast instrumental excerpt at about 161 beats per minute. The timbre is dark and focused across the spectrum. The recording is very quiet and moderately percussive. It covers a very narrow range of pitch classes.,classical,classical/classical.00039,,classical
classical/classical.00040,A moderate instrumental excerpt at about 117 beats per minute. The timbre is very dark and focused across the spectrum. The recording is very quiet and smooth. It covers a very narrow range of pitch classes.,classical,classical/classical.00040,,classical
classical/classical.00041,A moderate instrumental excerpt at about 123 beats per minute. The timbre is very dark and very focused across the spectrum. The recording is very quiet and smooth. It covers a very narrow range of pitch classes.,classical,classical/classical.00041,,classical
classical/classical.00042,A very fast instrumental excerpt at about 199 beats per minute. The timbre is very dark and very focused across the spectrum. The recording is moderate and moderately percussive. It covers a very narrow range of pitch classes.,classical,classical/classical.00042,,classical
classical/classical.00043,A up-tempo instrumental excerpt at about 129 beats per minute. The timbre is very dark and focused across the spectrum. The recording is moderate and smooth. It covers a very narrow range of pitch classes.,classical,classical/classical.00043,,classical
classical/classical.00044,A slow instrumental excerpt at about 81 beats per minute. The timbre is very dark and very focused across the spectrum. The recording is very quiet and smooth. It covers a very narrow range of pitch classes.,classical,classical/classical.00044,,classical
classical/classical.00045,A very fast instrumental excerpt at about 185 beats per minute. The timbre is very dark and focused across the spectrum. The recording is moderate and smooth. It covers a very narrow range of pitch classes.,classical,classical/classical.00045,,classical
classical/classical.00046,A up-tempo instrumental excerpt at about 129 beats per minute. The timbre is dark and moderately spread across the spectrum. The recording is moderate and moderately percussive. It covers a narrow range of pitch classes.,classical,classical/classical.00046,,classical
classical/classical.00047,A moderate instrumental excerpt at about 123 beats per minute. The timbre is very dark and focused across the spectrum. The recording is very quiet and smooth. It covers a very narrow range of pitch classes.,classical,classical/classical.00047,,classical
classical/classical.00048,A very fast instrumental excerpt at about 172 beats per minute. The timbre is dark and focused across the spectrum. The recording is loud and moderately percussive. It covers a narrow range of pitch classes.,classical,classical/classical.00048,,classical
classical/classical.00049,A moderate instrumental excerpt at about 103 beats per minute. The timbre is balanced and moderately spread across the spectrum. The recording is moderate and moderately percussive. It covers a narrow range of pitch classes.,classical,classical/classical.00049,,classical
classical/classical.00050,A moderate instrumental excerpt at about 108 beats per minute. The timbre is very dark and focused across the spectrum. The recording is very quiet and very smooth. It covers a narrow range of pitch classes.,classical,classical/classical.00050,,classical
classical/classical.00051,A up-tempo instrumental excerpt at about 136 beats per minute. The timbre is dark and moderately spread across the spectrum. The recording is quiet and smooth. It covers a moderate range of pitch classes.,classical,classical/classical.00051,,classical
classical/classical.00052,A very fast instrumental excerpt at about 161 beats per minute. The timbre is balanced and spread across the spectrum. The recording is quiet and percussive. It covers a moderate range of pitch classes.,classical,classical/classical.00052,,classical
classical/classical.00053,A very fast instrumental excerpt at about 215 beats per minute. The timbre is dark and focused across the spectrum. The recording is moderate and moderately percussive. It covers a narrow range of pitch classes.,classical,classical/classical.00053,,classical
classical/classical.00054,A slow instrumental excerpt at about 96 beats per minute. The timbre is dark and focused across the spectrum. The recording is loud and moderately percussive. It covers a narrow range of pitch classes.,classical,classical/classical.00054,,classical
classical/classical.00055,A slow instrumental excerpt at about 78 beats per minute. The timbre is very dark and very focused across the spectrum. The recording is very quiet and smooth. It covers a very narrow range of pitch classes.,classical,classical/classical.00055,,classical
classical/classical.00056,A slow instrumental excerpt at about 96 beats per minute. The timbre is dark and focused across the spectrum. The recording is loud and moderately percussive. It covers a narrow range of pitch classes.,classical,classical/classical.00056,,classical
classical/classical.00057,A moderate instrumental excerpt at about 108 beats per minute. The timbre is dark and focused across the spectrum. The recording is very quiet and moderately percussive. It covers a very narrow range of pitch classes.,classical,classical/classical.00057,,classical
classical/classical.00058,A up-tempo instrumental excerpt at about 144 beats per minute. The timbre is very dark and very focused across the spectrum. The recording is very quiet and moderately percussive. It covers a very narrow range of pitch classes.,classical,classical/classical.00058,,classical
classical/classical.00059,A moderate instrumental excerpt at about 117 beats per minute. The timbre is dark and focused across the spectrum. The recording is quiet and moderately percussive. It covers a narrow range of pitch classes.,classical,classical/classical.00059,,classical
classical/classical.00060,A moderate instrumental excerpt at about 123 beats per minute. The timbre is dark and focused across the spectrum. The recording is quiet and moderately percussive. It covers a narrow range of pitch classes.,classical,classical/classical.00060,,classical
classical/classical.00061,A very fast instrumental excerpt at about 152 beats per minute. The timbre is very dark and focused across the spectrum. The recording is very quiet and smooth. It covers a narrow range of pitch classes.,classical,classical/classical.00061,,classical
classical/classical.00062,A slow instrumental excerpt at about 89 beats per minute. The timbre is dark and focused across the spectrum. The recording is very quiet and smooth. It covers a narrow range of pitch classes.,classical,classical/classical.00062,,classical
classical/classical.00063,A slow instrumental excerpt at about 96 beats per minute. The timbre is very dark and very focused across the spectrum. The recording is very quiet and very smooth. It covers a very narrow range of pitch classes.,classical,classical/classical.00063,,classical
classical/classical.00064,A slow instrumental excerpt at about 89 beats per minute. The timbre is very dark and focused across the spectrum. The recording is very quiet and very smooth. It covers a very narrow range of pitch classes.,classical,classical/classical.00064,,classical
classical/classical.00065,A moderate instrumental excerpt at about 123 beats per minute. The timbre is very dark and very focused across the spectrum. The recording is very quiet and very smooth. It covers a very narrow range of pitch classes.,classical,classical/classical.00065,,classical
classical/classical.00066,A up-tempo instrumental excerpt at about 136 beats per minute. The timbre is very dark and very focused across the spectrum. The recording is very quiet and very smooth. It covers a very narrow range of pitch classes.,classical,classical/classical.00066,,classical
classical/classical.00067,A up-tempo instrumental excerpt at about 144 beats per minute. The timbre is very dark and focused across the spectrum. The recording is very quiet and very smooth. It covers a very narrow range of pitch classes.,classical,classical/classical.00067,,classical
classical/classical.00068,A slow instrumental excerpt at about 83 beats per minute. The timbre is dark and focused across the spectrum. The recording is quiet and moderately percussive. It covers a very narrow range of pitch classes.,classical,classical/classical.00068,,classical
classical/classical.00069,A very slow instrumental excerpt at about 70 beats per minute. The timbre is very dark and focused across the spectrum. The recording is very quiet and smooth. It covers a very narrow range of pitch classes.,classical,classical/classical.00069,,classical
classical/classical.00070,A very fast instrumental excerpt at about 161 beats per minute. The timbre is very dark and focused across the spectrum. The recording is very quiet and smooth. It covers a very narrow range of pitch classes.,classical,classical/classical.00070,,classical
classical/classical.00071,A up-tempo instrumental excerpt at about 144 beats per minute. The timbre is very dark and focused across the spectrum. The recording is quiet and smooth. It covers a very narrow range of pitch classes.,classical,classical/classical.00071,,classical
classical/classical.00072,A moderate instrumental excerpt at about 117 beats per minute. The timbre is very dark and focused across the spectrum. The recording is very quiet and smooth. It covers a very narrow range of pitch classes.,classical,classical/classical.00072,,classical
classical/classical.00073,A up-tempo instrumental excerpt at about 129 beats per minute. The timbre is very dark and very focused across the spectrum. The recording is very quiet and smooth. It covers a very narrow range of pitch classes.,classical,classical/classical.00073,,classical
classical/classical.00074,A very fast instrumental excerpt at about 161 beats per minute. The timbre is very dark and focused across the spectrum. The recording is very quiet and smooth. It covers a very narrow range of pitch classes.,classical,classical/classical.00074,,classical
classical/classical.00075,A moderate instrumental excerpt at about 117 beats per minute. The timbre is very dark and very focused across the spectrum. The recording is very quiet and smooth. It covers a very narrow range of pitch classes.,classical,classical/classical.00075,,classical
classical/classical.00076,A very fast instrumental excerpt at about 172 beats per minute. The timbre is very dark and focused across the spectrum. The recording is quiet and smooth. It covers a very narrow range of pitch classes.,classical,classical/classical.00076,,classical
classical/classical.00077,A very fast instrumental excerpt at about 161 beats per minute. The timbre is very dark and very focused across the spectrum. The recording is very quiet and very smooth. It covers a very narrow range of pitch classes.,classical,classical/classical.00077,,classical
classical/classical.00078,A very slow instrumental excerpt at about 68 beats per minute. The timbre is very dark and very focused across the spectrum. The recording is very quiet and very smooth. It covers a very narrow range of pitch classes.,classical,classical/classical.00078,,classical
classical/classical.00079,A up-tempo instrumental excerpt at about 144 beats per minute. The timbre is very dark and very focused across the spectrum. The recording is very quiet and smooth. It covers a very narrow range of pitch classes.,classical,classical/classical.00079,,classical
classical/classical.00080,A up-tempo instrumental excerpt at about 144 beats per minute. The timbre is very dark and focused across the spectrum. The recording is very quiet and very smooth. It covers a wide range of pitch classes.,classical,classical/classical.00080,,classical
classical/classical.00081,A very fast instrumental excerpt at about 152 beats per minute. The timbre is very dark and focused across the spectrum. The recording is very quiet and smooth. It covers a very narrow range of pitch classes.,classical,classical/classical.00081,,classical
classical/classical.00082,A moderate instrumental excerpt at about 117 beats per minute. The timbre is dark and very focused across the spectrum. The recording is very quiet and moderately percussive. It covers a narrow range of pitch classes.,classical,classical/classical.00082,,classical
classical/classical.00083,A moderate instrumental excerpt at about 117 beats per minute. The timbre is very dark and very focused across the spectrum. The recording is very quiet and smooth. It covers a very narrow range of pitch classes.,classical,classical/classical.00083,,classical
classical/classical.00084,A moderate instrumental excerpt at about 112 beats per minute. The timbre is very dark and very focused across the spectrum. The recording is very quiet and smooth. It covers a very narrow range of pitch classes.,classical,classical/classical.00084,,classical
classical/classical.00085,A moderate instrumental excerpt at about 108 beats per minute. The timbre is dark and focused across the spectrum. The recording is very quiet and moderately percussive. It covers a narrow range of pitch classes.,classical,classical/classical.00085,,classical
classical/classical.00086,A slow instrumental excerpt at about 99 beats per minute. The timbre is very dark and very focused across the spectrum. The recording is very quiet and smooth. It covers a narrow range of pitch classes.,classical,classical/classical.00086,,classical
classical/classical.00087,A moderate instrumental excerpt at about 123 beats per minute. The timbre is very dark and very focused across the spectrum. The recording is very quiet and smooth. It covers a very narrow range of pitch classes.,classical,classical/classical.00087,,classical
classical/classical.00088,A moderate instrumental excerpt at about 103 beats per minute. The timbre is very dark and very focused across the spectrum. The recording is very quiet and smooth. It covers a narrow range of pitch classes.,classical,classical/classical.00088,,classical
classical/classical.00089,A slow instrumental excerpt at about 99 beats per minute. The timbre is balanced and focused across the spectrum. The recording is very quiet and percussive. It covers a very narrow range of pitch classes.,classical,classical/classical.00089,,classical
classical/classical.00090,A slow instrumental excerpt at about 96 beats per minute. The timbre is balanced and focused across the spectrum. The recording is very quiet and percussive. It covers a very narrow range of pitch classes.,classical,classical/classical.00090,,classical
classical/classical.00091,A slow instrumental excerpt at about 92 beats per minute. The timbre is balanced and focused across the spectrum. The recording is very quiet and percussive. It covers a very narrow range of pitch classes.,classical,classical/classical.00091,,classical
classical/classical.00092,A slow instrumental excerpt at about 96 beats per minute. The timbre is dark and very focused across the spectrum. The recording is quiet and percussive. It covers a very narrow range of pitch classes.,classical,classical/classical.00092,,classical
classical/classical.00093,A up-tempo instrumental excerpt at about 136 beats per minute. The timbre is dark and focused across the spectrum. The recording is quiet and moderately percussive. It covers a very narrow range of pitch classes.,classical,classical/classical.00093,,classical
classical/classical.00094,A very fast instrumental excerpt at about 185 beats per minute. The timbre is dark and focused across the spectrum. The recording is very quiet and smooth. It covers a moderate range of pitch classes.,classical,classical/classical.00094,,classical
classical/classical.00095,A slow instrumental excerpt at about 86 beats per minute. The timbre is dark and focused across the spectrum. The recording is very quiet and percussive. It covers a very narrow range of pitch classes.,classical,classical/classical.00095,,classical
classical/classical.00096,A up-tempo instrumental excerpt at about 136 beats per minute. The timbre is balanced and focused across the spectrum. The recording is quiet and moderately percussive. It covers a narrow range of pitch classes.,classical,classical/classical.00096,,classical
classical/classical.00097,A moderate instrumental excerpt at about 103 beats per minute. The timbre is dark and focused across the spectrum. The recording is very quiet and moderately percussive. It covers a very narrow range of pitch classes.,classical,classical/classical.00097,,classical
classical/classical.00098,A very fast instrumental excerpt at about 185 beats per minute. The timbre is balanced and focused across the spectrum. The recording is very quiet and percussive. It covers a narrow range of pitch classes.,classical,classical/classical.00098,,classical
classical/classical.00099,A slow instrumental excerpt at about 96 beats per minute. The timbre is dark and focused across the spectrum. The recording is very quiet and moderately percussive. It covers a narrow range of pitch classes.,classical,classical/classical.00099,,classical
country/country.00000,A slow instrumental excerpt at about 86 beats per minute. The timbre is bright and spread across the spectrum. The recording is very loud and moderately percussive. It covers a moderate range of pitch classes.,country,country/country.00000,,country
country/country.00001,A up-tempo instrumental excerpt at about 129 beats per minute. The timbre is bright and spread across the spectrum. The recording is very loud and percussive. It covers a moderate range of pitch classes.,country,country/country.00001,,country
country/country.00002,A slow instrumental excerpt at about 83 beats per minute. The timbre is balanced and spread across the spectrum. The recording is moderate and smooth. It covers a narrow range of pitch classes.,country,country/country.00002,,country
country/country.00003,A very fast instrumental excerpt at about 161 beats per minute. The timbre is balanced and moderately spread across the spectrum. The recording is loud and moderately percussive. It covers a moderate range of pitch classes.,country,country/country.00003,,country
country/country.00004,A moderate instrumental excerpt at about 117 beats per minute. The timbre is bright and spread across the spectrum. The recording is loud and percussive. It covers a moderate range of pitch classes.,country,country/country.00004,,country
country/country.00005,A up-tempo instrumental excerpt at about 129 beats per minute. The timbre is bright and spread across the spectrum. The recording is loud and percussive. It covers a moderate range of pitch classes.,country,country/country.00005,,country
country/country.00006,A moderate instrumental excerpt at about 112 beats per minute. The timbre is bright and spread across the spectrum. The recording is loud and percussive. It covers a wide range of pitch classes.,country,country/country.00006,,country
country/country.00007,A moderate instrumental excerpt at about 103 beats per minute. The timbre is bright and spread across the spectrum. The recording is very loud and moderately percussive. It covers a wide range of pitch classes.,country,country/country.00007,,country
country/country.00008,A very slow instrumental excerpt at about 66 beats per minute. The timbre is bright and spread across the spectrum. The recording is very loud and moderately percussive. It covers a moderate range of pitch classes.,country,country/country.00008,,country
country/country.00009,A slow instrumental excerpt at about 96 beats per minute. The timbre is very bright and very spread across the spectrum. The recording is very loud and percussive. It covers a wide range of pitch classes.,country,country/country.00009,,country
country/country.00010,A slow instrumental excerpt at about 81 beats per minute. The timbre is dark and moderately spread across the spectrum. The recording is quiet and smooth. It covers a narrow range of pitch classes.,country,country/country.00010,,country
country/country.00011,A moderate instrumental excerpt at about 112 beats per minute. The timbre is bright and spread across the spectrum. The recording is quiet and moderately percussive. It covers a narrow range of pitch classes.,country,country/country.00011,,country
country/country.00012,A slow instrumental excerpt at about 89 beats per minute. The timbre is dark and moderately spread across the spectrum. The recording is moderate and smooth. It covers a narrow range of pitch classes.,country,country/country.00012,,country
country/country.00013,A up-tempo instrumental excerpt at about 129 beats per minute. The timbre is bright and spread across the spectrum. The recording is quiet and percussive. It covers a moderate range of pitch classes.,country,country/country.00013,,country
country/country.00014,A up-tempo instrumental excerpt at about 136 beats per minute. The timbre is bright and very spread across the spectrum. The recording is moderate and percussive. It covers a moderate range of pitch classes.,country,country/country.00014,,country
country/country.00015,A very fast instrumental excerpt at about 152 beats per minute. The timbre is balanced and moderately spread across the spectrum. The recording is moderate and moderately percussive. It covers a moderate range of pitch classes.,country,country/country.00015,,country
country/country.00016,A moderate instrumental excerpt at about 108 beats per minute. The timbre is dark and focused across the spectrum. The recording is quiet and smooth. It covers a narrow range of pitch classes.,country,country/country.00016,,country
country/country.00017,A slow instrumental excerpt at about 89 beats per minute. The timbre is dark and moderately spread across the spectrum. The recording is quiet and smooth. It covers a moderate range of pitch classes.,country,country/country.00017,,country
country/country.00018,A slow instrumental excerpt at about 86 beats per minute. The timbre is balanced and moderately spread across the spectrum. The recording is moderate and moderately percussive. It covers a moderate range of pitch classes.,country,country/country.00018,,country
country/country.00019,A slow instrumental excerpt at about 83 beats per minute. The timbre is very dark and very focused across the spectrum. The recording is quiet and smooth. It covers a narrow range of pitch classes.,country,country/country.00019,,country
country/country.00020,A moderate instrumental excerpt at about 103 beats per minute. The timbre is balanced and spread across the spectrum. The recording is moderate and moderately percussive. It covers a moderate range of pitch classes.,country,country/country.00020,,country
country/country.00021,A moderate instrumental excerpt at about 108 beats per minute. The timbre is very dark and very focused across the spectrum. The recording is moderate and very smooth. It covers a narrow range of pitch classes.,country,country/country.00021,,country
country/country.00022,A very fast instrumental excerpt at about 185 beats per minute. The timbre is dark and moderately spread across the spectrum. The recording is quiet and smooth. It covers a narrow range of pitch classes.,country,country/country.00022,,country
country/country.00023,A slow instrumental excerpt at about 83 beats per minute. The timbre is dark and moderately spread across the spectrum. The recording is very quiet and very smooth. It covers a narrow range of pitch classes.,country,country/country.00023,,country
country/country.00024,A up-tempo instrumental excerpt at about 129 beats per minute. The timbre is dark and focused across the spectrum. The recording is moderate and moderately percussive. It covers a very narrow range of pitch classes.,country,country/country.00024,,country
country/country.00025,A very slow instrumental excerpt at about 74 beats per minute. The timbre is dark and moderately spread across the spectrum. The recording is quiet and smooth. It covers a narrow range of pitch classes.,country,country/country.00025,,country
country/country.00026,A moderate instrumental excerpt at about 108 beats per minute. The timbre is very dark and focused across the spectrum. The recording is moderate and smooth. It covers a narrow range of pitch classes.,country,country/country.00026,,country
country/country.00027,A slow instrumental excerpt at about 92 beats per minute. The timbre is balanced and moderately spread across the spectrum. The recording is moderate and moderately percussive. It covers a moderate range of pitch classes.,country,country/country.00027,,country
country/country.00028,A slow instrumental excerpt at about 89 beats per minute. The timbre is dark and focused across the spectrum. The recording is moderate and smooth. It covers a narrow range of pitch classes.,country,country/country.00028,,country
country/country.00029,A slow instrumental excerpt at about 89 beats per minute. The timbre is very dark and focused across the spectrum. The recording is moderate and smooth. It covers a narrow range of pitch classes.,country,country/country.00029,,country
country/country.00030,A very fast instrumental excerpt at about 161 beats per minute. The timbre is very dark and moderately spread across the spectrum. The recording is quiet and very smooth. It covers a very narrow range of pitch classes.,country,country/country.00030,,country
country/country.00031,A moderate instrumental excerpt at about 112 beats per minute. The timbre is balanced and moderately spread across the spectrum. The recording is moderate and moderately percussive. It covers a narrow range of pitch classes.,country,country/country.00031,,country
country/country.00032,A slow instrumental excerpt at about 99 beats per minute. The timbre is dark and moderately spread across the spectrum. The recording is quiet and smooth. It covers a narrow range of pitch classes.,country,country/country.00032,,country
country/country.00033,A slow instrumental excerpt at about 92 beats per minute. The timbre is balanced and moderately spread across the spectrum. The recording is moderate and percussive. It covers a narrow range of pitch classes.,country,country/country.00033,,country
country/country.00034,A up-tempo instrumental excerpt at about 136 beats per minute. The timbre is bright and spread across the spectrum. The recording is quiet and moderately percussive. It covers a moderate range of pitch classes.,country,country/country.00034,,country
country/country.00035,A slow instrumental excerpt at about 99 beats per minute. The timbre is balanced and spread across the spectrum. The recording is moderate and moderately percussive. It covers a moderate range of pitch classes.,country,country/country.00035,,country
country/country.00036,A moderate instrumental excerpt at about 112 beats per minute. The timbre is dark and moderately spread across the spectrum. The recording is very quiet and moderately percussive. It covers a narrow range of pitch classes.,country,country/country.00036,,country
country/country.00037,A slow instrumental excerpt at about 99 beats per minute. The timbre is balanced and spread across the spectrum. The recording is quiet and moderately percussive. It covers a moderate range of pitch classes.,country,country/country.00037,,country
country/country.00038,A very fast instrumental excerpt at about 152 beats per minute. The timbre is bright and very spread across the spectrum. The recording is moderate and percussive. It covers a moderate range of pitch classes.,country,country/country.00038,,country
country/country.00039,A moderate instrumental excerpt at about 123 beats per minute. The timbre is very bright and very spread across the spectrum. The recording is moderate and very percussive. It covers a wide range of pitch classes.,country,country/country.00039,,country
country/country.00040,A up-tempo instrumental excerpt at about 144 beats per minute. The timbre is balanced and spread across the spectrum. The recording is moderate and moderately percussive. It covers a moderate range of pitch classes.,country,country/country.00040,,country
country/country.00041,A up-tempo instrumental excerpt at about 129 beats per minute. The timbre is bright and spread across the spectrum. The recording is moderate and moderately percussive. It covers a moderate range of pitch classes.,country,country/country.00041,,country
country/country.00042,A moderate instrumental excerpt at about 103 beats per minute. The timbre is balanced and spread across the spectrum. The recording is moderate and moderately percussive. It covers a moderate range of pitch classes.,country,country/country.00042,,country
country/country.00043,A up-tempo instrumental excerpt at about 136 beats per minute. The timbre is bright and spread across the spectrum. The recording is moderate and percussive. It covers a moderate range of pitch classes.,country,country/country.00043,,country
country/country.00044,A slow instrumental excerpt at about 78 beats per minute. The timbre is dark and moderately spread across the spectrum. The recording is moderate and smooth. It covers a moderate range of pitch classes.,country,country/country.00044,,country
country/country.00045,A slow instrumental excerpt at about 78 beats per minute. The timbre is bright and spread across the spectrum. The recording is moderate and percussive. It covers a narrow range of pitch classes.,country,country/country.00045,,country
country/country.00046,A slow instrumental excerpt at about 78 beats per minute. The timbre is balanced and focused across the spectrum. The recording is moderate and moderately percussive. It covers a moderate range of pitch classes.,country,country/country.00046,,country
country/country.00047,A very fast instrumental excerpt at about 152 beats per minute. The timbre is dark and focused across the spectrum. The recording is moderate and moderately percussive. It covers a narrow range of pitch classes.,country,country/country.00047,,country
country/country.00048,A moderate instrumental excerpt at about 117 beats per minute. The timbre is balanced and spread across the spectrum. The recording is moderate and smooth. It covers a narrow range of pitch classes.,country,country/country.00048,,country
country/country.00049,A moderate instrumental excerpt at about 112 beats per minute. The timbre is dark and focused across the spectrum. The recording is moderate and smooth. It covers a narrow range of pitch classes.,country,country/country.00049,,country
country/country.00050,A moderate instrumental excerpt at about 117 beats per minute. The timbre is dark and moderately spread across the spectrum. The recording is moderate and smooth. It covers a moderate range of pitch classes.,country,country/country.00050,,country
country/country.00051,A very slow instrumental excerpt at about 65 beats per minute. The timbre is dark and focused across the spectrum. The recording is moderate and smooth. It covers a very narrow range of pitch classes.,country,country/country.00051,,country
country/country.00052,A very slow instrumental excerpt at about 72 beats per minute. The timbre is very dark and focused across the spectrum. The recording is quiet and very smooth. It covers a narrow range of pitch classes.,country,country/country.00052,,country
country/country.00053,A slow instrumental excerpt at about 89 beats per minute. The timbre is balanced and moderately spread across the spectrum. The recording is moderate and moderately percussive. It covers a moderate range of pitch classes.,country,country/country.00053,,country
country/country.00054,A very slow instrumental excerpt at about 76 beats per minute. The timbre is dark and moderately spread across the spectrum. The recording is moderate and smooth. It covers a narrow range of pitch classes.,country,country/country.00054,,country
country/country.00055,A up-tempo instrumental excerpt at about 129 beats per minute. The timbre is dark and moderately spread across the spectrum. The recording is loud and moderately percussive. It covers a moderate range of pitch classes.,country,country/country.00055,,country
country/country.00056,A slow instrumental excerpt at about 81 beats per minute. The timbre is dark and moderately spread across the spectrum. The recording is moderate and smooth. It covers a narrow range of pitch classes.,country,country/country.00056,,country
country/country.00057,A very slow instrumental excerpt at about 68 beats per minute. The timbre is dark and moderately spread across the spectrum. The recording is moderate and smooth. It covers a narrow range of pitch classes.,country,country/country.00057,,country
country/country.00058,A moderate instrumental excerpt at about 112 beats per minute. The timbre is dark and moderately spread across the spectrum. The recording is loud and smooth. It covers a narrow range of pitch classes.,country,country/country.00058,,country
country/country.00059,A up-tempo instrumental excerpt at about 136 beats per minute. The timbre is dark and moderately spread across the spectrum. The recording is moderate and smooth. It covers a narrow range of pitch classes.,country,country/country.00059,,country
country/country.00060,A very slow instrumental excerpt at about 70 beats per minute. The timbre is very dark and focused across the spectrum. The recording is moderate and very smooth. It covers a narrow range of pitch classes.,country,country/country.00060,,country
country/country.00061,A very slow instrumental excerpt at about 60 beats per minute. The timbre is very dark and focused across the spectrum. The recording is moderate and very smooth. It covers a narrow range of pitch classes.,country,country/country.00061,,country
country/country.00062,A very fast instrumental excerpt at about 172 beats per minute. The timbre is balanced and moderately spread across the spectrum. The recording is moderate and moderately percussive. It covers a moderate range of pitch classes.,country,country/country.00062,,country
country/country.00063,A slow instrumental excerpt at about 83 beats per minute. The timbre is dark and moderately spread across the spectrum. The recording is moderate and smooth. It covers a narrow range of pitch classes.,country,country/country.00063,,country
country/country.00064,A very slow instrumental excerpt at about 66 beats per minute. The timbre is dark and focused across the spectrum. The recording is quiet and smooth. It covers a very narrow range of pitch classes.,country,country/country.00064,,country
country/country.00065,A moderate instrumental excerpt at about 123 beats per minute. The timbre is very dark and very focused across the spectrum. The recording is moderate and very smooth. It covers a narrow range of pitch classes.,country,country/country.00065,,country
country/country.00066,A moderate instrumental excerpt at about 112 beats per minute. The timbre is dark and focused across the spectrum. The recording is moderate and moderately percussive. It covers a narrow range of pitch classes.,country,country/country.00066,,country
country/country.00067,A very slow instrumental excerpt at about 65 beats per minute. The timbre is very dark and very focused across the spectrum. The recording is quiet and very smooth. It covers a narrow range of pitch classes.,country,country/country.00067,,country
country/country.00068,A very fast instrumental excerpt at about 172 beats per minute. The timbre is very dark and very focused across the spectrum. The recording is quiet and smooth. It covers a narrow range of pitch classes.,country,country/country.00068,,country
country/country.00069,A moderate instrumental excerpt at about 112 beats per minute. The timbre is very dark and focused across the spectrum. The recording is quiet and smooth. It covers a moderate range of pitch classes.,country,country/country.00069,,country
country/country.00070,A moderate instrumental excerpt at about 112 beats per minute. The timbre is balanced and moderately spread across the spectrum. The recording is moderate and moderately percussive. It covers a moderate range of pitch classes.,country,country/country.00070,,country
country/country.00071,A up-tempo instrumental excerpt at about 144 beats per minute. The timbre is very dark and very focused across the spectrum. The recording is moderate and smooth. It covers a narrow range of pitch classes.,country,country/country.00071,,country
country/country.00072,A very fast instrumental excerpt at about 152 beats per minute. The timbre is dark and focused across the spectrum. The recording is loud and moderately percussive. It covers a narrow range of pitch classes.,country,country/country.00072,,country
country/country.00073,A very fast instrumental excerpt at about 152 beats per minute. The timbre is dark and focused across the spectrum. The recording is moderate and smooth. It covers a moderate range of pitch classes.,country,country/country.00073,,country
country/country.00074,A up-tempo instrumental excerpt at about 136 beats per minute. The timbre is dark and focused across the spectrum. The recording is quiet and smooth. It covers a moderate range of pitch classes.,country,country/country.00074,,country
country/country.00075,A slow instrumental excerpt at about 96 beats per minute. The timbre is balanced and moderately spread across the spectrum. The recording is loud and moderately percussive. It covers a moderate range of pitch classes.,country,country/country.00075,,country
country/country.00076,A up-tempo instrumental excerpt at about 144 beats per minute. The timbre is very dark and very focused across the spectrum. The recording is moderate and smooth. It covers a narrow range of pitch classes.,country,country/country.00076,,country
country/country.00077,A very fast instrumental excerpt at about 185 beats per minute. The timbre is dark and focused across the spectrum. The recording is moderate and moderately percussive. It covers a narrow range of pitch classes.,country,country/country.00077,,country
country/country.00078,A very slow instrumental excerpt at about 66 beats per minute. The timbre is very dark and very focused across the spectrum. The recording is very quiet and very smooth. It covers a moderate range of pitch classes.,country,country/country.00078,,country
country/country.00079,A slow instrumental excerpt at about 81 beats per minute. The timbre is very dark and very focused across the spectrum. The recording is moderate and very smooth. It covers a narrow range of pitch classes.,country,country/country.00079,,country
country/country.00080,A slow instrumental excerpt at about 99 beats per minute. The timbre is balanced and moderately spread across the spectrum. The recording is loud and moderately percussive. It covers a moderate range of pitch classes.,country,country/country.00080,,country
country/country.00081,A slow instrumental excerpt at about 89 beats per minute. The timbre is balanced and moderately spread across the spectrum. The recording is loud and moderately percussive. It covers a moderate range of pitch classes.,country,country/country.00081,,country
country/country.00082,A moderate instrumental excerpt at about 117 beats per minute. The timbre is balanced and moderately spread across the spectrum. The recording is loud and moderately percussive. It covers a moderate range of pitch classes.,country,country/country.00082,,country
country/country.00083,A up-tempo instrumental excerpt at about 144 beats per minute. The timbre is dark and focused across the spectrum. The recording is moderate and smooth. It covers a narrow range of pitch classes.,country,country/country.00083,,country
country/country.00084,A slow instrumental excerpt at about 86 beats per minute. The timbre is balanced and moderately spread across the spectrum. The recording is loud and moderately percussive. It covers a narrow range of pitch classes.,country,country/country.00084,,country
country/country.00085,A very slow instrumental excerpt at about 74 beats per minute. The timbre is dark and focused across the spectrum. The recording is moderate and smooth. It covers a narrow range of pitch classes.,country,country/country.00085,,country
country/country.00086,A moderate instrumental excerpt at about 117 beats per minute. The timbre is dark and moderately spread across the spectrum. The recording is moderate and smooth. It covers a moderate range of pitch classes.,country,country/country.00086,,country
country/country.00087,A up-tempo instrumental excerpt at about 144 beats per minute. The timbre is dark and focused across the spectrum. The recording is moderate and smooth. It covers a narrow range of pitch classes.,country,country/country.00087,,country
country/country.00088,A moderate instrumental excerpt at about 103 beats per minute. The timbre is dark and moderately spread across the spectrum. The recording is loud and smooth. It covers a moderate range of pitch classes.,country,country/country.00088,,country
country/country.00089,A up-tempo instrumental excerpt at about 144 beats per minute. The timbre is very dark and focused across the spectrum. The recording is moderate and smooth. It covers a narrow range of pitch classes.,country,country/country.00089,,country
country/country.00090,A up-tempo instrumental excerpt at about 136 beats per minute. The timbre is balanced and moderately spread across the spectrum. The recording is moderate and moderately percussive. It covers a moderate range of pitch classes.,country,country/country.00090,,country
country/country.00091,A moderate instrumental excerpt at about 117 beats per minute. The timbre is dark and focused across the spectrum. The recording is quiet and smooth. It covers a moderate range of pitch classes.,country,country/country.00091,,country
country/country.00092,A very fast instrumental excerpt at about 161 beats per minute. The timbre is balanced and moderately spread across the spectrum. The recording is loud and percussive. It covers a moderate range of pitch classes.,country,country/country.00092,,country
country/country.00093,A slow instrumental excerpt at about 86 beats per minute. The timbre is dark and focused across the spectrum. The recording is moderate and smooth. It covers a very narrow range of pitch classes.,country,country/country.00093,,country
country/country.00094,A moderate instrumental excerpt at about 112 beats per minute. The timbre is dark and focused across the spectrum. The recording is loud and smooth. It covers a moderate range of pitch classes.,country,country/country.00094,,country
country/country.00095,A slow instrumental excerpt at about 89 beats per minute. The timbre is dark and focused across the spectrum. The recording is loud and smooth. It covers a narrow range of pitch classes.,country,country/country.00095,,country
country/country.00096,A moderate instrumental excerpt at about 117 beats per minute. The timbre is dark and focused across the spectrum. The recording is loud and moderately percussive. It covers a narrow range of pitch classes.,country,country/country.00096,,country
country/country.00097,A moderate instrumental excerpt at about 112 beats per minute. The timbre is dark and focused across the spectrum. The recording is loud and smooth. It covers a narrow range of pitch classes.,country,country/country.00097,,country
country/country.00098,A moderate instrumental excerpt at about 117 beats per minute. The timbre is dark and focused across the spectrum. The recording is loud and smooth. It covers a very narrow range of pitch classes.,country,country/country.00098,,country
country/country.00099,A up-tempo instrumental excerpt at about 144 beats per minute. The timbre is balanced and moderately spread across the spectrum. The recording is very loud and moderately percussive. It covers a moderate range of pitch classes.,country,country/country.00099,,country
disco/disco.00000,A moderate instrumental excerpt at about 117 beats per minute. The timbre is balanced and spread across the spectrum. The recording is moderate and moderately percussive. It covers a wide range of pitch classes.,disco,disco/disco.00000,,disco
disco/disco.00001,A moderate instrumental excerpt at about 117 beats per minute. The timbre is very bright and spread across the spectrum. The recording is loud and very percussive. It covers a moderate range of pitch classes.,disco,disco/disco.00001,,disco
disco/disco.00002,A slow instrumental excerpt at about 92 beats per minute. The timbre is very bright and very spread across the spectrum. The recording is loud and percussive. It covers a moderate range of pitch classes.,disco,disco/disco.00002,,disco
disco/disco.00003,A up-tempo instrumental excerpt at about 129 beats per minute. The timbre is bright and spread across the spectrum. The recording is loud and percussive. It covers a wide range of pitch classes.,disco,disco/disco.00003,,disco
disco/disco.00004,A moderate instrumental excerpt at about 123 beats per minute. The timbre is very bright and very spread across the spectrum. The recording is moderate and percussive. It covers a moderate range of pitch classes.,disco,disco/disco.00004,,disco
disco/disco.00005,A moderate instrumental excerpt at about 108 beats per minute. The timbre is bright and spread across the spectrum. The recording is loud and percussive. It covers a wide range of pitch classes.,disco,disco/disco.00005,,disco
disco/disco.00006,A moderate instrumental excerpt at about 123 beats per minute. The timbre is bright and spread across the spectrum. The recording is loud and percussive. It covers a wide range of pitch classes.,disco,disco/disco.00006,,disco
disco/disco.00007,A up-tempo instrumental excerpt at about 129 beats per minute. The timbre is bright and spread across the spectrum. The recording is loud and percussive. It covers a wide range of pitch classes.,disco,disco/disco.00007,,disco
disco/disco.00008,A moderate instrumental excerpt at about 123 beats per minute. The timbre is bright and spread across the spectrum. The recording is loud and percussive. It covers a wide range of pitch classes.,disco,disco/disco.00008,,disco
disco/disco.00009,A up-tempo instrumental excerpt at about 129 beats per minute. The timbre is bright and spread across the spectrum. The recording is moderate and very percussive. It covers a wide range of pitch classes.,disco,disco/disco.00009,,disco
disco/disco.00010,A moderate instrumental excerpt at about 108 beats per minute. The timbre is bright and spread across the spectrum. The recording is very loud and percussive. It covers a wide range of pitch classes.,disco,disco/disco.00010,,disco
disco/disco.00011,A slow instrumental excerpt at about 96 beats per minute. The timbre is very bright and very spread across the spectrum. The recording is loud and percussive. It covers a moderate range of pitch classes.,disco,disco/disco.00011,,disco
disco/disco.00012,A moderate instrumental excerpt at about 112 beats per minute. The timbre is bright and spread across the spectrum. The recording is loud and percussive. It covers a wide range of pitch classes.,disco,disco/disco.00012,,disco
disco/disco.00013,A very fast instrumental excerpt at about 185 beats per minute. The timbre is very bright and very spread across the spectrum. The recording is loud and percussive. It covers a wide range of pitch classes.,disco,disco/disco.00013,,disco
disco/disco.00014,A moderate instrumental excerpt at about 103 beats per minute. The timbre is bright and spread across the spectrum. The recording is loud and percussive. It covers a wide range of pitch classes.,disco,disco/disco.00014,,disco
disco/disco.00015,A moderate instrumental excerpt at about 123 beats per minute. The timbre is balanced and spread across the spectrum. The recording is loud and moderately percussive. It covers a moderate range of pitch classes.,disco,disco/disco.00015,,disco
disco/disco.00016,A moderate instrumental excerpt at about 123 beats per minute. The timbre is bright and spread across the spectrum. The recording is loud and moderately percussive. It covers a wide range of pitch classes.,disco,disco/disco.00016,,disco
disco/disco.00017,A moderate instrumental excerpt at about 123 beats per minute. The timbre is bright and spread across the spectrum. The recording is moderate and percussive. It covers a moderate range of pitch classes.,disco,disco/disco.00017,,disco
disco/disco.00018,A moderate instrumental excerpt at about 123 beats per minute. The timbre is bright and very spread across the spectrum. The recording is moderate and percussive. It covers a moderate range of pitch classes.,disco,disco/disco.00018,,disco
disco/disco.00019,A moderate instrumental excerpt at about 117 beats per minute. The timbre is balanced and moderately spread across the spectrum. The recording is moderate and moderately percussive. It covers a wide range of pitch classes.,disco,disco/disco.00019,,disco
disco/disco.00020,A very fast instrumental excerpt at about 161 beats per minute. The timbre is balanced and moderately spread across the spectrum. The recording is moderate and moderately percussive. It covers a narrow range of pitch classes.,disco,disco/disco.00020,,disco
disco/disco.00021,A moderate instrumental excerpt at about 108 beats per minute. The timbre is very bright and very spread across the spectrum. The recording is moderate and percussive. It covers a moderate range of pitch classes.,disco,disco/disco.00021,,disco
disco/disco.00022,A moderate instrumental excerpt at about 123 beats per minute. The timbre is very bright and very spread across the spectrum. The recording is moderate and very percussive. It covers a wide range of pitch classes.,disco,disco/disco.00022,,disco
disco/disco.00023,A moderate instrumental excerpt at about 112 beats per minute. The timbre is very bright and very spread across the spectrum. The recording is loud and percussive. It covers a wide range of pitch classes.,disco,disco/disco.00023,,disco
disco/disco.00024,A up-tempo instrumental excerpt at about 129 beats per minute. The timbre is bright and spread across the spectrum. The recording is moderate and percussive. It covers a moderate range of pitch classes.,disco,disco/disco.00024,,disco
disco/disco.00025,A moderate instrumental excerpt at about 123 beats per minute. The timbre is balanced and spread across the spectrum. The recording is moderate and moderately percussive. It covers a moderate range of pitch classes.,disco,disco/disco.00025,,disco
disco/disco.00026,A moderate instrumental excerpt at about 117 beats per minute. The timbre is bright and very spread across the spectrum. The recording is moderate and percussive. It covers a moderate range of pitch classes.,disco,disco/disco.00026,,disco
disco/disco.00027,A moderate instrumental excerpt at about 112 beats per minute. The timbre is bright and very spread across the spectrum. The recording is moderate and moderately percussive. It covers a wide range of pitch classes.,disco,disco/disco.00027,,disco
disco/disco.00028,A moderate instrumental excerpt at about 123 beats per minute. The timbre is very bright and very spread across the spectrum. The recording is loud and very percussive. It covers a wide range of pitch classes.,disco,disco/disco.00028,,disco
disco/disco.00029,A moderate instrumental excerpt at about 103 beats per minute. The timbre is bright and very spread across the spectrum. The recording is moderate and percussive. It covers a moderate range of pitch classes.,disco,disco/disco.00029,,disco
disco/disco.00030,A up-tempo instrumental excerpt at about 136 beats per minute. The timbre is very bright and very spread across the spectrum. The recording is loud and percussive. It covers a wide range of pitch classes.,disco,disco/disco.00030,,disco
disco/disco.00031,A moderate instrumental excerpt at about 123 beats per minute. The timbre is very bright and spread across the spectrum. The recording is moderate and very percussive. It covers a moderate range of pitch classes.,disco,disco/disco.00031,,disco
disco/disco.00032,A moderate instrumental excerpt at about 112 beats per minute. The timbre is balanced and spread across the spectrum. The recording is moderate and percussive. It covers a moderate range of pitch classes.,disco,disco/disco.00032,,disco
disco/disco.00033,A up-tempo instrumental excerpt at about 129 beats per minute. The timbre is balanced and moderately spread across the spectrum. The recording is loud and percussive. It covers a moderate range of pitch classes.,disco,disco/disco.00033,,disco
disco/disco.00034,A up-tempo instrumental excerpt at about 129 beats per minute. The timbre is very bright and very spread across the spectrum. The recording is moderate and very percussive. It covers a moderate range of pitch classes.,disco,disco/disco.00034,,disco
disco/disco.00035,A moderate instrumental excerpt at about 123 beats per minute. The timbre is very bright and very spread across the spectrum. The recording is loud and very percussive. It covers a moderate range of pitch classes.,disco,disco/disco.00035,,disco
disco/disco.00036,A up-tempo instrumental excerpt at about 136 beats per minute. The timbre is very bright and very spread across the spectrum. The recording is loud and percussive. It covers a wide range of pitch classes.,disco,disco/disco.00036,,disco
disco/disco.00037,A up-tempo instrumental excerpt at about 129 beats per minute. The timbre is very bright and very spread across the spectrum. The recording is loud and very percussive. It covers a wide range of pitch classes.,disco,disco/disco.00037,,disco
disco/disco.00038,A moderate instrumental excerpt at about 123 beats per minute. The timbre is very bright and very spread across the spectrum. The recording is moderate and percussive. It covers a moderate range of pitch classes.,disco,disco/disco.00038,,disco
disco/disco.00039,A moderate instrumental excerpt at about 112 beats per minute. The timbre is balanced and spread across the spectrum. The recording is moderate and moderately percussive. It covers a narrow range of pitch classes.,disco,disco/disco.00039,,disco
disco/disco.00040,A up-tempo instrumental excerpt at about 136 beats per minute. The timbre is bright and spread across the spectrum. The recording is moderate and percussive. It covers a wide range of pitch classes.,disco,disco/disco.00040,,disco
disco/disco.00041,A very fast instrumental excerpt at about 161 beats per minute. The timbre is dark and spread across the spectrum. The recording is loud and smooth. It covers a moderate range of pitch classes.,disco,disco/disco.00041,,disco
disco/disco.00042,A moderate instrumental excerpt at about 103 beats per minute. The timbre is balanced and moderately spread across the spectrum. The recording is moderate and percussive. It covers a moderate range of pitch classes.,disco,disco/disco.00042,,disco
disco/disco.00043,A up-tempo instrumental excerpt at about 129 beats per minute. The timbre is bright and spread across the spectrum. The recording is loud and percussive. It covers a wide range of pitch classes.,disco,disco/disco.00043,,disco
disco/disco.00044,A moderate instrumental excerpt at about 123 beats per minute. The timbre is balanced and spread across the spectrum. The recording is moderate and moderately percussive. It covers a moderate range of pitch classes.,disco,disco/disco.00044,,disco
disco/disco.00045,A moderate instrumental excerpt at about 123 beats per minute. The timbre is balanced and moderately spread across the spectrum. The recording is moderate and moderately percussive. It covers a moderate range of pitch classes.,disco,disco/disco.00045,,disco
disco/disco.00046,A moderate instrumental excerpt at about 123 beats per minute. The timbre is balanced and moderately spread across the spectrum. The recording is moderate and moderately percussive. It covers a moderate range of pitch classes.,disco,disco/disco.00046,,disco
disco/disco.00047,A moderate instrumental excerpt at about 123 beats per minute. The timbre is dark and focused across the spectrum. The recording is very quiet and moderately percussive. It covers a very narrow range of pitch classes.,disco,disco/disco.00047,,disco
disco/disco.00048,A slow instrumental excerpt at about 99 beats per minute. The timbre is bright and moderately spread across the spectrum. The recording is moderate and percussive. It covers a moderate range of pitch classes.,disco,disco/disco.00048,,disco
disco/disco.00049,A moderate instrumental excerpt at about 123 beats per minute. The timbre is balanced and moderately spread across the spectrum. The recording is loud and percussive. It covers a wide range of pitch classes.,disco,disco/disco.00049,,disco
disco/disco.00050,A moderate instrumental excerpt at about 108 beats per minute. The timbre is balanced and moderately spread across the spectrum. The recording is loud and percussive. It covers a wide range of pitch classes.,disco,disco/disco.00050,,disco
disco/disco.00051,A moderate instrumental excerpt at about 108 beats per minute. The timbre is bright and moderately spread across the spectrum. The recording is moderate and percussive. It covers a wide range of pitch classes.,disco,disco/disco.00051,,disco
disco/disco.00052,A moderate instrumental excerpt at about 123 beats per minute. The timbre is bright and moderately spread across the spectrum. The recording is moderate and percussive. It covers a moderate range of pitch classes.,disco,disco/disco.00052,,disco
disco/disco.00053,A up-tempo instrumental excerpt at about 136 beats per minute. The timbre is bright and spread across the spectrum. The recording is loud and percussive. It covers a wide range of pitch classes.,disco,disco/disco.00053,,disco
disco/disco.00054,A moderate instrumental excerpt at about 112 beats per minute. The timbre is bright and spread across the spectrum. The recording is quiet and moderately percussive. It covers a moderate range of pitch classes.,disco,disco/disco.00054,,disco
disco/disco.00055,A up-tempo instrumental excerpt at about 129 beats per minute. The timbre is balanced and moderately spread across the spectrum. The recording is moderate and moderately percussive. It covers a wide range of pitch classes.,disco,disco/disco.00055,,disco
disco/disco.00056,A slow instrumental excerpt at about 89 beats per minute. The timbre is dark and moderately spread across the spectrum. The recording is quiet and smooth. It covers a moderate range of pitch classes.,disco,disco/disco.00056,,disco
disco/disco.00057,A moderate instrumental excerpt at about 117 beats per minute. The timbre is balanced and moderately spread across the spectrum. The recording is quiet and moderately percussive. It covers a moderate range of pitch classes.,disco,disco/disco.00057,,disco
disco/disco.00058,A up-tempo instrumental excerpt at about 129 beats per minute. The timbre is balanced and moderately spread across the spectrum. The recording is moderate and moderately percussive. It covers a moderate range of pitch classes.,disco,disco/disco.00058,,disco
disco/disco.00059,A moderate instrumental excerpt at about 123 beats per minute. The timbre is balanced and moderately spread across the spectrum. The recording is moderate and moderately percussive. It covers a moderate range of pitch classes.,disco,disco/disco.00059,,disco
disco/disco.00060,A up-tempo instrumental excerpt at about 129 beats per minute. The timbre is balanced and moderately spread across the spectrum. The recording is moderate and moderately percussive. It covers a wide range of pitch classes.,disco,disco/disco.00060,,disco
disco/disco.00061,A moderate instrumental excerpt at about 123 beats per minute. The timbre is bright and spread across the spectrum. The recording is loud and moderately percussive. It covers a narrow range of pitch classes.,disco,disco/disco.00061,,disco
disco/disco.00062,A moderate instrumental excerpt at about 108 beats per minute. The timbre is balanced and moderately spread across the spectrum. The recording is loud and percussive. It covers a wide range of pitch classes.,disco,disco/disco.00062,,disco
disco/disco.00063,A up-tempo instrumental excerpt at about 129 beats per minute. The timbre is bright and spread across the spectrum. The recording is very loud and moderately percussive. It covers a very wide range of pitch classes.,disco,disco/disco.00063,,disco
disco/disco.00064,A moderate instrumental excerpt at about 123 beats per minute. The timbre is balanced and spread across the spectrum. The recording is moderate and smooth. It covers a moderate range of pitch classes.,disco,disco/disco.00064,,disco
disco/disco.00065,A up-tempo instrumental excerpt at about 129 beats per minute. The timbre is dark and moderately spread across the spectrum. The recording is loud and smooth. It covers a wide range of pitch classes.,disco,disco/disco.00065,,disco
disco/disco.00066,A up-tempo instrumental excerpt at about 136 beats per minute. The timbre is balanced and moderately spread across the spectrum. The recording is loud and percussive. It covers a wide range of pitch classes.,disco,disco/disco.00066,,disco
disco/disco.00067,A slow instrumental excerpt at about 99 beats per minute. The timbre is bright and moderately spread across the spectrum. The recording is moderate and percussive. It covers a moderate range of pitch classes.,disco,disco/disco.00067,,disco
disco/disco.00068,A moderate instrumental excerpt at about 108 beats per minute. The timbre is bright and spread across the spectrum. The recording is moderate and percussive. It covers a moderate range of pitch classes.,disco,disco/disco.00068,,disco
disco/disco.00069,A moderate instrumental excerpt at about 108 beats per minute. The timbre is balanced and moderately spread across the spectrum. The recording is moderate and moderately percussive. It covers a moderate range of pitch classes.,disco,disco/disco.00069,,disco
disco/disco.00070,A moderate instrumental excerpt at about 108 beats per minute. The timbre is balanced and moderately spread across the spectrum. The recording is moderate and percussive. It covers a wide range of pitch classes.,disco,disco/disco.00070,,disco
disco/disco.00071,A moderate instrumental excerpt at about 112 beats per minute. The timbre is bright and spread across the spectrum. The recording is moderate and percussive. It covers a wide range of pitch classes.,disco,disco/disco.00071,,disco
disco/disco.00072,A up-tempo instrumental excerpt at about 136 beats per minute. The timbre is bright and moderately spread across the spectrum. The recording is quiet and very percussive. It covers a wide range of pitch classes.,disco,disco/disco.00072,,disco
disco/disco.00073,A moderate instrumental excerpt at about 112 beats per minute. The timbre is bright and spread across the spectrum. The recording is moderate and very percussive. It covers a wide range of pitch classes.,disco,disco/disco.00073,,disco
disco/disco.00074,A moderate instrumental excerpt at about 112 beats per minute. The timbre is bright and moderately spread across the spectrum. The recording is loud and percussive. It covers a moderate range of pitch classes.,disco,disco/disco.00074,,disco
disco/disco.00075,A up-tempo instrumental excerpt at about 136 beats per minute. The timbre is bright and spread across the spectrum. The recording is moderate and percussive. It covers a wide range of pitch classes.,disco,disco/disco.00075,,disco
disco/disco.00076,A up-tempo instrumental excerpt at about 129 beats per minute. The timbre is balanced and moderately spread across the spectrum. The recording is moderate and percussive. It covers a moderate range of pitch classes.,disco,disco/disco.00076,,disco
disco/disco.00077,A moderate instrumental excerpt at about 117 beats per minute. The timbre is balanced and moderately spread across the spectrum. The recording is loud and moderately percussive. It covers a moderate range of pitch classes.,disco,disco/disco.00077,,disco
disco/disco.00078,A up-tempo instrumental excerpt at about 129 beats per minute. The timbre is balanced and moderately spread across the spectrum. The recording is quiet and moderately percussive. It covers a narrow range of pitch classes.,disco,disco/disco.00078,,disco
disco/disco.00079,A moderate instrumental excerpt at about 123 beats per minute. The timbre is balanced and moderately spread across the spectrum. The recording is quiet and moderately percussive. It covers a wide range of pitch classes.,disco,disco/disco.00079,,disco
disco/disco.00080,A slow instrumental excerpt at about 99 beats per minute. The timbre is balanced and spread across the spectrum. The recording is quiet and moderately percussive. It covers a moderate range of pitch classes.,disco,disco/disco.00080,,disco
disco/disco.00081,A slow instrumental excerpt at about 86 beats per minute. The timbre is balanced and moderately spread across the spectrum. The recording is quiet and moderately percussive. It covers a moderate range of pitch classes.,disco,disco/disco.00081,,disco
disco/disco.00082,A moderate instrumental excerpt at about 123 beats per minute. The timbre is bright and moderately spread across the spectrum. The recording is loud and percussive. It covers a wide range of pitch classes.,disco,disco/disco.00082,,disco
disco/disco.00083,A moderate instrumental excerpt at about 117 beats per minute. The timbre is balanced and moderately spread across the spectrum. The recording is quiet and moderately percussive. It covers a moderate range of pitch classes.,disco,disco/disco.00083,,disco
disco/disco.00084,A moderate instrumental excerpt at about 112 beats per minute. The timbre is balanced and moderately spread across the spectrum. The recording is quiet and percussive. It covers a very wide range of pitch classes.,disco,disco/disco.00084,,disco
disco/disco.00085,A moderate instrumental excerpt at about 123 beats per minute. The timbre is bright and spread across the spectrum. The recording is quiet and percussive. It covers a very wide range of pitch classes.,disco,disco/disco.00085,,disco
disco/disco.00086,A moderate instrumental excerpt at about 123 beats per minute. The timbre is dark and focused across the spectrum. The recording is loud and moderately percussive. It covers a moderate range of pitch classes.,disco,disco/disco.00086,,disco
disco/disco.00087,A moderate instrumental excerpt at about 108 beats per minute. The timbre is balanced and moderately spread across the spectrum. The recording is moderate and moderately percussive. It covers a moderate range of pitch classes.,disco,disco/disco.00087,,disco
disco/disco.00088,A moderate instrumental excerpt at about 123 beats per minute. The timbre is balanced and moderately spread across the spectrum. The recording is moderate and percussive. It covers a moderate range of pitch classes.,disco,disco/disco.00088,,disco
disco/disco.00089,A up-tempo instrumental excerpt at about 129 beats per minute. The timbre is balanced and moderately spread across the spectrum. The recording is moderate and moderately percussive. It covers a wide range of pitch classes.,disco,disco/disco.00089,,disco
disco/disco.00090,A up-tempo instrumental excerpt at about 129 beats per minute. The timbre is bright and moderately spread across the spectrum. The recording is moderate and percussive. It covers a wide range of pitch classes.,disco,disco/disco.00090,,disco
disco/disco.00091,A slow instrumental excerpt at about 99 beats per minute. The timbre is balanced and moderately spread across the spectrum. The recording is loud and moderately percussive. It covers a moderate range of pitch classes.,disco,disco/disco.00091,,disco
disco/disco.00092,A moderate instrumental excerpt at about 117 beats per minute. The timbre is balanced and spread across the spectrum. The recording is moderate and moderately percussive. It covers a moderate range of pitch classes.,disco,disco/disco.00092,,disco
disco/disco.00093,A moderate instrumental excerpt at about 108 beats per minute. The timbre is balanced and moderately spread across the spectrum. The recording is loud and percussive. It covers a moderate range of pitch classes.,disco,disco/disco.00093,,disco
disco/disco.00094,A up-tempo instrumental excerpt at about 136 beats per minute. The timbre is balanced and moderately spread across the spectrum. The recording is moderate and moderately percussive. It covers a moderate range of pitch classes.,disco,disco/disco.00094,,disco
disco/disco.00095,A moderate instrumental excerpt at about 123 beats per minute. The timbre is balanced and moderately spread across the spectrum. The recording is moderate and moderately percussive. It covers a wide range of pitch classes.,disco,disco/disco.00095,,disco
disco/disco.00096,A moderate instrumental excerpt at about 103 beats per minute. The timbre is balanced and moderately spread across the spectrum. The recording is moderate and percussive. It covers a moderate range of pitch classes.,disco,disco/disco.00096,,disco
disco/disco.00097,A up-tempo instrumental excerpt at about 129 beats per minute. The timbre is bright and spread across the spectrum. The recording is moderate and percussive. It covers a moderate range of pitch classes.,disco,disco/disco.00097,,disco
disco/disco.00098,A moderate instrumental excerpt at about 123 beats per minute. The timbre is balanced and spread across the spectrum. The recording is moderate and moderately percussive. It covers a wide range of pitch classes.,disco,disco/disco.00098,,disco
disco/disco.00099,A moderate instrumental excerpt at about 123 beats per minute. The timbre is balanced and spread across the spectrum. The recording is moderate and moderately percussive. It covers a wide range of pitch classes.,disco,disco/disco.00099,,disco
hiphop/hiphop.00000,A moderate instrumental excerpt at about 117 beats per minute. The timbre is bright and moderately spread across the spectrum. The recording is moderate and percussive. It covers a wide range of pitch classes.,hiphop,hiphop/hiphop.00000,,hiphop
hiphop/hiphop.00001,A slow instrumental excerpt at about 92 beats per minute. The timbre is bright and spread across the spectrum. The recording is very loud and moderately percussive. It covers a wide range of pitch classes.,hiphop,hiphop/hiphop.00001,,hiphop
hiphop/hiphop.00002,A slow instrumental excerpt at about 99 beats per minute. The timbre is dark and focused across the spectrum. The recording is moderate and smooth. It covers a moderate range of pitch classes.,hiphop,hiphop/hiphop.00002,,hiphop
hiphop/hiphop.00003,A slow instrumental excerpt at about 92 beats per minute. The timbre is balanced and moderately spread across the spectrum. The recording is very loud and moderately percussive. It covers a wide range of pitch classes.,hiphop,hiphop/hiphop.00003,,hiphop
hiphop/hiphop.00004,A slow instrumental excerpt at about 96 beats per minute. The timbre is balanced and moderately spread across the spectrum. The recording is loud and moderately percussive. It covers a wide range of pitch classes.,hiphop,hiphop/hiphop.00004,,hiphop
hiphop/hiphop.00005,A very slow instrumental excerpt at about 72 beats per minute. The timbre is bright and spread across the spectrum. The recording is very loud and percussive. It covers a wide range of pitch classes.,hiphop,hiphop/hiphop.00005,,hiphop
hiphop/hiphop.00006,A slow instrumental excerpt at about 99 beats per minute. The timbre is bright and spread across the spectrum. The recording is very loud and percussive. It covers a wide range of pitch classes.,hiphop,hiphop/hiphop.00006,,hiphop
hiphop/hiphop.00007,A moderate instrumental excerpt at about 123 beats per minute. The timbre is balanced and moderately spread across the spectrum. The recording is very loud and smooth. It covers a wide range of pitch classes.,hiphop,hiphop/hiphop.00007,,hiphop
hiphop/hiphop.00008,A very fast instrumental excerpt at about 172 beats per minute. The timbre is bright and moderately spread across the spectrum. The recording is moderate and very percussive. It covers a wide range of pitch classes.,hiphop,hiphop/hiphop.00008,,hiphop
hiphop/hiphop.00009,A moderate instrumental excerpt at about 103 beats per minute. The timbre is balanced and moderately spread across the spectrum. The recording is loud and moderately percussive. It covers a very wide range of pitch classes.,hiphop,hiphop/hiphop.00009,,hiphop
hiphop/hiphop.00010,A slow instrumental excerpt at about 96 beats per minute. The timbre is balanced and moderately spread across the spectrum. The recording is loud and percussive. It covers a wide range of pitch classes.,hiphop,hiphop/hiphop.00010,,hiphop
hiphop/hiphop.00011,A up-tempo instrumental excerpt at about 136 beats per minute. The timbre is balanced and moderately spread across the spectrum. The recording is loud and moderately percussive. It covers a wide range of pitch classes.,hiphop,hiphop/hiphop.00011,,hiphop
hiphop/hiphop.00012,A slow instrumental excerpt at about 99 beats per minute. The timbre is balanced and moderately spread across the spectrum. The recording is loud and moderately percussive. It covers a moderate range of pitch classes.,hiphop,hiphop/hiphop.00012,,hiphop
hiphop/hiphop.00013,A moderate instrumental excerpt at about 103 beats per minute. The timbre is dark and focused across the spectrum. The recording is moderate and moderately percussive. It covers a narrow range of pitch classes.,hiphop,hiphop/hiphop.00013,,hiphop
hiphop/hiphop.00014,A up-tempo instrumental excerpt at about 136 beats per minute. The timbre is balanced and moderately spread across the spectrum. The recording is loud and percussive. It covers a wide range of pitch classes.,hiphop,hiphop/hiphop.00014,,hiphop
hiphop/hiphop.00015,A very fast instrumental excerpt at about 199 beats per minute. The timbre is balanced and moderately spread across the spectrum. The recording is moderate and moderately percussive. It covers a wide range of pitch classes.,hiphop,hiphop/hiphop.00015,,hiphop
hiphop/hiphop.00016,A slow instrumental excerpt at about 99 beats per minute. The timbre is balanced and moderately spread across the spectrum. The recording is loud and moderately percussive. It covers a wide range of pitch classes.,hiphop,hiphop/hiphop.00016,,hiphop
hiphop/hiphop.00017,A slow instrumental excerpt at about 99 beats per minute. The timbre is balanced and moderately spread across the spectrum. The recording is loud and moderately percussive. It covers a wide range of pitch classes.,hiphop,hiphop/hiphop.00017,,hiphop
hiphop/hiphop.00018,A up-tempo instrumental excerpt at about 144 beats per minute. The timbre is bright and moderately spread across the spectrum. The recording is loud and percussive. It covers a wide range of pitch classes.,hiphop,hiphop/hiphop.00018,,hiphop
hiphop/hiphop.00019,A slow instrumental excerpt at about 99 beats per minute. The timbre is balanced and spread across the spectrum. The recording is very loud and moderately percussive. It covers a wide range of pitch classes.,hiphop,hiphop/hiphop.00019,,hiphop
hiphop/hiphop.00020,A moderate instrumental excerpt at about 117 beats per minute. The timbre is bright and moderately spread across the spectrum. The recording is loud and moderately percussive. It covers a wide range of pitch classes.,hiphop,hiphop/hiphop.00020,,hiphop
hiphop/hiphop.00021,A slow instrumental excerpt at about 99 beats per minute. The timbre is balanced and moderately spread across the spectrum. The recording is very loud and moderately percussive. It covers a wide range of pitch classes.,hiphop,hiphop/hiphop.00021,,hiphop
hiphop/hiphop.00022,A slow instrumental excerpt at about 99 beats per minute. The timbre is balanced and moderately spread across the spectrum. The recording is loud and smooth. It covers a wide range of pitch classes.,hiphop,hiphop/hiphop.00022,,hiphop
hiphop/hiphop.00023,A slow instrumental excerpt at about 92 beats per minute. The timbre is balanced and moderately spread across the spectrum. The recording is loud and moderately percussive. It covers a moderate range of pitch classes.,hiphop,hiphop/hiphop.00023,,hiphop
hiphop/hiphop.00024,A moderate instrumental excerpt at about 103 beats per minute. The timbre is bright and moderately spread across the spectrum. The recording is loud and percussive. It covers a wide range of pitch classes.,hiphop,hiphop/hiphop.00024,,hiphop
hiphop/hiphop.00025,A moderate instrumental excerpt at about 108 beats per minute. The timbre is balanced and moderately spread across the spectrum. The recording is very loud and moderately percussive. It covers a very wide range of pitch classes.,hiphop,hiphop/hiphop.00025,,hiphop
hiphop/hiphop.00026,A moderate instrumental excerpt at about 103 beats per minute. The timbre is very bright and very spread across the spectrum. The recording is loud and very percussive. It covers a wide range of pitch classes.,hiphop,hiphop/hiphop.00026,,hiphop
hiphop/hiphop.00027,A slow instrumental excerpt at about 92 beats per minute. The timbre is bright and spread across the spectrum. The recording is moderate and moderately percussive. It covers a wide range of pitch classes.,hiphop,hiphop/hiphop.00027,,hiphop
hiphop/hiphop.00028,A slow instrumental excerpt at about 92 beats per minute. The timbre is bright and spread across the spectrum. The recording is loud and moderately percussive. It covers a moderate range of pitch classes.,hiphop,hiphop/hiphop.00028,,hiphop
hiphop/hiphop.00029,A moderate instrumental excerpt at about 123 beats per minute. The timbre is very bright and spread across the spectrum. The recording is loud and moderately percussive. It covers a wide range of pitch classes.,hiphop,hiphop/hiphop.00029,,hiphop
hiphop/hiphop.00030,A slow instrumental excerpt at about 89 beats per minute. The timbre is very bright and very spread across the spectrum. The recording is loud and very percussive. It covers a very wide range of pitch classes.,hiphop,hiphop/hiphop.00030,,hiphop
hiphop/hiphop.00031,A slow instrumental excerpt at about 99 beats per minute. The timbre is bright and very spread across the spectrum. The recording is loud and percussive. It covers a wide range of pitch classes.,hiphop,hiphop/hiphop.00031,,hiphop
hiphop/hiphop.00032,A slow instrumental excerpt at about 99 beats per minute. The timbre is balanced and spread across the spectrum. The recording is moderate and smooth. It covers a wide range of pitch classes.,hiphop,hiphop/hiphop.00032,,hiphop
hiphop/hiphop.00033,A slow instrumental excerpt at about 96 beats per minute. The timbre is bright and spread across the spectrum. The recording is loud and percussive. It covers a very wide range of pitch classes.,hiphop,hiphop/hiphop.00033,,hiphop
hiphop/hiphop.00034,A very fast instrumental excerpt at about 199 beats per minute. The timbre is very bright and spread across the spectrum. The recording is very loud and percussive. It covers a wide range of pitch classes.,hiphop,hiphop/hiphop.00034,,hiphop
hiphop/hiphop.00035,A up-tempo instrumental excerpt at about 144 beats per minute. The timbre is bright and spread across the spectrum. The recording is loud and moderately percussive. It covers a very wide range of pitch classes.,hiphop,hiphop/hiphop.00035,,hiphop
hiphop/hiphop.00036,A moderate instrumental excerpt at about 117 beats per minute. The timbre is bright and spread across the spectrum. The recording is quiet and percussive. It covers a very wide range of pitch classes.,hiphop,hiphop/hiphop.00036,,hiphop
hiphop/hiphop.00037,A up-tempo instrumental excerpt at about 144 beats per minute. The timbre is very bright and spread across the spectrum. The recording is loud and very percussive. It covers a moderate range of pitch classes.,hiphop,hiphop/hiphop.00037,,hiphop
hiphop/hiphop.00038,A very fast instrumental excerpt at about 185 beats per minute. The timbre is balanced and moderately spread across the spectrum. The recording is very loud and moderately percussive. It covers a moderate range of pitch classes.,hiphop,hiphop/hiphop.00038,,hiphop
hiphop/hiphop.00039,A very fast instrumental excerpt at about 185 beats per minute. The timbre is bright and very spread across the spectrum. The recording is loud and moderately percussive. It covers a moderate range of pitch classes.,hiphop,hiphop/hiphop.00039,,hiphop
hiphop/hiphop.00040,A slow instrumental excerpt at about 81 beats per minute. The timbre is balanced and spread across the spectrum. The recording is moderate and moderately percussive. It covers a narrow range of pitch classes.,hiphop,hiphop/hiphop.00040,,hiphop
hiphop/hiphop.00041,A slow instrumental excerpt at about 92 beats per minute. The timbre is bright and spread across the spectrum. The recording is loud and moderately percussive. It covers a wide range of pitch classes.,hiphop,hiphop/hiphop.00041,,hiphop
hiphop/hiphop.00042,A slow instrumental excerpt at about 92 beats per minute. The timbre is bright and spread across the spectrum. The recording is very loud and moderately percussive. It covers a wide range of pitch classes.,hiphop,hiphop/hiphop.00042,,hiphop
hiphop/hiphop.00043,A slow instrumental excerpt at about 89 beats per minute. The timbre is dark and moderately spread across the spectrum. The recording is moderate and smooth. It covers a wide range of pitch classes.,hiphop,hiphop/hiphop.00043,,hiphop
hiphop/hiphop.00044,A moderate instrumental excerpt at about 117 beats per minute. The timbre is bright and moderately spread across the spectrum. The recording is very quiet and percussive. It covers a moderate range of pitch classes.,hiphop,hiphop/hiphop.00044,,hiphop
hiphop/hiphop.00045,A very fast instrumental excerpt at about 185 beats per minute. The timbre is bright and very spread across the spectrum. The recording is loud and moderately percussive. It covers a moderate range of pitch classes.,hiphop,hiphop/hiphop.00045,,hiphop
hiphop/hiphop.00046,A slow instrumental excerpt at about 96 beats per minute. The timbre is balanced and spread across the spectrum. The recording is very loud and moderately percussive. It covers a wide range of pitch classes.,hiphop,hiphop/hiphop.00046,,hiphop
hiphop/hiphop.00047,A slow instrumental excerpt at about 96 beats per minute. The timbre is very bright and very spread across the spectrum. The recording is very loud and moderately percussive. It covers a wide range of pitch classes.,hiphop,hiphop/hiphop.00047,,hiphop
hiphop/hiphop.00048,A slow instrumental excerpt at about 96 beats per minute. The timbre is balanced and spread across the spectrum. The recording is very loud and smooth. It covers a moderate range of pitch classes.,hiphop,hiphop/hiphop.00048,,hiphop
hiphop/hiphop.00049,A up-tempo instrumental excerpt at about 129 beats per minute. The timbre is bright and very spread across the spectrum. The recording is very loud and moderately percussive. It covers a wide range of pitch classes.,hiphop,hiphop/hiphop.00049,,hiphop
hiphop/hiphop.00050,A slow instrumental excerpt at about 99 beats per minute. The timbre is dark and spread across the spectrum. The recording is very loud and very smooth. It covers a wide range of pitch classes.,hiphop,hiphop/hiphop.00050,,hiphop
hiphop/hiphop.00051,A moderate instrumental excerpt at about 103 beats per minute. The timbre is bright and spread across the spectrum. The recording is very loud and moderately percussive. It covers a moderate range of pitch classes.,hiphop,hiphop/hiphop.00051,,hiphop
hiphop/hiphop.00052,A moderate instrumental excerpt at about 103 beats per minute. The timbre is bright and spread across the spectrum. The recording is moderate and moderately percussive. It covers a wide range of pitch classes.,hiphop,hiphop/hiphop.00052,,hiphop
hiphop/hiphop.00053,A moderate instrumental excerpt at about 108 beats per minute. The timbre is bright and very spread across the spectrum. The recording is moderate and moderately percussive. It covers a very wide range of pitch classes.,hiphop,hiphop/hiphop.00053,,hiphop
hiphop/hiphop.00054,A moderate instrumental excerpt at about 112 beats per minute. The timbre is very bright and very spread across the spectrum. The recording is moderate and percussive. It covers a wide range of pitch classes.,hiphop,hiphop/hiphop.00054,,hiphop
hiphop/hiphop.00055,A moderate instrumental excerpt at about 108 beats per minute. The timbre is dark and moderately spread across the spectrum. The recording is moderate and smooth. It covers a moderate range of pitch classes.,hiphop,hiphop/hiphop.00055,,hiphop
hiphop/hiphop.00056,A slow instrumental excerpt at about 99 beats per minute. The timbre is balanced and spread across the spectrum. The recording is loud and smooth. It covers a wide range of pitch classes.,hiphop,hiphop/hiphop.00056,,hiphop
hiphop/hiphop.00057,A slow instrumental excerpt at about 89 beats per minute. The timbre is dark and moderately spread across the spectrum. The recording is very loud and smooth. It covers a moderate range of pitch classes.,hiphop,hiphop/hiphop.00057,,hiphop
hiphop/hiphop.00058,A very fast instrumental excerpt at about 172 beats per minute. The timbre is bright and spread across the spectrum. The recording is moderate and percussive. It covers a very wide range of pitch classes.,hiphop,hiphop/hiphop.00058,,hiphop
hiphop/hiphop.00059,A slow instrumental excerpt at about 92 beats per minute. The timbre is balanced and moderately spread across the spectrum. The recording is loud and smooth. It covers a wide range of pitch classes.,hiphop,hiphop/hiphop.00059,,hiphop
hiphop/hiphop.00060,A very fast instrumental excerpt at about 185 beats per minute. The timbre is dark and moderately spread across the spectrum. The recording is loud and smooth. It covers a wide range of pitch classes.,hiphop,hiphop/hiphop.00060,,hiphop
hiphop/hiphop.00061,A very fast instrumental excerpt at about 185 beats per minute. The timbre is dark and moderately spread across the spectrum. The recording is loud and smooth. It covers a wide range of pitch classes.,hiphop,hiphop/hiphop.00061,,hiphop
hiphop/hiphop.00062,A slow instrumental excerpt at about 92 beats per minute. The timbre is balanced and spread across the spectrum. The recording is loud and moderately percussive. It covers a wide range of pitch classes.,hiphop,hiphop/hiphop.00062,,hiphop
hiphop/hiphop.00063,A slow instrumental excerpt at about 92 beats per minute. The timbre is bright and spread across the spectrum. The recording is loud and percussive. It covers a wide range of pitch classes.,hiphop,hiphop/hiphop.00063,,hiphop
hiphop/hiphop.00064,A slow instrumental excerpt at about 86 beats per minute. The timbre is balanced and spread across the spectrum. The recording is very loud and smooth. It covers a moderate range of pitch classes.,hiphop,hiphop/hiphop.00064,,hiphop
hiphop/hiphop.00065,A slow instrumental excerpt at about 96 beats per minute. The timbre is balanced and spread across the spectrum. The recording is loud and moderately percussive. It covers a moderate range of pitch classes.,hiphop,hiphop/hiphop.00065,,hiphop
hiphop/hiphop.00066,A slow instrumental excerpt at about 92 beats per minute. The timbre is balanced and spread across the spectrum. The recording is loud and smooth. It covers a moderate range of pitch classes.,hiphop,hiphop/hiphop.00066,,hiphop
hiphop/hiphop.00067,A slow instrumental excerpt at about 96 beats per minute. The timbre is bright and very spread across the spectrum. The recording is loud and percussive. It covers a wide range of pitch classes.,hiphop,hiphop/hiphop.00067,,hiphop
hiphop/hiphop.00068,A slow instrumental excerpt at about 96 beats per minute. The timbre is bright and spread across the spectrum. The recording is very loud and moderately percussive. It covers a wide range of pitch classes.,hiphop,hiphop/hiphop.00068,,hiphop
hiphop/hiphop.00069,A up-tempo instrumental excerpt at about 129 beats per minute. The timbre is very bright and very spread across the spectrum. The recording is very loud and percussive. It covers a wide range of pitch classes.,hiphop,hiphop/hiphop.00069,,hiphop
hiphop/hiphop.00070,A slow instrumental excerpt at about 96 beats per minute. The timbre is bright and very spread across the spectrum. The recording is very loud and smooth. It covers a wide range of pitch classes.,hiphop,hiphop/hiphop.00070,,hiphop
hiphop/hiphop.00071,A slow instrumental excerpt at about 96 beats per minute. The timbre is very bright and very spread across the spectrum. The recording is very loud and moderately percussive. It covers a moderate range of pitch classes.,hiphop,hiphop/hiphop.00071,,hiphop
hiphop/hiphop.00072,A slow instrumental excerpt at about 99 beats per minute. The timbre is dark and spread across the spectrum. The recording is very loud and smooth. It covers a wide range of pitch classes.,hiphop,hiphop/hiphop.00072,,hiphop
hiphop/hiphop.00073,A slow instrumental excerpt at about 92 beats per minute. The timbre is bright and very spread across the spectrum. The recording is very loud and moderately percussive. It covers a wide range of pitch classes.,hiphop,hiphop/hiphop.00073,,hiphop
hiphop/hiphop.00074,A slow instrumental excerpt at about 99 beats per minute. The timbre is bright and spread across the spectrum. The recording is loud and moderately percussive. It covers a wide range of pitch classes.,hiphop,hiphop/hiphop.00074,,hiphop
hiphop/hiphop.00075,A slow instrumental excerpt at about 92 beats per minute. The timbre is very bright and spread across the spectrum. The recording is loud and percussive. It covers a wide range of pitch classes.,hiphop,hiphop/hiphop.00075,,hiphop
hiphop/hiphop.00076,A slow instrumental excerpt at about 96 beats per minute. The timbre is balanced and spread across the spectrum. The recording is very loud and moderately percussive. It covers a wide range of pitch classes.,hiphop,hiphop/hiphop.00076,,hiphop
hiphop/hiphop.00077,A moderate instrumental excerpt at about 117 beats per minute. The timbre is bright and very spread across the spectrum. The recording is very loud and percussive. It covers a wide range of pitch classes.,hiphop,hiphop/hiphop.00077,,hiphop
hiphop/hiphop.00078,A slow instrumental excerpt at about 96 beats per minute. The timbre is balanced and spread across the spectrum. The recording is very loud and moderately percussive. It covers a wide range of pitch classes.,hiphop,hiphop/hiphop.00078,,hiphop
hiphop/hiphop.00079,A moderate instrumental excerpt at about 103 beats per minute. The timbre is very bright and spread across the spectrum. The recording is loud and very percussive. It covers a wide range of pitch classes.,hiphop,hiphop/hiphop.00079,,hiphop
hiphop/hiphop.00080,A slow instrumental excerpt at about 96 beats per minute. The timbre is very bright and very spread across the spectrum. The recording is moderate and percussive. It covers a moderate range of pitch classes.,hiphop,hiphop/hiphop.00080,,hiphop
hiphop/hiphop.00081,A moderate instrumental excerpt at about 103 beats per minute. The timbre is dark and moderately spread across the spectrum. The recording is quiet and smooth. It covers a very wide range of pitch classes.,hiphop,hiphop/hiphop.00081,,hiphop
hiphop/hiphop.00082,A moderate instrumental excerpt at about 108 beats per minute. The timbre is balanced and moderately spread across the spectrum. The recording is moderate and moderately percussive. It covers a very wide range of pitch classes.,hiphop,hiphop/hiphop.00082,,hiphop
hiphop/hiphop.00083,A moderate instrumental excerpt at about 103 beats per minute. The timbre is balanced and moderately spread across the spectrum. The recording is moderate and moderately percussive. It covers a wide range of pitch classes.,hiphop,hiphop/hiphop.00083,,hiphop
hiphop/hiphop.00084,A moderate instrumental excerpt at about 112 beats per minute. The timbre is balanced and focused across the spectrum. The recording is quiet and moderately percussive. It covers a very wide range of pitch classes.,hiphop,hiphop/hiphop.00084,,hiphop
hiphop/hiphop.00085,A moderate instrumental excerpt at about 112 beats per minute. The timbre is bright and moderately spread across the spectrum. The recording is moderate and percussive. It covers a wide range of pitch classes.,hiphop,hiphop/hiphop.00085,,hiphop
hiphop/hiphop.00086,A slow instrumental excerpt at about 99 beats per minute. The timbre is balanced and moderately spread across the spectrum. The recording is quiet and smooth. It covers a wide range of pitch classes.,hiphop,hiphop/hiphop.00086,,hiphop
hiphop/hiphop.00087,A up-tempo instrumental excerpt at about 136 beats per minute. The timbre is balanced and spread across the spectrum. The recording is moderate and moderately percussive. It covers a very wide range of pitch classes.,hiphop,hiphop/hiphop.00087,,hiphop
hiphop/hiphop.00088,A moderate instrumental excerpt at about 117 beats per minute. The timbre is bright and moderately spread across the spectrum. The recording is moderate and percussive. It covers a wide range of pitch classes.,hiphop,hiphop/hiphop.00088,,hiphop
hiphop/hiphop.00089,A moderate instrumental excerpt at about 123 beats per minute. The timbre is bright and moderately spread across the spectrum. The recording is moderate and moderately percussive. It covers a wide range of pitch classes.,hiphop,hiphop/hiphop.00089,,hiphop
hiphop/hiphop.00090,A very fast instrumental excerpt at about 152 beats per minute. The timbre is balanced and moderately spread across the spectrum. The recording is moderate and moderately percussive. It covers a wide range of pitch classes.,hiphop,hiphop/hiphop.00090,,hiphop
hiphop/hiphop.00091,A moderate instrumental excerpt at about 103 beats per minute. The timbre is bright and moderately spread across the spectrum. The recording is moderate and percussive. It covers a very wide range of pitch classes.,hiphop,hiphop/hiphop.00091,,hiphop
hiphop/hiphop.00092,A moderate instrumental excerpt at about 112 beats per minute. The timbre is balanced and spread across the spectrum. The recording is moderate and smooth. It covers a wide range of pitch classes.,hiphop,hiphop/hiphop.00092,,hiphop
hiphop/hiphop.00093,A moderate instrumental excerpt at about 117 beats per minute. The timbre is very bright and spread across the spectrum. The recording is quiet and percussive. It covers a wide range of pitch classes.,hiphop,hiphop/hiphop.00093,,hiphop
hiphop/hiphop.00094,A very fast instrumental excerpt at about 152 beats per minute. The timbre is balanced and moderately spread across the spectrum. The recording is moderate and smooth. It covers a wide range of pitch classes.,hiphop,hiphop/hiphop.00094,,hiphop
hiphop/hiphop.00095,A moderate instrumental excerpt at about 112 beats per minute. The timbre is bright and moderately spread across the spectrum. The recording is moderate and percussive. It covers a very wide range of pitch classes.,hiphop,hiphop/hiphop.00095,,hiphop
hiphop/hiphop.00096,A moderate instrumental excerpt at about 108 beats per minute. The timbre is dark and focused across the spectrum. The recording is moderate and moderately percussive. It covers a wide range of pitch classes.,hiphop,hiphop/hiphop.00096,,hiphop
hiphop/hiphop.00097,A very fast instrumental excerpt at about 152 beats per minute. The timbre is bright and spread across the spectrum. The recording is moderate and moderately percussive. It covers a wide range of pitch classes.,hiphop,hiphop/hiphop.00097,,hiphop
hiphop/hiphop.00098,A moderate instrumental excerpt at about 108 beats per minute. The timbre is bright and moderately spread across the spectrum. The recording is moderate and moderately percussive. It covers a very wide range of pitch classes.,hiphop,hiphop/hiphop.00098,,hiphop
hiphop/hiphop.00099,A moderate instrumental excerpt at about 108 beats per minute. The timbre is balanced and focused across the spectrum. The recording is loud and moderately percussive. It covers a wide range of pitch classes.,hiphop,hiphop/hiphop.00099,,hiphop
jazz/jazz.00000,A moderate instrumental excerpt at about 123 beats per minute. The timbre is dark and focused across the spectrum. The recording is very quiet and smooth. It covers a narrow range of pitch classes.,jazz,jazz/jazz.00000,,jazz
jazz/jazz.00001,A up-tempo instrumental excerpt at about 136 beats per minute. The timbre is very dark and focused across the spectrum. The recording is very quiet and smooth. It covers a narrow range of pitch classes.,jazz,jazz/jazz.00001,,jazz
jazz/jazz.00002,A very fast instrumental excerpt at about 152 beats per minute. The timbre is very dark and very focused across the spectrum. The recording is quiet and smooth. It covers a very narrow range of pitch classes.,jazz,jazz/jazz.00002,,jazz
jazz/jazz.00003,A slow instrumental excerpt at about 92 beats per minute. The timbre is very dark and very focused across the spectrum. The recording is quiet and very smooth. It covers a narrow range of pitch classes.,jazz,jazz/jazz.00003,,jazz
jazz/jazz.00004,A very slow instrumental excerpt at about 65 beats per minute. The timbre is very dark and very focused across the spectrum. The recording is moderate and very smooth. It covers a very narrow range of pitch classes.,jazz,jazz/jazz.00004,,jazz
jazz/jazz.00005,A moderate instrumental excerpt at about 108 beats per minute. The timbre is very dark and focused across the spectrum. The recording is moderate and smooth. It covers a very narrow range of pitch classes.,jazz,jazz/jazz.00005,,jazz
jazz/jazz.00006,A up-tempo instrumental excerpt at about 136 beats per minute. The timbre is very dark and very focused across the spectrum. The recording is moderate and very smooth. It covers a very narrow range of pitch classes.,jazz,jazz/jazz.00006,,jazz
jazz/jazz.00007,A very slow instrumental excerpt at about 62 beats per minute. The timbre is very dark and very focused across the spectrum. The recording is moderate and smooth. It covers a very narrow range of pitch classes.,jazz,jazz/jazz.00007,,jazz
jazz/jazz.00008,A moderate instrumental excerpt at about 108 beats per minute. The timbre is very dark and focused across the spectrum. The recording is moderate and very smooth. It covers a moderate range of pitch classes.,jazz,jazz/jazz.00008,,jazz
jazz/jazz.00009,A moderate instrumental excerpt at about 108 beats per minute. The timbre is very dark and very focused across the spectrum. The recording is quiet and very smooth. It covers a very narrow range of pitch classes.,jazz,jazz/jazz.00009,,jazz
jazz/jazz.00010,A moderate instrumental excerpt at about 112 beats per minute. The timbre is very dark and very focused across the spectrum. The recording is quiet and very smooth. It covers a narrow range of pitch classes.,jazz,jazz/jazz.00010,,jazz
jazz/jazz.00011,A slow instrumental excerpt at about 99 beats per minute. The timbre is dark and moderately spread across the spectrum. The recording is quiet and smooth. It covers a narrow range of pitch classes.,jazz,jazz/jazz.00011,,jazz
jazz/jazz.00012,A moderate instrumental excerpt at about 112 beats per minute. The timbre is dark and moderately spread across the spectrum. The recording is very quiet and smooth. It covers a moderate range of pitch classes.,jazz,jazz/jazz.00012,,jazz
jazz/jazz.00013,A slow instrumental excerpt at about 99 beats per minute. The timbre is dark and moderately spread across the spectrum. The recording is quiet and smooth. It covers a narrow range of pitch classes.,jazz,jazz/jazz.00013,,jazz
jazz/jazz.00014,A up-tempo instrumental excerpt at about 129 beats per minute. The timbre is very dark and very focused across the spectrum. The recording is very quiet and smooth. It covers a very narrow range of pitch classes.,jazz,jazz/jazz.00014,,jazz
jazz/jazz.00015,A moderate instrumental excerpt at about 117 beats per minute. The timbre is dark and moderately spread across the spectrum. The recording is quiet and smooth. It covers a narrow range of pitch classes.,jazz,jazz/jazz.00015,,jazz
jazz/jazz.00016,A very slow instrumental excerpt at about 74 beats per minute. The timbre is dark and focused across the spectrum. The recording is quiet and smooth. It covers a very narrow range of pitch classes.,jazz,jazz/jazz.00016,,jazz
jazz/jazz.00017,A very fast instrumental excerpt at about 215 beats per minute. The timbre is balanced and moderately spread across the spectrum. The recording is very quiet and moderately percussive. It covers a narrow range of pitch classes.,jazz,jazz/jazz.00017,,jazz
jazz/jazz.00018,A moderate instrumental excerpt at about 103 beats per minute. The timbre is balanced and moderately spread across the spectrum. The recording is quiet and moderately percussive. It covers a moderate range of pitch classes.,jazz,jazz/jazz.00018,,jazz
jazz/jazz.00019,A very fast instrumental excerpt at about 185 beats per minute. The timbre is very dark and focused across the spectrum. The recording is quiet and smooth. It covers a very narrow range of pitch classes.,jazz,jazz/jazz.00019,,jazz
jazz/jazz.00020,A moderate instrumental excerpt at about 108 beats per minute. The timbre is very dark and focused across the spectrum. The recording is very quiet and very smooth. It covers a narrow range of pitch classes.,jazz,jazz/jazz.00020,,jazz
jazz/jazz.00021,A moderate instrumental excerpt at about 123 beats per minute. The timbre is bright and spread across the spectrum. The recording is very quiet and very percussive. It covers a wide range of pitch classes.,jazz,jazz/jazz.00021,,jazz
jazz/jazz.00022,A up-tempo instrumental excerpt at about 129 beats per minute. The timbre is dark and focused across the spectrum. The recording is quiet and smooth. It covers a very narrow range of pitch classes.,jazz,jazz/jazz.00022,,jazz
jazz/jazz.00023,A slow instrumental excerpt at about 86 beats per minute. The timbre is balanced and moderately spread across the spectrum. The recording is quiet and moderately percussive. It covers a very narrow range of pitch classes.,jazz,jazz/jazz.00023,,jazz
jazz/jazz.00024,A moderate instrumental excerpt at about 103 beats per minute. The timbre is balanced and moderately spread across the spectrum. The recording is quiet and moderately percussive. It covers a narrow range of pitch classes.,jazz,jazz/jazz.00024,,jazz
jazz/jazz.00025,A moderate instrumental excerpt at about 103 beats per minute. The timbre is dark and moderately spread across the spectrum. The recording is quiet and smooth. It covers a very narrow range of pitch classes.,jazz,jazz/jazz.00025,,jazz
jazz/jazz.00026,A very fast instrumental excerpt at about 152 beats per minute. The timbre is very dark and focused across the spectrum. The recording is very quiet and smooth. It covers a very narrow range of pitch classes.,jazz,jazz/jazz.00026,,jazz
jazz/jazz.00027,A up-tempo instrumental excerpt at about 144 beats per minute. The timbre is dark and moderately spread across the spectrum. The recording is very quiet and smooth. It covers a narrow range of pitch classes.,jazz,jazz/jazz.00027,,jazz
jazz/jazz.00028,A slow instrumental excerpt at about 99 beats per minute. The timbre is dark and moderately spread across the spectrum. The recording is very quiet and smooth. It covers a very narrow range of pitch classes.,jazz,jazz/jazz.00028,,jazz
jazz/jazz.00029,A moderate instrumental excerpt at about 112 beats per minute. The timbre is balanced and moderately spread across the spectrum. The recording is very quiet and moderately percussive. It covers a narrow range of pitch classes.,jazz,jazz/jazz.00029,,jazz
jazz/jazz.00030,A very fast instrumental excerpt at about 215 beats per minute. The timbre is dark and focused across the spectrum. The recording is very quiet and moderately percussive. It covers a very narrow range of pitch classes.,jazz,jazz/jazz.00030,,jazz
jazz/jazz.00031,A moderate instrumental excerpt at about 112 beats per minute. The timbre is dark and moderately spread across the spectrum. The recording is very quiet and smooth. It covers a narrow range of pitch classes.,jazz,jazz/jazz.00031,,jazz
jazz/jazz.00032,A up-tempo instrumental excerpt at about 129 beats per minute. The timbre is dark and focused across the spectrum. The recording is very quiet and smooth. It covers a narrow range of pitch classes.,jazz,jazz/jazz.00032,,jazz
jazz/jazz.00033,A slow instrumental excerpt at about 96 beats per minute. The timbre is very dark and very focused across the spectrum. The recording is quiet and very smooth. It covers a very narrow range of pitch classes.,jazz,jazz/jazz.00033,,jazz
jazz/jazz.00034,A slow instrumental excerpt at about 96 beats per minute. The timbre is dark and focused across the spectrum. The recording is moderate and smooth. It covers a narrow range of pitch classes.,jazz,jazz/jazz.00034,,jazz
jazz/jazz.00035,A very slow instrumental excerpt at about 72 beats per minute. The timbre is very dark and very focused across the spectrum. The recording is moderate and very smooth. It covers a very narrow range of pitch classes.,jazz,jazz/jazz.00035,,jazz
jazz/jazz.00036,A moderate instrumental excerpt at about 123 beats per minute. The timbre is dark and very focused across the spectrum. The recording is quiet and moderately percussive. It covers a narrow range of pitch classes.,jazz,jazz/jazz.00036,,jazz
jazz/jazz.00037,A slow instrumental excerpt at about 96 beats per minute. The timbre is very dark and focused across the spectrum. The recording is moderate and smooth. It covers a narrow range of pitch classes.,jazz,jazz/jazz.00037,,jazz
jazz/jazz.00038,A very fast instrumental excerpt at about 152 beats per minute. The timbre is dark and focused across the spectrum. The recording is moderate and smooth. It covers a narrow range of pitch classes.,jazz,jazz/jazz.00038,,jazz
jazz/jazz.00039,A slow instrumental excerpt at about 99 beats per minute. The timbre is very dark and very focused across the spectrum. The recording is quiet and smooth. It covers a very narrow range of pitch classes.,jazz,jazz/jazz.00039,,jazz
jazz/jazz.00040,A slow instrumental excerpt at about 99 beats per minute. The timbre is very dark and very focused across the spectrum. The recording is moderate and smooth. It covers a very narrow range of pitch classes.,jazz,jazz/jazz.00040,,jazz
jazz/jazz.00041,A slow instrumental excerpt at about 96 beats per minute. The timbre is dark and focused across the spectrum. The recording is quiet and moderately percussive. It covers a narrow range of pitch classes.,jazz,jazz/jazz.00041,,jazz
jazz/jazz.00042,A very slow instrumental excerpt at about 74 beats per minute. The timbre is very dark and focused across the spectrum. The recording is moderate and smooth. It covers a narrow range of pitch classes.,jazz,jazz/jazz.00042,,jazz
jazz/jazz.00043,A very fast instrumental excerpt at about 152 beats per minute. The timbre is dark and focused across the spectrum. The recording is moderate and moderately percussive. It covers a very narrow range of pitch classes.,jazz,jazz/jazz.00043,,jazz
jazz/jazz.00044,A moderate instrumental excerpt at about 103 beats per minute. The timbre is very dark and very focused across the spectrum. The recording is quiet and very smooth. It covers a very narrow range of pitch classes.,jazz,jazz/jazz.00044,,jazz
jazz/jazz.00045,A very slow instrumental excerpt at about 74 beats per minute. The timbre is very dark and very focused across the spectrum. The recording is moderate and very smooth. It covers a very narrow range of pitch classes.,jazz,jazz/jazz.00045,,jazz
jazz/jazz.00046,A moderate instrumental excerpt at about 108 beats per minute. The timbre is very dark and very focused across the spectrum. The recording is moderate and smooth. It covers a very narrow range of pitch classes.,jazz,jazz/jazz.00046,,jazz
jazz/jazz.00047,A very slow instrumental excerpt at about 70 beats per minute. The timbre is balanced and moderately spread across the spectrum. The recording is quiet and moderately percussive. It covers a moderate range of pitch classes.,jazz,jazz/jazz.00047,,jazz
jazz/jazz.00048,A up-tempo instrumental excerpt at about 129 beats per minute. The timbre is dark and focused across the spectrum. The recording is quiet and smooth. It covers a narrow range of pitch classes.,jazz,jazz/jazz.00048,,jazz
jazz/jazz.00049,A very fast instrumental excerpt at about 185 beats per minute. The timbre is balanced and spread across the spectrum. The recording is loud and smooth. It covers a very narrow range of pitch classes.,jazz,jazz/jazz.00049,,jazz
jazz/jazz.00050,A very fast instrumental excerpt at about 152 beats per minute. The timbre is balanced and spread across the spectrum. The recording is loud and moderately percussive. It covers a moderate range of pitch classes.,jazz,jazz/jazz.00050,,jazz
jazz/jazz.00051,A slow instrumental excerpt at about 96 beats per minute. The timbre is very dark and focused across the spectrum. The recording is quiet and very smooth. It covers a very narrow range of pitch classes.,jazz,jazz/jazz.00051,,jazz
jazz/jazz.00052,A moderate instrumental excerpt at about 108 beats per minute. The timbre is balanced and spread across the spectrum. The recording is loud and smooth. It covers a moderate range of pitch classes.,jazz,jazz/jazz.00052,,jazz
jazz/jazz.00053,A slow instrumental excerpt at about 96 beats per minute. The timbre is dark and focused across the spectrum. The recording is moderate and smooth. It covers a narrow range of pitch classes.,jazz,jazz/jazz.00053,,jazz
jazz/jazz.00054,A very fast instrumental excerpt at about 161 beats per minute. The timbre is dark and moderately spread across the spectrum. The recording is loud and smooth. It covers a very narrow range of pitch classes.,jazz,jazz/jazz.00054,,jazz
jazz/jazz.00055,A very slow instrumental excerpt at about 72 beats per minute. The timbre is very dark and very focused across the spectrum. The recording is moderate and very smooth. It covers a very narrow range of pitch classes.,jazz,jazz/jazz.00055,,jazz
jazz/jazz.00056,A moderate instrumental excerpt at about 123 beats per minute. The timbre is bright and very spread across the spectrum. The recording is loud and moderately percussive. It covers a moderate range of pitch classes.,jazz,jazz/jazz.00056,,jazz
jazz/jazz.00057,A slow instrumental excerpt at about 96 beats per minute. The timbre is very dark and focused across the spectrum. The recording is quiet and smooth. It covers a very narrow range of pitch classes.,jazz,jazz/jazz.00057,,jazz
jazz/jazz.00058,A moderate instrumental excerpt at about 123 beats per minute. The timbre is dark and focused across the spectrum. The recording is quiet and moderately percussive. It covers a narrow range of pitch classes.,jazz,jazz/jazz.00058,,jazz
jazz/jazz.00059,A moderate instrumental excerpt at about 108 beats per minute. The timbre is very dark and moderately spread across the spectrum. The recording is loud and very smooth. It covers a narrow range of pitch classes.,jazz,jazz/jazz.00059,,jazz
jazz/jazz.00060,A slow instrumental excerpt at about 96 beats per minute. The timbre is dark and focused across the spectrum. The recording is moderate and smooth. It covers a narrow range of pitch classes.,jazz,jazz/jazz.00060,,jazz
jazz/jazz.00061,A very fast instrumental excerpt at about 172 beats per minute. The timbre is balanced and spread across the spectrum. The recording is very loud and moderately percussive. It covers a moderate range of pitch classes.,jazz,jazz/jazz.00061,,jazz
jazz/jazz.00062,A very fast instrumental excerpt at about 152 beats per minute. The timbre is dark and moderately spread across the spectrum. The recording is moderate and smooth. It covers a narrow range of pitch classes.,jazz,jazz/jazz.00062,,jazz
jazz/jazz.00063,A moderate instrumental excerpt at about 123 beats per minute. The timbre is balanced and spread across the spectrum. The recording is loud and moderately percussive. It covers a moderate range of pitch classes.,jazz,jazz/jazz.00063,,jazz
jazz/jazz.00064,A slow instrumental excerpt at about 99 beats per minute. The timbre is dark and moderately spread across the spectrum. The recording is loud and smooth. It covers a moderate range of pitch classes.,jazz,jazz/jazz.00064,,jazz
jazz/jazz.00065,A slow instrumental excerpt at about 99 beats per minute. The timbre is very dark and focused across the spectrum. The recording is quiet and smooth. It covers a very narrow range of pitch classes.,jazz,jazz/jazz.00065,,jazz
jazz/jazz.00066,A up-tempo instrumental excerpt at about 129 beats per minute. The timbre is dark and focused across the spectrum. The recording is loud and moderately percussive. It covers a very narrow range of pitch classes.,jazz,jazz/jazz.00066,,jazz
jazz/jazz.00067,A slow instrumental excerpt at about 99 beats per minute. The timbre is very dark and focused across the spectrum. The recording is moderate and smooth. It covers a very narrow range of pitch classes.,jazz,jazz/jazz.00067,,jazz
jazz/jazz.00068,A very slow instrumental excerpt at about 74 beats per minute. The timbre is very dark and focused across the spectrum. The recording is moderate and smooth. It covers a narrow range of pitch classes.,jazz,jazz/jazz.00068,,jazz
jazz/jazz.00069,A very fast instrumental excerpt at about 152 beats per minute. The timbre is balanced and moderately spread across the spectrum. The recording is moderate and moderately percussive. It covers a very narrow range of pitch classes.,jazz,jazz/jazz.00069,,jazz
jazz/jazz.00070,A moderate instrumental excerpt at about 103 beats per minute. The timbre is very dark and focused across the spectrum. The recording is quiet and smooth. It covers a very narrow range of pitch classes.,jazz,jazz/jazz.00070,,jazz
jazz/jazz.00071,A very fast instrumental excerpt at about 152 beats per minute. The timbre is very dark and very focused across the spectrum. The recording is moderate and very smooth. It covers a very narrow range of pitch classes.,jazz,jazz/jazz.00071,,jazz
jazz/jazz.00072,A moderate instrumental excerpt at about 108 beats per minute. The timbre is very dark and focused across the spectrum. The recording is moderate and smooth. It covers a very narrow range of pitch classes.,jazz,jazz/jazz.00072,,jazz
jazz/jazz.00073,A moderate instrumental excerpt at about 112 beats per minute. The timbre is bright and very spread across the spectrum. The recording is moderate and percussive. It covers a narrow range of pitch classes.,jazz,jazz/jazz.00073,,jazz
jazz/jazz.00074,A slow instrumental excerpt at about 83 beats per minute. The timbre is balanced and spread across the spectrum. The recording is moderate and moderately percussive. It covers a narrow range of pitch classes.,jazz,jazz/jazz.00074,,jazz
jazz/jazz.00075,A moderate instrumental excerpt at about 103 beats per minute. The timbre is bright and spread across the spectrum. The recording is moderate and percussive. It covers a narrow range of pitch classes.,jazz,jazz/jazz.00075,,jazz
jazz/jazz.00076,A moderate instrumental excerpt at about 117 beats per minute. The timbre is dark and moderately spread across the spectrum. The recording is moderate and smooth. It covers a narrow range of pitch classes.,jazz,jazz/jazz.00076,,jazz
jazz/jazz.00077,A very fast instrumental excerpt at about 185 beats per minute. The timbre is bright and spread across the spectrum. The recording is moderate and percussive. It covers a narrow range of pitch classes.,jazz,jazz/jazz.00077,,jazz
jazz/jazz.00078,A slow instrumental excerpt at about 81 beats per minute. The timbre is bright and spread across the spectrum. The recording is moderate and moderately percussive. It covers a very narrow range of pitch classes.,jazz,jazz/jazz.00078,,jazz
jazz/jazz.00079,A moderate instrumental excerpt at about 108 beats per minute. The timbre is bright and spread across the spectrum. The recording is quiet and moderately percussive. It covers a narrow range of pitch classes.,jazz,jazz/jazz.00079,,jazz
jazz/jazz.00080,A up-tempo instrumental excerpt at about 136 beats per minute. The timbre is bright and spread across the spectrum. The recording is quiet and percussive. It covers a moderate range of pitch classes.,jazz,jazz/jazz.00080,,jazz
jazz/jazz.00081,A moderate instrumental excerpt at about 117 beats per minute. The timbre is bright and very spread across the spectrum. The recording is very quiet and moderately percussive. It covers a wide range of pitch classes.,jazz,jazz/jazz.00081,,jazz
jazz/jazz.00082,A slow instrumental excerpt at about 99 beats per minute. The timbre is very bright and very spread across the spectrum. The recording is very quiet and very percussive. It covers a moderate range of pitch classes.,jazz,jazz/jazz.00082,,jazz
jazz/jazz.00083,A moderate instrumental excerpt at about 108 beats per minute. The timbre is very bright and very spread across the spectrum. The recording is quiet and percussive. It covers a wide range of pitch classes.,jazz,jazz/jazz.00083,,jazz
jazz/jazz.00084,A moderate instrumental excerpt at about 123 beats per minute. The timbre is bright and spread across the spectrum. The recording is quiet and moderately percussive. It covers a moderate range of pitch classes.,jazz,jazz/jazz.00084,,jazz
jazz/jazz.00085,A slow instrumental excerpt at about 81 beats per minute. The timbre is bright and spread across the spectrum. The recording is quiet and percussive. It covers a narrow range of pitch classes.,jazz,jazz/jazz.00085,,jazz
jazz/jazz.00086,A up-tempo instrumental excerpt at about 136 beats per minute. The timbre is very bright and very spread across the spectrum. The recording is quiet and very percussive. It covers a narrow range of pitch classes.,jazz,jazz/jazz.00086,,jazz
jazz/jazz.00087,A up-tempo instrumental excerpt at about 136 beats per minute. The timbre is dark and spread across the spectrum. The recording is very quiet and very smooth. It covers a narrow range of pitch classes.,jazz,jazz/jazz.00087,,jazz
jazz/jazz.00088,A up-tempo instrumental excerpt at about 129 beats per minute. The timbre is balanced and very spread across the spectrum. The recording is moderate and smooth. It covers a narrow range of pitch classes.,jazz,jazz/jazz.00088,,jazz
jazz/jazz.00089,A very slow instrumental excerpt at about 55 beats per minute. The timbre is dark and spread across the spectrum. The recording is very quiet and smooth. It covers a narrow range of pitch classes.,jazz,jazz/jazz.00089,,jazz
jazz/jazz.00090,A up-tempo instrumental excerpt at about 136 beats per minute. The timbre is dark and spread across the spectrum. The recording is quiet and smooth. It covers a very narrow range of pitch classes.,jazz,jazz/jazz.00090,,jazz
jazz/jazz.00091,A moderate instrumental excerpt at about 112 beats per minute. The timbre is bright and spread across the spectrum. The recording is very quiet and percussive. It covers a very narrow range of pitch classes.,jazz,jazz/jazz.00091,,jazz
jazz/jazz.00092,A moderate instrumental excerpt at about 117 beats per minute. The timbre is balanced and spread across the spectrum. The recording is quiet and smooth. It covers a very narrow range of pitch classes.,jazz,jazz/jazz.00092,,jazz
jazz/jazz.00093,A slow instrumental excerpt at about 83 beats per minute. The timbre is balanced and spread across the spectrum. The recording is very quiet and moderately percussive. It covers a very narrow range of pitch classes.,jazz,jazz/jazz.00093,,jazz
jazz/jazz.00094,A moderate instrumental excerpt at about 123 beats per minute. The timbre is very dark and focused across the spectrum. The recording is very quiet and very smooth. It covers a very narrow range of pitch classes.,jazz,jazz/jazz.00094,,jazz
jazz/jazz.00095,A moderate instrumental excerpt at about 117 beats per minute. The timbre is dark and moderately spread across the spectrum. The recording is quiet and smooth. It covers a narrow range of pitch classes.,jazz,jazz/jazz.00095,,jazz
jazz/jazz.00096,A up-tempo instrumental excerpt at about 136 beats per minute. The timbre is dark and moderately spread across the spectrum. The recording is very quiet and smooth. It covers a narrow range of pitch classes.,jazz,jazz/jazz.00096,,jazz
jazz/jazz.00097,A slow instrumental excerpt at about 86 beats per minute. The timbre is very dark and focused across the spectrum. The recording is very quiet and very smooth. It covers a very narrow range of pitch classes.,jazz,jazz/jazz.00097,,jazz
jazz/jazz.00098,A slow instrumental excerpt at about 81 beats per minute. The timbre is dark and moderately spread across the spectrum. The recording is quiet and smooth. It covers a narrow range of pitch classes.,jazz,jazz/jazz.00098,,jazz
jazz/jazz.00099,A up-tempo instrumental excerpt at about 136 beats per minute. The timbre is dark and moderately spread across the spectrum. The recording is very quiet and very smooth. It covers a narrow range of pitch classes.,jazz,jazz/jazz.00099,,jazz
metal/metal.00000,A slow instrumental excerpt at about 96 beats per minute. The timbre is very bright and spread across the spectrum. The recording is moderate and very percussive. It covers a wide range of pitch classes.,metal,metal/metal.00000,,metal
metal/metal.00001,A slow instrumental excerpt at about 78 beats per minute. The timbre is bright and spread across the spectrum. The recording is moderate and percussive. It covers a wide range of pitch classes.,metal,metal/metal.00001,,metal
metal/metal.00002,A moderate instrumental excerpt at about 112 beats per minute. The timbre is balanced and moderately spread across the spectrum. The recording is moderate and percussive. It covers a wide range of pitch classes.,metal,metal/metal.00002,,metal
metal/metal.00003,A slow instrumental excerpt at about 99 beats per minute. The timbre is bright and moderately spread across the spectrum. The recording is loud and percussive. It covers a wide range of pitch classes.,metal,metal/metal.00003,,metal
metal/metal.00004,A up-tempo instrumental excerpt at about 136 beats per minute. The timbre is very bright and spread across the spectrum. The recording is quiet and very percussive. It covers a very wide range of pitch classes.,metal,metal/metal.00004,,metal
metal/metal.00005,A very fast instrumental excerpt at about 152 beats per minute. The timbre is balanced and moderately spread across the spectrum. The recording is moderate and percussive. It covers a wide range of pitch classes.,metal,metal/metal.00005,,metal
metal/metal.00006,A moderate instrumental excerpt at about 123 beats per minute. The timbre is very bright and spread across the spectrum. The recording is quiet and very percussive. It covers a wide range of pitch classes.,metal,metal/metal.00006,,metal
metal/metal.00007,A very fast instrumental excerpt at about 152 beats per minute. The timbre is bright and spread across the spectrum. The recording is quiet and percussive. It covers a very wide range of pitch classes.,metal,metal/metal.00007,,metal
metal/metal.00008,A moderate instrumental excerpt at about 117 beats per minute. The timbre is bright and spread across the spectrum. The recording is quiet and percussive. It covers a wide range of pitch classes.,metal,metal/metal.00008,,metal
metal/metal.00009,A moderate instrumental excerpt at about 112 beats per minute. The timbre is balanced and moderately spread across the spectrum. The recording is very loud and moderately percussive. It covers a very wide range of pitch classes.,metal,metal/metal.00009,,metal
metal/metal.00010,A very fast instrumental excerpt at about 185 beats per minute. The timbre is bright and moderately spread across the spectrum. The recording is moderate and very percussive. It covers a very wide range of pitch classes.,metal,metal/metal.00010,,metal
metal/metal.00011,A very fast instrumental excerpt at about 161 beats per minute. The timbre is bright and moderately spread across the spectrum. The recording is very loud and very percussive. It covers a very wide range of pitch classes.,metal,metal/metal.00011,,metal
metal/metal.00012,A very fast instrumental excerpt at about 172 beats per minute. The timbre is bright and moderately spread across the spectrum. The recording is moderate and very percussive. It covers a very wide range of pitch classes.,metal,metal/metal.00012,,metal
metal/metal.00013,A up-tempo instrumental excerpt at about 136 beats per minute. The timbre is bright and moderately spread across the spectrum. The recording is quiet and very percussive. It covers a very wide range of pitch classes.,metal,metal/metal.00013,,metal
metal/metal.00014,A very fast instrumental excerpt at about 152 beats per minute. The timbre is bright and moderately spread across the spectrum. The recording is quiet and very percussive. It covers a very wide range of pitch classes.,metal,metal/metal.00014,,metal
metal/metal.00015,A very fast instrumental excerpt at about 172 beats per minute. The timbre is bright and spread across the spectrum. The recording is moderate and percussive. It covers a wide range of pitch classes.,metal,metal/metal.00015,,metal
metal/metal.00016,A slow instrumental excerpt at about 92 beats per minute. The timbre is bright and moderately spread across the spectrum. The recording is very loud and very percussive. It covers a very wide range of pitch classes.,metal,metal/metal.00016,,metal
metal/metal.00017,A moderate instrumental excerpt at about 108 beats per minute. The timbre is bright and moderately spread across the spectrum. The recording is moderate and percussive. It covers a very wide range of pitch classes.,metal,metal/metal.00017,,metal
metal/metal.00018,A slow instrumental excerpt at about 99 beats per minute. The timbre is balanced and focused across the spectrum. The recording is moderate and very percussive. It covers a very wide range of pitch classes.,metal,metal/metal.00018,,metal
metal/metal.00019,A moderate instrumental excerpt at about 112 beats per minute. The timbre is bright and moderately spread across the spectrum. The recording is moderate and percussive. It covers a very wide range of pitch classes.,metal,metal/metal.00019,,metal
metal/metal.00020,A slow instrumental excerpt at about 99 beats per minute. The timbre is bright and moderately spread across the spectrum. The recording is moderate and percussive. It covers a wide range of pitch classes.,metal,metal/metal.00020,,metal
metal/metal.00021,A moderate instrumental excerpt at about 108 beats per minute. The timbre is bright and moderately spread across the spectrum. The recording is moderate and very percussive. It covers a very wide range of pitch classes.,metal,metal/metal.00021,,metal
metal/metal.00022,A up-tempo instrumental excerpt at about 136 beats per minute. The timbre is balanced and moderately spread across the spectrum. The recording is loud and moderately percussive. It covers a moderate range of pitch classes.,metal,metal/metal.00022,,metal
metal/metal.00023,A up-tempo instrumental excerpt at about 144 beats per minute. The timbre is bright and moderately spread across the spectrum. The recording is loud and percussive. It covers a very wide range of pitch classes.,metal,metal/metal.00023,,metal
metal/metal.00024,A moderate instrumental excerpt at about 112 beats per minute. The timbre is balanced and moderately spread across the spectrum. The recording is very loud and percussive. It covers a wide range of pitch classes.,metal,metal/metal.00024,,metal
metal/metal.00025,A up-tempo instrumental excerpt at about 136 beats per minute. The timbre is balanced and moderately spread across the spectrum. The recording is moderate and percussive. It covers a wide range of pitch classes.,metal,metal/metal.00025,,metal
metal/metal.00026,A up-tempo instrumental excerpt at about 129 beats per minute. The timbre is bright and moderately spread across the spectrum. The recording is moderate and very percussive. It covers a wide range of pitch classes.,metal,metal/metal.00026,,metal
metal/metal.00027,A up-tempo instrumental excerpt at about 129 beats per minute. The timbre is balanced and moderately spread across the spectrum. The recording is loud and percussive. It covers a wide range of pitch classes.,metal,metal/metal.00027,,metal
metal/metal.00028,A up-tempo instrumental excerpt at about 136 beats per minute. The timbre is bright and moderately spread across the spectrum. The recording is moderate and very percussive. It covers a wide range of pitch classes.,metal,metal/metal.00028,,metal
metal/metal.00029,A moderate instrumental excerpt at about 123 beats per minute. The timbre is bright and spread across the spectrum. The recording is quiet and percussive. It covers a wide range of pitch classes.,metal,metal/metal.00029,,metal
metal/metal.00030,A up-tempo instrumental excerpt at about 129 beats per minute. The timbre is dark and focused across the spectrum. The recording is very loud and smooth. It covers a wide range of pitch classes.,metal,metal/metal.00030,,metal
metal/metal.00031,A up-tempo instrumental excerpt at about 136 beats per minute. The timbre is bright and spread across the spectrum. The recording is very loud and percussive. It covers a wide range of pitch classes.,metal,metal/metal.00031,,metal
metal/metal.00032,A moderate instrumental excerpt at about 117 beats per minute. The timbre is bright and moderately spread across the spectrum. The recording is moderate and percussive. It covers a wide range of pitch classes.,metal,metal/metal.00032,,metal
metal/metal.00033,A moderate instrumental excerpt at about 123 beats per minute. The timbre is balanced and focused across the spectrum. The recording is very loud and moderately percussive. It covers a wide range of pitch classes.,metal,metal/metal.00033,,metal
metal/metal.00034,A very fast instrumental excerpt at about 161 beats per minute. The timbre is bright and moderately spread across the spectrum. The recording is moderate and percussive. It covers a moderate range of pitch classes.,metal,metal/metal.00034,,metal
metal/metal.00035,A moderate instrumental excerpt at about 117 beats per minute. The timbre is bright and moderately spread across the spectrum. The recording is very loud and percussive. It covers a very wide range of pitch classes.,metal,metal/metal.00035,,metal
metal/metal.00036,A up-tempo instrumental excerpt at about 144 beats per minute. The timbre is bright and moderately spread across the spectrum. The recording is moderate and percussive. It covers a very wide range of pitch classes.,metal,metal/metal.00036,,metal
metal/metal.00037,A up-tempo instrumental excerpt at about 136 beats per minute. The timbre is balanced and moderately spread across the spectrum. The recording is moderate and percussive. It covers a moderate range of pitch classes.,metal,metal/metal.00037,,metal
metal/metal.00038,A slow instrumental excerpt at about 96 beats per minute. The timbre is bright and moderately spread across the spectrum. The recording is moderate and percussive. It covers a wide range of pitch classes.,metal,metal/metal.00038,,metal
metal/metal.00039,A moderate instrumental excerpt at about 117 beats per minute. The timbre is balanced and moderately spread across the spectrum. The recording is loud and moderately percussive. It covers a moderate range of pitch classes.,metal,metal/metal.00039,,metal
metal/metal.00040,A moderate instrumental excerpt at about 108 beats per minute. The timbre is bright and moderately spread across the spectrum. The recording is moderate and percussive. It covers a very wide range of pitch classes.,metal,metal/metal.00040,,metal
metal/metal.00041,A moderate instrumental excerpt at about 117 beats per minute. The timbre is balanced and focused across the spectrum. The recording is moderate and percussive. It covers a wide range of pitch classes.,metal,metal/metal.00041,,metal
metal/metal.00042,A up-tempo instrumental excerpt at about 129 beats per minute. The timbre is balanced and moderately spread across the spectrum. The recording is moderate and percussive. It covers a wide range of pitch classes.,metal,metal/metal.00042,,metal
metal/metal.00043,A slow instrumental excerpt at about 96 beats per minute. The timbre is bright and moderately spread across the spectrum. The recording is moderate and very percussive. It covers a wide range of pitch classes.,metal,metal/metal.00043,,metal
metal/metal.00044,A moderate instrumental excerpt at about 117 beats per minute. The timbre is bright and moderately spread across the spectrum. The recording is moderate and very percussive. It covers a wide range of pitch classes.,metal,metal/metal.00044,,metal
metal/metal.00045,A very slow instrumental excerpt at about 62 beats per minute. The timbre is balanced and moderately spread across the spectrum. The recording is quiet and percussive. It covers a wide range of pitch classes.,metal,metal/metal.00045,,metal
metal/metal.00046,A moderate instrumental excerpt at about 117 beats per minute. The timbre is bright and moderately spread across the spectrum. The recording is loud and percussive. It covers a wide range of pitch classes.,metal,metal/metal.00046,,metal
metal/metal.00047,A moderate instrumental excerpt at about 103 beats per minute. The timbre is bright and moderately spread across the spectrum. The recording is loud and very percussive. It covers a wide range of pitch classes.,metal,metal/metal.00047,,metal
metal/metal.00048,A moderate instrumental excerpt at about 108 beats per minute. The timbre is bright and moderately spread across the spectrum. The recording is very loud and very percussive. It covers a wide range of pitch classes.,metal,metal/metal.00048,,metal
metal/metal.00049,A slow instrumental excerpt at about 99 beats per minute. The timbre is bright and moderately spread across the spectrum. The recording is loud and very percussive. It covers a very wide range of pitch classes.,metal,metal/metal.00049,,metal
metal/metal.00050,A moderate instrumental excerpt at about 112 beats per minute. The timbre is bright and spread across the spectrum. The recording is very loud and very percussive. It covers a very wide range of pitch classes.,metal,metal/metal.00050,,metal
metal/metal.00051,A moderate instrumental excerpt at about 108 beats per minute. The timbre is very bright and spread across the spectrum. The recording is very loud and very percussive. It covers a very wide range of pitch classes.,metal,metal/metal.00051,,metal
metal/metal.00052,A very fast instrumental excerpt at about 161 beats per minute. The timbre is bright and moderately spread across the spectrum. The recording is very loud and percussive. It covers a very wide range of pitch classes.,metal,metal/metal.00052,,metal
metal/metal.00053,A moderate instrumental excerpt at about 123 beats per minute. The timbre is bright and moderately spread across the spectrum. The recording is very loud and very percussive. It covers a wide range of pitch classes.,metal,metal/metal.00053,,metal
metal/metal.00054,A moderate instrumental excerpt at about 123 beats per minute. The timbre is very bright and spread across the spectrum. The recording is loud and very percussive. It covers a very wide range of pitch classes.,metal,metal/metal.00054,,metal
metal/metal.00055,A very fast instrumental excerpt at about 172 beats per minute. The timbre is very bright and moderately spread across the spectrum. The recording is very loud and very percussive. It covers a wide range of pitch classes.,metal,metal/metal.00055,,metal
metal/metal.00056,A moderate instrumental excerpt at about 108 beats per minute. The timbre is bright and moderately spread across the spectrum. The recording is very loud and very percussive. It covers a wide range of pitch classes.,metal,metal/metal.00056,,metal
metal/metal.00057,A up-tempo instrumental excerpt at about 129 beats per minute. The timbre is bright and moderately spread across the spectrum. The recording is loud and percussive. It covers a wide range of pitch classes.,metal,metal/metal.00057,,metal
metal/metal.00058,A up-tempo instrumental excerpt at about 144 beats per minute. The timbre is balanced and moderately spread across the spectrum. The recording is loud and percussive. It covers a wide range of pitch classes.,metal,metal/metal.00058,,metal
metal/metal.00059,A slow instrumental excerpt at about 99 beats per minute. The timbre is balanced and moderately spread across the spectrum. The recording is loud and percussive. It covers a wide range of pitch classes.,metal,metal/metal.00059,,metal
metal/metal.00060,A slow instrumental excerpt at about 89 beats per minute. The timbre is balanced and moderately spread across the spectrum. The recording is moderate and percussive. It covers a very wide range of pitch classes.,metal,metal/metal.00060,,metal
metal/metal.00061,A moderate instrumental excerpt at about 108 beats per minute. The timbre is bright and moderately spread across the spectrum. The recording is moderate and percussive. It covers a very wide range of pitch classes.,metal,metal/metal.00061,,metal
metal/metal.00062,A moderate instrumental excerpt at about 117 beats per minute. The timbre is balanced and focused across the spectrum. The recording is moderate and percussive. It covers a wide range of pitch classes.,metal,metal/metal.00062,,metal
metal/metal.00063,A up-tempo instrumental excerpt at about 129 beats per minute. The timbre is balanced and moderately spread across the spectrum. The recording is moderate and percussive. It covers a wide range of pitch classes.,metal,metal/metal.00063,,metal
metal/metal.00064,A slow instrumental excerpt at about 96 beats per minute. The timbre is bright and moderately spread across the spectrum. The recording is moderate and very percussive. It covers a wide range of pitch classes.,metal,metal/metal.00064,,metal
metal/metal.00065,A moderate instrumental excerpt at about 117 beats per minute. The timbre is bright and moderately spread across the spectrum. The recording is moderate and very percussive. It covers a wide range of pitch classes.,metal,metal/metal.00065,,metal
metal/metal.00066,A very slow instrumental excerpt at about 62 beats per minute. The timbre is balanced and moderately spread across the spectrum. The recording is quiet and percussive. It covers a wide range of pitch classes.,metal,metal/metal.00066,,metal
metal/metal.00067,A up-tempo instrumental excerpt at about 136 beats per minute. The timbre is balanced and moderately spread across the spectrum. The recording is moderate and percussive. It covers a wide range of pitch classes.,metal,metal/metal.00067,,metal
metal/metal.00068,A very fast instrumental excerpt at about 161 beats per minute. The timbre is balanced and moderately spread across the spectrum. The recording is moderate and percussive. It covers a wide range of pitch classes.,metal,metal/metal.00068,,metal
metal/metal.00069,A very fast instrumental excerpt at about 161 beats per minute. The timbre is dark and moderately spread across the spectrum. The recording is loud and smooth. It covers a wide range of pitch classes.,metal,metal/metal.00069,,metal
metal/metal.00070,A moderate instrumental excerpt at about 117 beats per minute. The timbre is bright and spread across the spectrum. The recording is very quiet and percussive. It covers a moderate range of pitch classes.,metal,metal/metal.00070,,metal
metal/metal.00071,A slow instrumental excerpt at about 86 beats per minute. The timbre is bright and spread across the spectrum. The recording is moderate and percussive. It covers a wide range of pitch classes.,metal,metal/metal.00071,,metal
metal/metal.00072,A moderate instrumental excerpt at about 123 beats per minute. The timbre is balanced and moderately spread across the spectrum. The recording is loud and moderately percussive. It covers a wide range of pitch classes.,metal,metal/metal.00072,,metal
metal/metal.00073,A up-tempo instrumental excerpt at about 144 beats per minute. The timbre is bright and spread across the spectrum. The recording is very loud and percussive. It covers a wide range of pitch classes.,metal,metal/metal.00073,,metal
metal/metal.00074,A moderate instrumental excerpt at about 123 beats per minute. The timbre is bright and spread across the spectrum. The recording is very quiet and percussive. It covers a wide range of pitch classes.,metal,metal/metal.00074,,metal
metal/metal.00075,A moderate instrumental excerpt at about 112 beats per minute. The timbre is balanced and moderately spread across the spectrum. The recording is very loud and moderately percussive. It covers a wide range of pitch classes.,metal,metal/metal.00075,,metal
metal/metal.00076,A up-tempo instrumental excerpt at about 144 beats per minute. The timbre is bright and moderately spread across the spectrum. The recording is moderate and percussive. It covers a wide range of pitch classes.,metal,metal/metal.00076,,metal
metal/metal.00077,A very fast instrumental excerpt at about 152 beats per minute. The timbre is bright and moderately spread across the spectrum. The recording is moderate and percussive. It covers a wide range of pitch classes.,metal,metal/metal.00077,,metal
metal/metal.00078,A slow instrumental excerpt at about 99 beats per minute. The timbre is bright and spread across the spectrum. The recording is very loud and percussive. It covers a very wide range of pitch classes.,metal,metal/metal.00078,,metal
metal/metal.00079,A moderate instrumental excerpt at about 123 beats per minute. The timbre is bright and moderately spread across the spectrum. The recording is moderate and percussive. It covers a wide range of pitch classes.,metal,metal/metal.00079,,metal
metal/metal.00080,A very fast instrumental excerpt at about 161 beats per minute. The timbre is bright and spread across the spectrum. The recording is moderate and percussive. It covers a wide range of pitch classes.,metal,metal/metal.00080,,metal
metal/metal.00081,A very fast instrumental excerpt at about 152 beats per minute. The timbre is balanced and moderately spread across the spectrum. The recording is loud and percussive. It covers a very wide range of pitch classes.,metal,metal/metal.00081,,metal
metal/metal.00082,A moderate instrumental excerpt at about 123 beats per minute. The timbre is balanced and moderately spread across the spectrum. The recording is moderate and percussive. It covers a very wide range of pitch classes.,metal,metal/metal.00082,,metal
metal/metal.00083,A moderate instrumental excerpt at about 117 beats per minute. The timbre is balanced and moderately spread across the spectrum. The recording is loud and percussive. It covers a wide range of pitch classes.,metal,metal/metal.00083,,metal
metal/metal.00084,A very fast instrumental excerpt at about 152 beats per minute. The timbre is bright and moderately spread across the spectrum. The recording is very loud and percussive. It covers a wide range of pitch classes.,metal,metal/metal.00084,,metal
metal/metal.00085,A moderate instrumental excerpt at about 103 beats per minute. The timbre is bright and moderately spread across the spectrum. The recording is loud and percussive. It covers a wide range of pitch classes.,metal,metal/metal.00085,,metal
metal/metal.00086,A moderate instrumental excerpt at about 123 beats per minute. The timbre is bright and moderately spread across the spectrum. The recording is quiet and percussive. It covers a wide range of pitch classes.,metal,metal/metal.00086,,metal
metal/metal.00087,A slow instrumental excerpt at about 96 beats per minute. The timbre is very bright and spread across the spectrum. The recording is very loud and very percussive. It covers a very wide range of pitch classes.,metal,metal/metal.00087,,metal
metal/metal.00088,A moderate instrumental excerpt at about 117 beats per minute. The timbre is balanced and moderately spread across the spectrum. The recording is moderate and moderately percussive. It covers a wide range of pitch classes.,metal,metal/metal.00088,,metal
metal/metal.00089,A very fast instrumental excerpt at about 152 beats per minute. The timbre is dark and focused across the spectrum. The recording is very loud and very smooth. It covers a wide range of pitch classes.,metal,metal/metal.00089,,metal
metal/metal.00090,A slow instrumental excerpt at about 89 beats per minute. The timbre is balanced and moderately spread across the spectrum. The recording is moderate and moderately percussive. It covers a wide range of pitch classes.,metal,metal/metal.00090,,metal
metal/metal.00091,A slow instrumental excerpt at about 92 beats per minute. The timbre is balanced and moderately spread across the spectrum. The recording is moderate and percussive. It covers a moderate range of pitch classes.,metal,metal/metal.00091,,metal
metal/metal.00092,A moderate instrumental excerpt at about 117 beats per minute. The timbre is balanced and moderately spread across the spectrum. The recording is loud and moderately percussive. It covers a narrow range of pitch classes.,metal,metal/metal.00092,,metal
metal/metal.00093,A very fast instrumental excerpt at about 172 beats per minute. The timbre is bright and moderately spread across the spectrum. The recording is moderate and percussive. It covers a wide range of pitch classes.,metal,metal/metal.00093,,metal
metal/metal.00094,A very fast instrumental excerpt at about 161 beats per minute. The timbre is bright and moderately spread across the spectrum. The recording is moderate and percussive. It covers a moderate range of pitch classes.,metal,metal/metal.00094,,metal
metal/metal.00095,A very fast instrumental excerpt at about 152 beats per minute. The timbre is balanced and moderately spread across the spectrum. The recording is loud and percussive. It covers a very wide range of pitch classes.,metal,metal/metal.00095,,metal
metal/metal.00096,A very fast instrumental excerpt at about 161 beats per minute. The timbre is balanced and moderately spread across the spectrum. The recording is loud and percussive. It covers a very wide range of pitch classes.,metal,metal/metal.00096,,metal
metal/metal.00097,A moderate instrumental excerpt at about 112 beats per minute. The timbre is balanced and moderately spread across the spectrum. The recording is loud and moderately percussive. It covers a wide range of pitch classes.,metal,metal/metal.00097,,metal
metal/metal.00098,A very fast instrumental excerpt at about 152 beats per minute. The timbre is balanced and moderately spread across the spectrum. The recording is moderate and moderately percussive. It covers a very wide range of pitch classes.,metal,metal/metal.00098,,metal
metal/metal.00099,A up-tempo instrumental excerpt at about 144 beats per minute. The timbre is balanced and moderately spread across the spectrum. The recording is loud and moderately percussive. It covers a very wide range of pitch classes.,metal,metal/metal.00099,,metal
pop/pop.00000,A slow instrumental excerpt at about 89 beats per minute. The timbre is very bright and very spread across the spectrum. The recording is loud and percussive. It covers a moderate range of pitch classes.,pop,pop/pop.00000,,pop
pop/pop.00001,A moderate instrumental excerpt at about 108 beats per minute. The timbre is very bright and very spread across the spectrum. The recording is very loud and percussive. It covers a moderate range of pitch classes.,pop,pop/pop.00001,,pop
pop/pop.00002,A slow instrumental excerpt at about 83 beats per minute. The timbre is very bright and very spread across the spectrum. The recording is loud and moderately percussive. It covers a moderate range of pitch classes.,pop,pop/pop.00002,,pop
pop/pop.00003,A slow instrumental excerpt at about 92 beats per minute. The timbre is dark and moderately spread across the spectrum. The recording is moderate and moderately percussive. It covers a moderate range of pitch classes.,pop,pop/pop.00003,,pop
pop/pop.00004,A moderate instrumental excerpt at about 108 beats per minute. The timbre is bright and spread across the spectrum. The recording is loud and percussive. It covers a moderate range of pitch classes.,pop,pop/pop.00004,,pop
pop/pop.00005,A very fast instrumental excerpt at about 172 beats per minute. The timbre is balanced and spread across the spectrum. The recording is moderate and moderately percussive. It covers a narrow range of pitch classes.,pop,pop/pop.00005,,pop
pop/pop.00006,A slow instrumental excerpt at about 92 beats per minute. The timbre is balanced and spread across the spectrum. The recording is moderate and smooth. It covers a moderate range of pitch classes.,pop,pop/pop.00006,,pop
pop/pop.00007,A up-tempo instrumental excerpt at about 129 beats per minute. The timbre is balanced and moderately spread across the spectrum. The recording is quiet and moderately percussive. It covers a very narrow range of pitch classes.,pop,pop/pop.00007,,pop
pop/pop.00008,A very fast instrumental excerpt at about 172 beats per minute. The timbre is bright and very spread across the spectrum. The recording is loud and percussive. It covers a moderate range of pitch classes.,pop,pop/pop.00008,,pop
pop/pop.00009,A moderate instrumental excerpt at about 108 beats per minute. The timbre is very bright and very spread across the spectrum. The recording is loud and very percussive. It covers a wide range of pitch classes.,pop,pop/pop.00009,,pop
pop/pop.00010,A moderate instrumental excerpt at about 108 beats per minute. The timbre is balanced and spread across the spectrum. The recording is loud and smooth. It covers a moderate range of pitch classes.,pop,pop/pop.00010,,pop
pop/pop.00011,A very fast instrumental excerpt at about 185 beats per minute. The timbre is balanced and spread across the spectrum. The recording is quiet and moderately percussive. It covers a very narrow range of pitch classes.,pop,pop/pop.00011,,pop
pop/pop.00012,A slow instrumental excerpt at about 99 beats per minute. The timbre is bright and spread across the spectrum. The recording is loud and percussive. It covers a moderate range of pitch classes.,pop,pop/pop.00012,,pop
pop/pop.00013,A up-tempo instrumental excerpt at about 144 beats per minute. The timbre is balanced and very spread across the spectrum. The recording is loud and smooth. It covers a moderate range of pitch classes.,pop,pop/pop.00013,,pop
pop/pop.00014,A moderate instrumental excerpt at about 117 beats per minute. The timbre is balanced and moderately spread across the spectrum. The recording is quiet and moderately percussive. It covers a wide range of pitch classes.,pop,pop/pop.00014,,pop
pop/pop.00015,A moderate instrumental excerpt at about 103 beats per minute. The timbre is very bright and very spread across the spectrum. The recording is loud and percussive. It covers a moderate range of pitch classes.,pop,pop/pop.00015,,pop
pop/pop.00016,A moderate instrumental excerpt at about 108 beats per minute. The timbre is very bright and very spread across the spectrum. The recording is moderate and percussive. It covers a moderate range of pitch classes.,pop,pop/pop.00016,,pop
pop/pop.00017,A moderate instrumental excerpt at about 108 beats per minute. The timbre is bright and spread across the spectrum. The recording is moderate and percussive. It covers a wide range of pitch classes.,pop,pop/pop.00017,,pop
pop/pop.00018,A moderate instrumental excerpt at about 123 beats per minute. The timbre is very bright and very spread across the spectrum. The recording is loud and percussive. It covers a moderate range of pitch classes.,pop,pop/pop.00018,,pop
pop/pop.00019,A slow instrumental excerpt at about 92 beats per minute. The timbre is very bright and very spread across the spectrum. The recording is loud and percussive. It covers a moderate range of pitch classes.,pop,pop/pop.00019,,pop
pop/pop.00020,A moderate instrumental excerpt at about 108 beats per minute. The timbre is very bright and very spread across the spectrum. The recording is very loud and very percussive. It covers a moderate range of pitch classes.,pop,pop/pop.00020,,pop
pop/pop.00021,A slow instrumental excerpt at about 99 beats per minute. The timbre is very bright and very spread across the spectrum. The recording is loud and very percussive. It covers a very wide range of pitch classes.,pop,pop/pop.00021,,pop
pop/pop.00022,A moderate instrumental excerpt at about 103 beats per minute. The timbre is very bright and very spread across the spectrum. The recording is loud and percussive. It covers a moderate range of pitch classes.,pop,pop/pop.00022,,pop
pop/pop.00023,A moderate instrumental excerpt at about 103 beats per minute. The timbre is very bright and very spread across the spectrum. The recording is loud and very percussive. It covers a moderate range of pitch classes.,pop,pop/pop.00023,,pop
pop/pop.00024,A moderate instrumental excerpt at about 117 beats per minute. The timbre is very bright and very spread across the spectrum. The recording is loud and percussive. It covers a moderate range of pitch classes.,pop,pop/pop.00024,,pop
pop/pop.00025,A very fast instrumental excerpt at about 152 beats per minute. The timbre is bright and very spread across the spectrum. The recording is loud and moderately percussive. It covers a narrow range of pitch classes.,pop,pop/pop.00025,,pop
pop/pop.00026,A very slow instrumental excerpt at about 76 beats per minute. The timbre is bright and spread across the spectrum. The recording is loud and moderately percussive. It covers a narrow range of pitch classes.,pop,pop/pop.00026,,pop
pop/pop.00027,A slow instrumental excerpt at about 83 beats per minute. The timbre is bright and very spread across the spectrum. The recording is loud and moderately percussive. It covers a moderate range of pitch classes.,pop,pop/pop.00027,,pop
pop/pop.00028,A slow instrumental excerpt at about 99 beats per minute. The timbre is bright and very spread across the spectrum. The recording is loud and percussive. It covers a narrow range of pitch classes.,pop,pop/pop.00028,,pop
pop/pop.00029,A very fast instrumental excerpt at about 161 beats per minute. The timbre is bright and very spread across the spectrum. The recording is very loud and moderately percussive. It covers a moderate range of pitch classes.,pop,pop/pop.00029,,pop
pop/pop.00030,A slow instrumental excerpt at about 96 beats per minute. The timbre is bright and very spread across the spectrum. The recording is loud and percussive. It covers a moderate range of pitch classes.,pop,pop/pop.00030,,pop
pop/pop.00031,A slow instrumental excerpt at about 96 beats per minute. The timbre is very bright and very spread across the spectrum. The recording is loud and percussive. It covers a moderate range of pitch classes.,pop,pop/pop.00031,,pop
pop/pop.00032,A slow instrumental excerpt at about 96 beats per minute. The timbre is very bright and very spread across the spectrum. The recording is moderate and very percussive. It covers a wide range of pitch classes.,pop,pop/pop.00032,,pop
pop/pop.00033,A slow instrumental excerpt at about 99 beats per minute. The timbre is bright and spread across the spectrum. The recording is moderate and percussive. It covers a wide range of pitch classes.,pop,pop/pop.00033,,pop
pop/pop.00034,A slow instrumental excerpt at about 96 beats per minute. The timbre is very bright and very spread across the spectrum. The recording is loud and percussive. It covers a narrow range of pitch classes.,pop,pop/pop.00034,,pop
pop/pop.00035,A moderate instrumental excerpt at about 108 beats per minute. The timbre is very bright and very spread across the spectrum. The recording is very loud and percussive. It covers a moderate range of pitch classes.,pop,pop/pop.00035,,pop
pop/pop.00036,A slow instrumental excerpt at about 99 beats per minute. The timbre is bright and very spread across the spectrum. The recording is very loud and moderately percussive. It covers a moderate range of pitch classes.,pop,pop/pop.00036,,pop
pop/pop.00037,A moderate instrumental excerpt at about 103 beats per minute. The timbre is very bright and very spread across the spectrum. The recording is very loud and percussive. It covers a wide range of pitch classes.,pop,pop/pop.00037,,pop
pop/pop.00038,A slow instrumental excerpt at about 92 beats per minute. The timbre is very bright and very spread across the spectrum. The recording is very loud and percussive. It covers a moderate range of pitch classes.,pop,pop/pop.00038,,pop
pop/pop.00039,A slow instrumental excerpt at about 83 beats per minute. The timbre is very bright and very spread across the spectrum. The recording is very loud and very percussive. It covers a moderate range of pitch classes.,pop,pop/pop.00039,,pop
pop/pop.00040,A up-tempo instrumental excerpt at about 129 beats per minute. The timbre is balanced and moderately spread across the spectrum. The recording is loud and moderately percussive. It covers a narrow range of pitch classes.,pop,pop/pop.00040,,pop
pop/pop.00041,A moderate instrumental excerpt at about 108 beats per minute. The timbre is balanced and spread across the spectrum. The recording is quiet and smooth. It covers a narrow range of pitch classes.,pop,pop/pop.00041,,pop
pop/pop.00042,A slow instrumental excerpt at about 92 beats per minute. The timbre is bright and very spread across the spectrum. The recording is very loud and percussive. It covers a moderate range of pitch classes.,pop,pop/pop.00042,,pop
pop/pop.00043,A up-tempo instrumental excerpt at about 136 beats per minute. The timbre is bright and spread across the spectrum. The recording is very loud and moderately percussive. It covers a wide range of pitch classes.,pop,pop/pop.00043,,pop
pop/pop.00044,A moderate instrumental excerpt at about 117 beats per minute. The timbre is very bright and very spread across the spectrum. The recording is very loud and percussive. It covers a wide range of pitch classes.,pop,pop/pop.00044,,pop
pop/pop.00045,A moderate instrumental excerpt at about 117 beats per minute. The timbre is bright and very spread across the spectrum. The recording is loud and percussive. It covers a moderate range of pitch classes.,pop,pop/pop.00045,,pop
pop/pop.00046,A moderate instrumental excerpt at about 117 beats per minute. The timbre is bright and very spread across the spectrum. The recording is loud and percussive. It covers a moderate range of pitch classes.,pop,pop/pop.00046,,pop
pop/pop.00047,A moderate instrumental excerpt at about 112 beats per minute. The timbre is very bright and very spread across the spectrum. The recording is loud and percussive. It covers a wide range of pitch classes.,pop,pop/pop.00047,,pop
pop/pop.00048,A up-tempo instrumental excerpt at about 129 beats per minute. The timbre is very bright and very spread across the spectrum. The recording is loud and very percussive. It covers a wide range of pitch classes.,pop,pop/pop.00048,,pop
pop/pop.00049,A very slow instrumental excerpt at about 59 beats per minute. The timbre is balanced and spread across the spectrum. The recording is moderate and smooth. It covers a narrow range of pitch classes.,pop,pop/pop.00049,,pop
pop/pop.00050,A up-tempo instrumental excerpt at about 144 beats per minute. The timbre is bright and very spread across the spectrum. The recording is loud and moderately percussive. It covers a moderate range of pitch classes.,pop,pop/pop.00050,,pop
pop/pop.00051,A moderate instrumental excerpt at about 112 beats per minute. The timbre is very bright and very spread across the spectrum. The recording is loud and very percussive. It covers a wide range of pitch classes.,pop,pop/pop.00051,,pop
pop/pop.00052,A moderate instrumental excerpt at about 103 beats per minute. The timbre is very bright and very spread across the spectrum. The recording is very loud and percussive. It covers a very wide range of pitch classes.,pop,pop/pop.00052,,pop
pop/pop.00053,A very fast instrumental excerpt at about 161 beats per minute. The timbre is bright and spread across the spectrum. The recording is loud and moderately percussive. It covers a very narrow range of pitch classes.,pop,pop/pop.00053,,pop
pop/pop.00054,A up-tempo instrumental excerpt at about 129 beats per minute. The timbre is very bright and very spread across the spectrum. The recording is very loud and percussive. It covers a moderate range of pitch classes.,pop,pop/pop.00054,,pop
pop/pop.00055,A moderate instrumental excerpt at about 103 beats per minute. The timbre is very bright and very spread across the spectrum. The recording is very loud and percussive. It covers a wide range of pitch classes.,pop,pop/pop.00055,,pop
pop/pop.00056,A slow instrumental excerpt at about 89 beats per minute. The timbre is very bright and very spread across the spectrum. The recording is very loud and percussive. It covers a wide range of pitch classes.,pop,pop/pop.00056,,pop
pop/pop.00057,A moderate instrumental excerpt at about 103 beats per minute. The timbre is very bright and very spread across the spectrum. The recording is very loud and percussive. It covers a very wide range of pitch classes.,pop,pop/pop.00057,,pop
pop/pop.00058,A slow instrumental excerpt at about 99 beats per minute. The timbre is bright and spread across the spectrum. The recording is loud and percussive. It covers a narrow range of pitch classes.,pop,pop/pop.00058,,pop
pop/pop.00059,A slow instrumental excerpt at about 89 beats per minute. The timbre is very bright and very spread across the spectrum. The recording is very loud and percussive. It covers a wide range of pitch classes.,pop,pop/pop.00059,,pop
pop/pop.00060,A up-tempo instrumental excerpt at about 129 beats per minute. The timbre is very bright and very spread across the spectrum. The recording is very loud and percussive. It covers a moderate range of pitch classes.,pop,pop/pop.00060,,pop
pop/pop.00061,A slow instrumental excerpt at about 96 beats per minute. The timbre is bright and very spread across the spectrum. The recording is very loud and moderately percussive. It covers a wide range of pitch classes.,pop,pop/pop.00061,,pop
pop/pop.00062,A very fast instrumental excerpt at about 161 beats per minute. The timbre is balanced and spread across the spectrum. The recording is very loud and moderately percussive. It covers a narrow range of pitch classes.,pop,pop/pop.00062,,pop
pop/pop.00063,A slow instrumental excerpt at about 81 beats per minute. The timbre is dark and moderately spread across the spectrum. The recording is moderate and smooth. It covers a narrow range of pitch classes.,pop,pop/pop.00063,,pop
pop/pop.00064,A up-tempo instrumental excerpt at about 129 beats per minute. The timbre is very bright and spread across the spectrum. The recording is loud and very percussive. It covers a narrow range of pitch classes.,pop,pop/pop.00064,,pop
pop/pop.00065,A moderate instrumental excerpt at about 117 beats per minute. The timbre is bright and spread across the spectrum. The recording is moderate and moderately percussive. It covers a narrow range of pitch classes.,pop,pop/pop.00065,,pop
pop/pop.00066,A slow instrumental excerpt at about 81 beats per minute. The timbre is bright and very spread across the spectrum. The recording is very loud and moderately percussive. It covers a moderate range of pitch classes.,pop,pop/pop.00066,,pop
pop/pop.00067,A moderate instrumental excerpt at about 112 beats per minute. The timbre is very bright and very spread across the spectrum. The recording is loud and very percussive. It covers a wide range of pitch classes.,pop,pop/pop.00067,,pop
pop/pop.00068,A up-tempo instrumental excerpt at about 129 beats per minute. The timbre is very bright and very spread across the spectrum. The recording is very loud and percussive. It covers a moderate range of pitch classes.,pop,pop/pop.00068,,pop
pop/pop.00069,A moderate instrumental excerpt at about 108 beats per minute. The timbre is balanced and spread across the spectrum. The recording is loud and moderately percussive. It covers a wide range of pitch classes.,pop,pop/pop.00069,,pop
pop/pop.00070,A moderate instrumental excerpt at about 123 beats per minute. The timbre is very bright and very spread across the spectrum. The recording is loud and percussive. It covers a wide range of pitch classes.,pop,pop/pop.00070,,pop
pop/pop.00071,A moderate instrumental excerpt at about 112 beats per minute. The timbre is very bright and very spread across the spectrum. The recording is loud and very percussive. It covers a wide range of pitch classes.,pop,pop/pop.00071,,pop
pop/pop.00072,A moderate instrumental excerpt at about 117 beats per minute. The timbre is bright and spread across the spectrum. The recording is very loud and percussive. It covers a wide range of pitch classes.,pop,pop/pop.00072,,pop
pop/pop.00073,A up-tempo instrumental excerpt at about 129 beats per minute. The timbre is very bright and very spread across the spectrum. The recording is very loud and percussive. It covers a wide range of pitch classes.,pop,pop/pop.00073,,pop
pop/pop.00074,A slow instrumental excerpt at about 83 beats per minute. The timbre is very bright and very spread across the spectrum. The recording is loud and percussive. It covers a narrow range of pitch classes.,pop,pop/pop.00074,,pop
pop/pop.00075,A slow instrumental excerpt at about 96 beats per minute. The timbre is very bright and very spread across the spectrum. The recording is loud and percussive. It covers a moderate range of pitch classes.,pop,pop/pop.00075,,pop
pop/pop.00076,A very fast instrumental excerpt at about 215 beats per minute. The timbre is very bright and very spread across the spectrum. The recording is very loud and percussive. It covers a wide range of pitch classes.,pop,pop/pop.00076,,pop
pop/pop.00077,A moderate instrumental excerpt at about 112 beats per minute. The timbre is very bright and very spread across the spectrum. The recording is very loud and very percussive. It covers a wide range of pitch classes.,pop,pop/pop.00077,,pop
pop/pop.00078,A moderate instrumental excerpt at about 103 beats per minute. The timbre is very bright and very spread across the spectrum. The recording is very loud and percussive. It covers a wide range of pitch classes.,pop,pop/pop.00078,,pop
pop/pop.00079,A moderate instrumental excerpt at about 112 beats per minute. The timbre is balanced and spread across the spectrum. The recording is very quiet and smooth. It covers a moderate range of pitch classes.,pop,pop/pop.00079,,pop
pop/pop.00080,A moderate instrumental excerpt at about 112 beats per minute. The timbre is very bright and very spread across the spectrum. The recording is loud and percussive. It covers a wide range of pitch classes.,pop,pop/pop.00080,,pop
pop/pop.00081,A up-tempo instrumental excerpt at about 144 beats per minute. The timbre is balanced and spread across the spectrum. The recording is moderate and moderately percussive. It covers a moderate range of pitch classes.,pop,pop/pop.00081,,pop
pop/pop.00082,A up-tempo instrumental excerpt at about 129 beats per minute. The timbre is very bright and very spread across the spectrum. The recording is loud and moderately percussive. It covers a wide range of pitch classes.,pop,pop/pop.00082,,pop
pop/pop.00083,A moderate instrumental excerpt at about 123 beats per minute. The timbre is balanced and very spread across the spectrum. The recording is moderate and moderately percussive. It covers a narrow range of pitch classes.,pop,pop/pop.00083,,pop
pop/pop.00084,A slow instrumental excerpt at about 99 beats per minute. The timbre is very bright and very spread across the spectrum. The recording is loud and percussive. It covers a moderate range of pitch classes.,pop,pop/pop.00084,,pop
pop/pop.00085,A moderate instrumental excerpt at about 117 beats per minute. The timbre is bright and spread across the spectrum. The recording is loud and percussive. It covers a wide range of pitch classes.,pop,pop/pop.00085,,pop
pop/pop.00086,A up-tempo instrumental excerpt at about 129 beats per minute. The timbre is very bright and very spread across the spectrum. The recording is moderate and very percussive. It covers a moderate range of pitch classes.,pop,pop/pop.00086,,pop
pop/pop.00087,A moderate instrumental excerpt at about 103 beats per minute. The timbre is very bright and very spread across the spectrum. The recording is loud and percussive. It covers a moderate range of pitch classes.,pop,pop/pop.00087,,pop
pop/pop.00088,A slow instrumental excerpt at about 99 beats per minute. The timbre is very bright and very spread across the spectrum. The recording is very loud and very percussive. It covers a wide range of pitch classes.,pop,pop/pop.00088,,pop
pop/pop.00089,A slow instrumental excerpt at about 99 beats per minute. The timbre is very bright and very spread across the spectrum. The recording is very loud and percussive. It covers a wide range of pitch classes.,pop,pop/pop.00089,,pop
pop/pop.00090,A moderate instrumental excerpt at about 103 beats per minute. The timbre is very bright and very spread across the spectrum. The recording is loud and percussive. It covers a moderate range of pitch classes.,pop,pop/pop.00090,,pop
pop/pop.00091,A moderate instrumental excerpt at about 117 beats per minute. The timbre is very bright and very spread across the spectrum. The recording is very loud and percussive. It covers a wide range of pitch classes.,pop,pop/pop.00091,,pop
pop/pop.00092,A moderate instrumental excerpt at about 108 beats per minute. The timbre is very bright and very spread across the spectrum. The recording is very loud and percussive. It covers a wide range of pitch classes.,pop,pop/pop.00092,,pop
pop/pop.00093,A up-tempo instrumental excerpt at about 136 beats per minute. The timbre is very bright and very spread across the spectrum. The recording is very loud and percussive. It covers a moderate range of pitch classes.,pop,pop/pop.00093,,pop
pop/pop.00094,A very fast instrumental excerpt at about 152 beats per minute. The timbre is bright and spread across the spectrum. The recording is loud and percussive. It covers a narrow range of pitch classes.,pop,pop/pop.00094,,pop
pop/pop.00095,A moderate instrumental excerpt at about 103 beats per minute. The timbre is bright and very spread across the spectrum. The recording is very loud and moderately percussive. It covers a moderate range of pitch classes.,pop,pop/pop.00095,,pop
pop/pop.00096,A slow instrumental excerpt at about 92 beats per minute. The timbre is very bright and very spread across the spectrum. The recording is very loud and moderately percussive. It covers a narrow range of pitch classes.,pop,pop/pop.00096,,pop
pop/pop.00097,A slow instrumental excerpt at about 99 beats per minute. The timbre is very bright and very spread across the spectrum. The recording is loud and percussive. It covers a wide range of pitch classes.,pop,pop/pop.00097,,pop
pop/pop.00098,A moderate instrumental excerpt at about 117 beats per minute. The timbre is very bright and very spread across the spectrum. The recording is loud and very percussive. It covers a moderate range of pitch classes.,pop,pop/pop.00098,,pop
pop/pop.00099,A slow instrumental excerpt at about 78 beats per minute. The timbre is bright and very spread across the spectrum. The recording is moderate and moderately percussive. It covers a moderate range of pitch classes.,pop,pop/pop.00099,,pop
reggae/reggae.00000,A moderate instrumental excerpt at about 123 beats per minute. The timbre is balanced and moderately spread across the spectrum. The recording is moderate and moderately percussive. It covers a narrow range of pitch classes.,reggae,reggae/reggae.00000,,reggae
reggae/reggae.00001,A very fast instrumental excerpt at about 152 beats per minute. The timbre is dark and moderately spread across the spectrum. The recording is quiet and smooth. It covers a narrow range of pitch classes.,reggae,reggae/reggae.00001,,reggae
reggae/reggae.00002,A moderate instrumental excerpt at about 103 beats per minute. The timbre is dark and moderately spread across the spectrum. The recording is moderate and smooth. It covers a moderate range of pitch classes.,reggae,reggae/reggae.00002,,reggae
reggae/reggae.00003,A up-tempo instrumental excerpt at about 144 beats per minute. The timbre is balanced and moderately spread across the spectrum. The recording is moderate and moderately percussive. It covers a moderate range of pitch classes.,reggae,reggae/reggae.00003,,reggae
reggae/reggae.00004,A moderate instrumental excerpt at about 123 beats per minute. The timbre is balanced and moderately spread across the spectrum. The recording is moderate and moderately percussive. It covers a moderate range of pitch classes.,reggae,reggae/reggae.00004,,reggae
reggae/reggae.00005,A very fast instrumental excerpt at about 161 beats per minute. The timbre is dark and moderately spread across the spectrum. The recording is moderate and smooth. It covers a moderate range of pitch classes.,reggae,reggae/reggae.00005,,reggae
reggae/reggae.00006,A very slow instrumental excerpt at about 76 beats per minute. The timbre is dark and focused across the spectrum. The recording is moderate and smooth. It covers a narrow range of pitch classes.,reggae,reggae/reggae.00006,,reggae
reggae/reggae.00007,A very fast instrumental excerpt at about 152 beats per minute. The timbre is dark and moderately spread across the spectrum. The recording is moderate and smooth. It covers a moderate range of pitch classes.,reggae,reggae/reggae.00007,,reggae
reggae/reggae.00008,A slow instrumental excerpt at about 96 beats per minute. The timbre is dark and moderately spread across the spectrum. The recording is moderate and smooth. It covers a moderate range of pitch classes.,reggae,reggae/reggae.00008,,reggae
reggae/reggae.00009,A very fast instrumental excerpt at about 161 beats per minute. The timbre is dark and moderately spread across the spectrum. The recording is quiet and smooth. It covers a moderate range of pitch classes.,reggae,reggae/reggae.00009,,reggae
reggae/reggae.00010,A moderate instrumental excerpt at about 117 beats per minute. The timbre is balanced and moderately spread across the spectrum. The recording is quiet and moderately percussive. It covers a narrow range of pitch classes.,reggae,reggae/reggae.00010,,reggae
reggae/reggae.00011,A moderate instrumental excerpt at about 123 beats per minute. The timbre is balanced and moderately spread across the spectrum. The recording is quiet and smooth. It covers a moderate range of pitch classes.,reggae,reggae/reggae.00011,,reggae
reggae/reggae.00012,A up-tempo instrumental excerpt at about 129 beats per minute. The timbre is balanced and moderately spread across the spectrum. The recording is quiet and moderately percussive. It covers a wide range of pitch classes.,reggae,reggae/reggae.00012,,reggae
reggae/reggae.00013,A moderate instrumental excerpt at about 123 beats per minute. The timbre is dark and moderately spread across the spectrum. The recording is moderate and smooth. It covers a moderate range of pitch classes.,reggae,reggae/reggae.00013,,reggae
reggae/reggae.00014,A up-tempo instrumental excerpt at about 129 beats per minute. The timbre is dark and moderately spread across the spectrum. The recording is moderate and smooth. It covers a moderate range of pitch classes.,reggae,reggae/reggae.00014,,reggae
reggae/reggae.00015,A up-tempo instrumental excerpt at about 129 beats per minute. The timbre is balanced and moderately spread across the spectrum. The recording is moderate and smooth. It covers a moderate range of pitch classes.,reggae,reggae/reggae.00015,,reggae
reggae/reggae.00016,A up-tempo instrumental excerpt at about 144 beats per minute. The timbre is balanced and moderately spread across the spectrum. The recording is loud and smooth. It covers a moderate range of pitch classes.,reggae,reggae/reggae.00016,,reggae
reggae/reggae.00017,A up-tempo instrumental excerpt at about 129 beats per minute. The timbre is dark and moderately spread across the spectrum. The recording is moderate and smooth. It covers a wide range of pitch classes.,reggae,reggae/reggae.00017,,reggae
reggae/reggae.00018,A very fast instrumental excerpt at about 152 beats per minute. The timbre is balanced and moderately spread across the spectrum. The recording is moderate and smooth. It covers a moderate range of pitch classes.,reggae,reggae/reggae.00018,,reggae
reggae/reggae.00019,A up-tempo instrumental excerpt at about 144 beats per minute. The timbre is dark and moderately spread across the spectrum. The recording is moderate and smooth. It covers a moderate range of pitch classes.,reggae,reggae/reggae.00019,,reggae
reggae/reggae.00020,A up-tempo instrumental excerpt at about 129 beats per minute. The timbre is dark and moderately spread across the spectrum. The recording is moderate and smooth. It covers a moderate range of pitch classes.,reggae,reggae/reggae.00020,,reggae
reggae/reggae.00021,A very fast instrumental excerpt at about 152 beats per minute. The timbre is balanced and moderately spread across the spectrum. The recording is loud and moderately percussive. It covers a moderate range of pitch classes.,reggae,reggae/reggae.00021,,reggae
reggae/reggae.00022,A very fast instrumental excerpt at about 152 beats per minute. The timbre is balanced and moderately spread across the spectrum. The recording is loud and smooth. It covers a wide range of pitch classes.,reggae,reggae/reggae.00022,,reggae
reggae/reggae.00023,A up-tempo instrumental excerpt at about 129 beats per minute. The timbre is balanced and moderately spread across the spectrum. The recording is moderate and percussive. It covers a wide range of pitch classes.,reggae,reggae/reggae.00023,,reggae
reggae/reggae.00024,A up-tempo instrumental excerpt at about 136 beats per minute. The timbre is dark and moderately spread across the spectrum. The recording is moderate and smooth. It covers a narrow range of pitch classes.,reggae,reggae/reggae.00024,,reggae
reggae/reggae.00025,A moderate instrumental excerpt at about 123 beats per minute. The timbre is dark and focused across the spectrum. The recording is moderate and smooth. It covers a moderate range of pitch classes.,reggae,reggae/reggae.00025,,reggae
reggae/reggae.00026,A up-tempo instrumental excerpt at about 136 beats per minute. The timbre is dark and moderately spread across the spectrum. The recording is moderate and smooth. It covers a moderate range of pitch classes.,reggae,reggae/reggae.00026,,reggae
reggae/reggae.00027,A up-tempo instrumental excerpt at about 136 beats per minute. The timbre is balanced and moderately spread across the spectrum. The recording is moderate and moderately percussive. It covers a moderate range of pitch classes.,reggae,reggae/reggae.00027,,reggae
reggae/reggae.00028,A slow instrumental excerpt at about 78 beats per minute. The timbre is dark and focused across the spectrum. The recording is quiet and smooth. It covers a wide range of pitch classes.,reggae,reggae/reggae.00028,,reggae
reggae/reggae.00029,A very fast instrumental excerpt at about 152 beats per minute. The timbre is dark and moderately spread across the spectrum. The recording is moderate and very smooth. It covers a wide range of pitch classes.,reggae,reggae/reggae.00029,,reggae
reggae/reggae.00030,A very slow instrumental excerpt at about 76 beats per minute. The timbre is dark and moderately spread across the spectrum. The recording is quiet and smooth. It covers a wide range of pitch classes.,reggae,reggae/reggae.00030,,reggae
reggae/reggae.00031,A very fast instrumental excerpt at about 161 beats per minute. The timbre is dark and moderately spread across the spectrum. The recording is moderate and smooth. It covers a wide range of pitch classes.,reggae,reggae/reggae.00031,,reggae
reggae/reggae.00032,A very fast instrumental excerpt at about 152 beats per minute. The timbre is dark and focused across the spectrum. The recording is quiet and smooth. It covers a wide range of pitch classes.,reggae,reggae/reggae.00032,,reggae
reggae/reggae.00033,A slow instrumental excerpt at about 89 beats per minute. The timbre is dark and moderately spread across the spectrum. The recording is quiet and smooth. It covers a wide range of pitch classes.,reggae,reggae/reggae.00033,,reggae
reggae/reggae.00034,A very fast instrumental excerpt at about 185 beats per minute. The timbre is very dark and focused across the spectrum. The recording is quiet and very smooth. It covers a wide range of pitch classes.,reggae,reggae/reggae.00034,,reggae
reggae/reggae.00035,A moderate instrumental excerpt at about 108 beats per minute. The timbre is dark and moderately spread across the spectrum. The recording is quiet and smooth. It covers a wide range of pitch classes.,reggae,reggae/reggae.00035,,reggae
reggae/reggae.00036,A slow instrumental excerpt at about 86 beats per minute. The timbre is dark and moderately spread across the spectrum. The recording is quiet and smooth. It covers a wide range of pitch classes.,reggae,reggae/reggae.00036,,reggae
reggae/reggae.00037,A very fast instrumental excerpt at about 152 beats per minute. The timbre is dark and moderately spread across the spectrum. The recording is quiet and smooth. It covers a very wide range of pitch classes.,reggae,reggae/reggae.00037,,reggae
reggae/reggae.00038,A slow instrumental excerpt at about 96 beats per minute. The timbre is dark and moderately spread across the spectrum. The recording is quiet and smooth. It covers a moderate range of pitch classes.,reggae,reggae/reggae.00038,,reggae
reggae/reggae.00039,A very fast instrumental excerpt at about 152 beats per minute. The timbre is very dark and moderately spread across the spectrum. The recording is moderate and very smooth. It covers a very wide range of pitch classes.,reggae,reggae/reggae.00039,,reggae
reggae/reggae.00040,A slow instrumental excerpt at about 92 beats per minute. The timbre is balanced and focused across the spectrum. The recording is very quiet and moderately percussive. It covers a narrow range of pitch classes.,reggae,reggae/reggae.00040,,reggae
reggae/reggae.00041,A up-tempo instrumental excerpt at about 144 beats per minute. The timbre is balanced and moderately spread across the spectrum. The recording is moderate and smooth. It covers a moderate range of pitch classes.,reggae,reggae/reggae.00041,,reggae
reggae/reggae.00042,A moderate instrumental excerpt at about 123 beats per minute. The timbre is balanced and spread across the spectrum. The recording is quiet and moderately percussive. It covers a wide range of pitch classes.,reggae,reggae/reggae.00042,,reggae
reggae/reggae.00043,A very fast instrumental excerpt at about 152 beats per minute. The timbre is dark and focused across the spectrum. The recording is moderate and smooth. It covers a narrow range of pitch classes.,reggae,reggae/reggae.00043,,reggae
reggae/reggae.00044,A very fast instrumental excerpt at about 172 beats per minute. The timbre is balanced and spread across the spectrum. The recording is loud and moderately percussive. It covers a wide range of pitch classes.,reggae,reggae/reggae.00044,,reggae
reggae/reggae.00045,A very fast instrumental excerpt at about 161 beats per minute. The timbre is very bright and very spread across the spectrum. The recording is moderate and very percussive. It covers a wide range of pitch classes.,reggae,reggae/reggae.00045,,reggae
reggae/reggae.00046,A very fast instrumental excerpt at about 172 beats per minute. The timbre is balanced and spread across the spectrum. The recording is moderate and moderately percussive. It covers a narrow range of pitch classes.,reggae,reggae/reggae.00046,,reggae
reggae/reggae.00047,A up-tempo instrumental excerpt at about 144 beats per minute. The timbre is balanced and moderately spread across the spectrum. The recording is moderate and moderately percussive. It covers a narrow range of pitch classes.,reggae,reggae/reggae.00047,,reggae
reggae/reggae.00048,A slow instrumental excerpt at about 89 beats per minute. The timbre is bright and spread across the spectrum. The recording is moderate and moderately percussive. It covers a moderate range of pitch classes.,reggae,reggae/reggae.00048,,reggae
reggae/reggae.00049,A slow instrumental excerpt at about 96 beats per minute. The timbre is balanced and spread across the spectrum. The recording is moderate and moderately percussive. It covers a moderate range of pitch classes.,reggae,reggae/reggae.00049,,reggae
reggae/reggae.00050,A slow instrumental excerpt at about 96 beats per minute. The timbre is bright and spread across the spectrum. The recording is moderate and percussive. It covers a wide range of pitch classes.,reggae,reggae/reggae.00050,,reggae
reggae/reggae.00051,A slow instrumental excerpt at about 86 beats per minute. The timbre is very bright and spread across the spectrum. The recording is moderate and very percussive. It covers a very wide range of pitch classes.,reggae,reggae/reggae.00051,,reggae
reggae/reggae.00052,A slow instrumental excerpt at about 99 beats per minute. The timbre is very bright and very spread across the spectrum. The recording is loud and percussive. It covers a very wide range of pitch classes.,reggae,reggae/reggae.00052,,reggae
reggae/reggae.00053,A very slow instrumental excerpt at about 76 beats per minute. The timbre is balanced and moderately spread across the spectrum. The recording is quiet and moderately percussive. It covers a wide range of pitch classes.,reggae,reggae/reggae.00053,,reggae
reggae/reggae.00054,A up-tempo instrumental excerpt at about 144 beats per minute. The timbre is bright and spread across the spectrum. The recording is moderate and moderately percussive. It covers a moderate range of pitch classes.,reggae,reggae/reggae.00054,,reggae
reggae/reggae.00055,A up-tempo instrumental excerpt at about 129 beats per minute. The timbre is bright and spread across the spectrum. The recording is moderate and moderately percussive. It covers a wide range of pitch classes.,reggae,reggae/reggae.00055,,reggae
reggae/reggae.00056,A very fast instrumental excerpt at about 161 beats per minute. The timbre is balanced and spread across the spectrum. The recording is moderate and moderately percussive. It covers a moderate range of pitch classes.,reggae,reggae/reggae.00056,,reggae
reggae/reggae.00057,A slow instrumental excerpt at about 96 beats per minute. The timbre is balanced and spread across the spectrum. The recording is moderate and smooth. It covers a moderate range of pitch classes.,reggae,reggae/reggae.00057,,reggae
reggae/reggae.00058,A moderate instrumental excerpt at about 123 beats per minute. The timbre is bright and spread across the spectrum. The recording is moderate and moderately percussive. It covers a moderate range of pitch classes.,reggae,reggae/reggae.00058,,reggae
reggae/reggae.00059,A very fast instrumental excerpt at about 152 beats per minute. The timbre is bright and spread across the spectrum. The recording is moderate and moderately percussive. It covers a moderate range of pitch classes.,reggae,reggae/reggae.00059,,reggae
reggae/reggae.00060,A moderate instrumental excerpt at about 112 beats per minute. The timbre is balanced and moderately spread across the spectrum. The recording is very quiet and moderately percussive. It covers a narrow range of pitch classes.,reggae,reggae/reggae.00060,,reggae
reggae/reggae.00061,A slow instrumental excerpt at about 92 beats per minute. The timbre is very bright and very spread across the spectrum. The recording is loud and percussive. It covers a moderate range of pitch classes.,reggae,reggae/reggae.00061,,reggae
reggae/reggae.00062,A very fast instrumental excerpt at about 152 beats per minute. The timbre is balanced and spread across the spectrum. The recording is quiet and smooth. It covers a wide range of pitch classes.,reggae,reggae/reggae.00062,,reggae
reggae/reggae.00063,A very fast instrumental excerpt at about 185 beats per minute. The timbre is balanced and moderately spread across the spectrum. The recording is moderate and moderately percussive. It covers a moderate range of pitch classes.,reggae,reggae/reggae.00063,,reggae
reggae/reggae.00064,A very fast instrumental excerpt at about 172 beats per minute. The timbre is bright and very spread across the spectrum. The recording is very loud and moderately percussive. It covers a moderate range of pitch classes.,reggae,reggae/reggae.00064,,reggae
reggae/reggae.00065,A slow instrumental excerpt at about 89 beats per minute. The timbre is balanced and moderately spread across the spectrum. The recording is very loud and moderately percussive. It covers a moderate range of pitch classes.,reggae,reggae/reggae.00065,,reggae
reggae/reggae.00066,A very fast instrumental excerpt at about 161 beats per minute. The timbre is dark and focused across the spectrum. The recording is moderate and smooth. It covers a moderate range of pitch classes.,reggae,reggae/reggae.00066,,reggae
reggae/reggae.00067,A slow instrumental excerpt at about 83 beats per minute. The timbre is dark and moderately spread across the spectrum. The recording is moderate and smooth. It covers a moderate range of pitch classes.,reggae,reggae/reggae.00067,,reggae
reggae/reggae.00068,A up-tempo instrumental excerpt at about 136 beats per minute. The timbre is balanced and moderately spread across the spectrum. The recording is moderate and smooth. It covers a moderate range of pitch classes.,reggae,reggae/reggae.00068,,reggae
reggae/reggae.00069,A up-tempo instrumental excerpt at about 144 beats per minute. The timbre is balanced and spread across the spectrum. The recording is moderate and moderately percussive. It covers a moderate range of pitch classes.,reggae,reggae/reggae.00069,,reggae
reggae/reggae.00070,A very fast instrumental excerpt at about 172 beats per minute. The timbre is balanced and spread across the spectrum. The recording is moderate and smooth. It covers a moderate range of pitch classes.,reggae,reggae/reggae.00070,,reggae
reggae/reggae.00071,A up-tempo instrumental excerpt at about 144 beats per minute. The timbre is very bright and spread across the spectrum. The recording is loud and percussive. It covers a moderate range of pitch classes.,reggae,reggae/reggae.00071,,reggae
reggae/reggae.00072,A moderate instrumental excerpt at about 112 beats per minute. The timbre is bright and very spread across the spectrum. The recording is moderate and percussive. It covers a wide range of pitch classes.,reggae,reggae/reggae.00072,,reggae
reggae/reggae.00073,A slow instrumental excerpt at about 83 beats per minute. The timbre is balanced and spread across the spectrum. The recording is loud and smooth. It covers a wide range of pitch classes.,reggae,reggae/reggae.00073,,reggae
reggae/reggae.00074,A very fast instrumental excerpt at about 172 beats per minute. The timbre is balanced and spread across the spectrum. The recording is loud and smooth. It covers a wide range of pitch classes.,reggae,reggae/reggae.00074,,reggae
reggae/reggae.00075,A up-tempo instrumental excerpt at about 144 beats per minute. The timbre is balanced and moderately spread across the spectrum. The recording is loud and percussive. It covers a moderate range of pitch classes.,reggae,reggae/reggae.00075,,reggae
reggae/reggae.00076,A very fast instrumental excerpt at about 161 beats per minute. The timbre is balanced and spread across the spectrum. The recording is loud and moderately percussive. It covers a wide range of pitch classes.,reggae,reggae/reggae.00076,,reggae
reggae/reggae.00077,A up-tempo instrumental excerpt at about 144 beats per minute. The timbre is dark and moderately spread across the spectrum. The recording is moderate and smooth. It covers a moderate range of pitch classes.,reggae,reggae/reggae.00077,,reggae
reggae/reggae.00078,A very fast instrumental excerpt at about 161 beats per minute. The timbre is balanced and moderately spread across the spectrum. The recording is moderate and moderately percussive. It covers a wide range of pitch classes.,reggae,reggae/reggae.00078,,reggae
reggae/reggae.00079,A very fast instrumental excerpt at about 152 beats per minute. The timbre is bright and moderately spread across the spectrum. The recording is quiet and very percussive. It covers a wide range of pitch classes.,reggae,reggae/reggae.00079,,reggae
reggae/reggae.00080,A slow instrumental excerpt at about 99 beats per minute. The timbre is bright and spread across the spectrum. The recording is loud and moderately percussive. It covers a wide range of pitch classes.,reggae,reggae/reggae.00080,,reggae
reggae/reggae.00081,A slow instrumental excerpt at about 99 beats per minute. The timbre is bright and spread across the spectrum. The recording is loud and moderately percussive. It covers a wide range of pitch classes.,reggae,reggae/reggae.00081,,reggae
reggae/reggae.00082,A slow instrumental excerpt at about 99 beats per minute. The timbre is bright and spread across the spectrum. The recording is loud and moderately percussive. It covers a wide range of pitch classes.,reggae,reggae/reggae.00082,,reggae
reggae/reggae.00083,A up-tempo instrumental excerpt at about 129 beats per minute. The timbre is very dark and focused across the spectrum. The recording is quiet and smooth. It covers a narrow range of pitch classes.,reggae,reggae/reggae.00083,,reggae
reggae/reggae.00084,A very fast instrumental excerpt at about 199 beats per minute. The timbre is dark and moderately spread across the spectrum. The recording is moderate and smooth. It covers a narrow range of pitch classes.,reggae,reggae/reggae.00084,,reggae
reggae/reggae.00085,A slow instrumental excerpt at about 86 beats per minute. The timbre is dark and focused across the spectrum. The recording is moderate and moderately percussive. It covers a moderate range of pitch classes.,reggae,reggae/reggae.00085,,reggae
reggae/reggae.00086,A up-tempo instrumental excerpt at about 129 beats per minute. The timbre is very bright and spread across the spectrum. The recording is very loud and very percussive. It covers a very wide range of pitch classes.,reggae,reggae/reggae.00086,,reggae
reggae/reggae.00087,A slow instrumental excerpt at about 83 beats per minute. The timbre is very bright and very spread across the spectrum. The recording is loud and percussive. It covers a moderate range of pitch classes.,reggae,reggae/reggae.00087,,reggae
reggae/reggae.00088,A moderate instrumental excerpt at about 108 beats per minute. The timbre is very bright and very spread across the spectrum. The recording is moderate and very percussive. It covers a moderate range of pitch classes.,reggae,reggae/reggae.00088,,reggae
reggae/reggae.00089,A very fast instrumental excerpt at about 152 beats per minute. The timbre is very dark and very focused across the spectrum. The recording is loud and very smooth. It covers a moderate range of pitch classes.,reggae,reggae/reggae.00089,,reggae
reggae/reggae.00090,A very fast instrumental excerpt at about 152 beats per minute. The timbre is bright and spread across the spectrum. The recording is moderate and percussive. It covers a wide range of pitch classes.,reggae,reggae/reggae.00090,,reggae
reggae/reggae.00091,A up-tempo instrumental excerpt at about 144 beats per minute. The timbre is balanced and moderately spread across the spectrum. The recording is quiet and percussive. It covers a moderate range of pitch classes.,reggae,reggae/reggae.00091,,reggae
reggae/reggae.00092,A up-tempo instrumental excerpt at about 144 beats per minute. The timbre is balanced and moderately spread across the spectrum. The recording is moderate and moderately percussive. It covers a moderate range of pitch classes.,reggae,reggae/reggae.00092,,reggae
reggae/reggae.00093,A slow instrumental excerpt at about 89 beats per minute. The timbre is balanced and spread across the spectrum. The recording is moderate and moderately percussive. It covers a moderate range of pitch classes.,reggae,reggae/reggae.00093,,reggae
reggae/reggae.00094,A up-tempo instrumental excerpt at about 129 beats per minute. The timbre is balanced and moderately spread across the spectrum. The recording is moderate and moderately percussive. It covers a moderate range of pitch classes.,reggae,reggae/reggae.00094,,reggae
reggae/reggae.00095,A moderate instrumental excerpt at about 123 beats per minute. The timbre is bright and spread across the spectrum. The recording is loud and moderately percussive. It covers a wide range of pitch classes.,reggae,reggae/reggae.00095,,reggae
reggae/reggae.00096,A slow instrumental excerpt at about 89 beats per minute. The timbre is dark and focused across the spectrum. The recording is loud and smooth. It covers a moderate range of pitch classes.,reggae,reggae/reggae.00096,,reggae
reggae/reggae.00097,A very fast instrumental excerpt at about 161 beats per minute. The timbre is balanced and moderately spread across the spectrum. The recording is moderate and moderately percussive. It covers a very narrow range of pitch classes.,reggae,reggae/reggae.00097,,reggae
reggae/reggae.00098,A moderate instrumental excerpt at about 123 beats per minute. The timbre is balanced and moderately spread across the spectrum. The recording is moderate and smooth. It covers a moderate range of pitch classes.,reggae,reggae/reggae.00098,,reggae
reggae/reggae.00099,A moderate instrumental excerpt at about 117 beats per minute. The timbre is balanced and moderately spread across the spectrum. The recording is loud and percussive. It covers a wide range of pitch classes.,reggae,reggae/reggae.00099,,reggae
rock/rock.00000,A moderate instrumental excerpt at about 123 beats per minute. The timbre is balanced and moderately spread across the spectrum. The recording is moderate and moderately percussive. It covers a moderate range of pitch classes.,rock,rock/rock.00000,,rock
rock/rock.00001,A very fast instrumental excerpt at about 152 beats per minute. The timbre is dark and focused across the spectrum. The recording is loud and smooth. It covers a moderate range of pitch classes.,rock,rock/rock.00001,,rock
rock/rock.00002,A moderate instrumental excerpt at about 108 beats per minute. The timbre is dark and moderately spread across the spectrum. The recording is moderate and smooth. It covers a wide range of pitch classes.,rock,rock/rock.00002,,rock
rock/rock.00003,A slow instrumental excerpt at about 96 beats per minute. The timbre is dark and focused across the spectrum. The recording is loud and very smooth. It covers a moderate range of pitch classes.,rock,rock/rock.00003,,rock
rock/rock.00004,A moderate instrumental excerpt at about 103 beats per minute. The timbre is very dark and focused across the spectrum. The recording is loud and very smooth. It covers a moderate range of pitch classes.,rock,rock/rock.00004,,rock
rock/rock.00005,A slow instrumental excerpt at about 99 beats per minute. The timbre is dark and focused across the spectrum. The recording is loud and smooth. It covers a moderate range of pitch classes.,rock,rock/rock.00005,,rock
rock/rock.00006,A moderate instrumental excerpt at about 112 beats per minute. The timbre is dark and focused across the spectrum. The recording is loud and moderately percussive. It covers a narrow range of pitch classes.,rock,rock/rock.00006,,rock
rock/rock.00007,A slow instrumental excerpt at about 89 beats per minute. The timbre is very dark and focused across the spectrum. The recording is loud and very smooth. It covers a moderate range of pitch classes.,rock,rock/rock.00007,,rock
rock/rock.00008,A very fast instrumental excerpt at about 172 beats per minute. The timbre is dark and focused across the spectrum. The recording is very loud and moderately percussive. It covers a moderate range of pitch classes.,rock,rock/rock.00008,,rock
rock/rock.00009,A very slow instrumental excerpt at about 76 beats per minute. The timbre is very dark and focused across the spectrum. The recording is moderate and very smooth. It covers a moderate range of pitch classes.,rock,rock/rock.00009,,rock
rock/rock.00010,A very fast instrumental excerpt at about 161 beats per minute. The timbre is dark and moderately spread across the spectrum. The recording is loud and smooth. It covers a moderate range of pitch classes.,rock,rock/rock.00010,,rock
rock/rock.00011,A moderate instrumental excerpt at about 117 beats per minute. The timbre is dark and moderately spread across the spectrum. The recording is moderate and smooth. It covers a narrow range of pitch classes.,rock,rock/rock.00011,,rock
rock/rock.00012,A moderate instrumental excerpt at about 112 beats per minute. The timbre is dark and moderately spread across the spectrum. The recording is quiet and smooth. It covers a narrow range of pitch classes.,rock,rock/rock.00012,,rock
rock/rock.00013,A moderate instrumental excerpt at about 123 beats per minute. The timbre is dark and moderately spread across the spectrum. The recording is moderate and very smooth. It covers a wide range of pitch classes.,rock,rock/rock.00013,,rock
rock/rock.00014,A moderate instrumental excerpt at about 117 beats per minute. The timbre is balanced and moderately spread across the spectrum. The recording is quiet and moderately percussive. It covers a moderate range of pitch classes.,rock,rock/rock.00014,,rock
rock/rock.00015,A up-tempo instrumental excerpt at about 136 beats per minute. The timbre is balanced and moderately spread across the spectrum. The recording is quiet and moderately percussive. It covers a narrow range of pitch classes.,rock,rock/rock.00015,,rock
rock/rock.00016,A up-tempo instrumental excerpt at about 144 beats per minute. The timbre is balanced and moderately spread across the spectrum. The recording is loud and percussive. It covers a wide range of pitch classes.,rock,rock/rock.00016,,rock
rock/rock.00017,A moderate instrumental excerpt at about 123 beats per minute. The timbre is balanced and moderately spread across the spectrum. The recording is loud and percussive. It covers a moderate range of pitch classes.,rock,rock/rock.00017,,rock
rock/rock.00018,A moderate instrumental excerpt at about 117 beats per minute. The timbre is balanced and moderately spread across the spectrum. The recording is moderate and moderately percussive. It covers a wide range of pitch classes.,rock,rock/rock.00018,,rock
rock/rock.00019,A moderate instrumental excerpt at about 117 beats per minute. The timbre is balanced and moderately spread across the spectrum. The recording is moderate and percussive. It covers a wide range of pitch classes.,rock,rock/rock.00019,,rock
rock/rock.00020,A slow instrumental excerpt at about 99 beats per minute. The timbre is balanced and moderately spread across the spectrum. The recording is loud and moderately percussive. It covers a moderate range of pitch classes.,rock,rock/rock.00020,,rock
rock/rock.00021,A very fast instrumental excerpt at about 185 beats per minute. The timbre is balanced and moderately spread across the spectrum. The recording is loud and percussive. It covers a moderate range of pitch classes.,rock,rock/rock.00021,,rock
rock/rock.00022,A very fast instrumental excerpt at about 199 beats per minute. The timbre is balanced and moderately spread across the spectrum. The recording is loud and percussive. It covers a moderate range of pitch classes.,rock,rock/rock.00022,,rock
rock/rock.00023,A very slow instrumental excerpt at about 74 beats per minute. The timbre is balanced and moderately spread across the spectrum. The recording is moderate and moderately percussive. It covers a narrow range of pitch classes.,rock,rock/rock.00023,,rock
rock/rock.00024,A very slow instrumental excerpt at about 74 beats per minute. The timbre is balanced and moderately spread across the spectrum. The recording is loud and percussive. It covers a moderate range of pitch classes.,rock,rock/rock.00024,,rock
rock/rock.00025,A moderate instrumental excerpt at about 103 beats per minute. The timbre is bright and moderately spread across the spectrum. The recording is moderate and percussive. It covers a moderate range of pitch classes.,rock,rock/rock.00025,,rock
rock/rock.00026,A moderate instrumental excerpt at about 112 beats per minute. The timbre is balanced and moderately spread across the spectrum. The recording is loud and percussive. It covers a moderate range of pitch classes.,rock,rock/rock.00026,,rock
rock/rock.00027,A very fast instrumental excerpt at about 152 beats per minute. The timbre is bright and spread across the spectrum. The recording is quiet and percussive. It covers a moderate range of pitch classes.,rock,rock/rock.00027,,rock
rock/rock.00028,A up-tempo instrumental excerpt at about 136 beats per minute. The timbre is balanced and moderately spread across the spectrum. The recording is moderate and moderately percussive. It covers a wide range of pitch classes.,rock,rock/rock.00028,,rock
rock/rock.00029,A moderate instrumental excerpt at about 123 beats per minute. The timbre is balanced and spread across the spectrum. The recording is loud and moderately percussive. It covers a moderate range of pitch classes.,rock,rock/rock.00029,,rock
rock/rock.00030,A moderate instrumental excerpt at about 117 beats per minute. The timbre is bright and spread across the spectrum. The recording is moderate and moderately percussive. It covers a moderate range of pitch classes.,rock,rock/rock.00030,,rock
rock/rock.00031,A moderate instrumental excerpt at about 117 beats per minute. The timbre is bright and spread across the spectrum. The recording is moderate and percussive. It covers a moderate range of pitch classes.,rock,rock/rock.00031,,rock
rock/rock.00032,A slow instrumental excerpt at about 92 beats per minute. The timbre is balanced and moderately spread across the spectrum. The recording is very loud and moderately percussive. It covers a moderate range of pitch classes.,rock,rock/rock.00032,,rock
rock/rock.00033,A moderate instrumental excerpt at about 117 beats per minute. The timbre is dark and focused across the spectrum. The recording is moderate and smooth. It covers a narrow range of pitch classes.,rock,rock/rock.00033,,rock
rock/rock.00034,A up-tempo instrumental excerpt at about 136 beats per minute. The timbre is bright and spread across the spectrum. The recording is loud and percussive. It covers a wide range of pitch classes.,rock,rock/rock.00034,,rock
rock/rock.00035,A up-tempo instrumental excerpt at about 129 beats per minute. The timbre is dark and spread across the spectrum. The recording is moderate and smooth. It covers a wide range of pitch classes.,rock,rock/rock.00035,,rock
rock/rock.00036,A up-tempo instrumental excerpt at about 136 beats per minute. The timbre is bright and spread across the spectrum. The recording is loud and percussive. It covers a wide range of pitch classes.,rock,rock/rock.00036,,rock
rock/rock.00037,A up-tempo instrumental excerpt at about 129 beats per minute. The timbre is bright and spread across the spectrum. The recording is moderate and percussive. It covers a wide range of pitch classes.,rock,rock/rock.00037,,rock
rock/rock.00038,A up-tempo instrumental excerpt at about 136 beats per minute. The timbre is bright and spread across the spectrum. The recording is loud and percussive. It covers a moderate range of pitch classes.,rock,rock/rock.00038,,rock
rock/rock.00039,A up-tempo instrumental excerpt at about 144 beats per minute. The timbre is bright and spread across the spectrum. The recording is moderate and percussive. It covers a wide range of pitch classes.,rock,rock/rock.00039,,rock
rock/rock.00040,A moderate instrumental excerpt at about 112 beats per minute. The timbre is bright and spread across the spectrum. The recording is moderate and percussive. It covers a moderate range of pitch classes.,rock,rock/rock.00040,,rock
rock/rock.00041,A moderate instrumental excerpt at about 117 beats per minute. The timbre is bright and spread across the spectrum. The recording is loud and percussive. It covers a moderate range of pitch classes.,rock,rock/rock.00041,,rock
rock/rock.00042,A very fast instrumental excerpt at about 161 beats per minute. The timbre is bright and spread across the spectrum. The recording is moderate and percussive. It covers a wide range of pitch classes.,rock,rock/rock.00042,,rock
rock/rock.00043,A slow instrumental excerpt at about 89 beats per minute. The timbre is bright and spread across the spectrum. The recording is moderate and percussive. It covers a wide range of pitch classes.,rock,rock/rock.00043,,rock
rock/rock.00044,A slow instrumental excerpt at about 92 beats per minute. The timbre is dark and moderately spread across the spectrum. The recording is moderate and smooth. It covers a narrow range of pitch classes.,rock,rock/rock.00044,,rock
rock/rock.00045,A very fast instrumental excerpt at about 152 beats per minute. The timbre is dark and focused across the spectrum. The recording is moderate and smooth. It covers a moderate range of pitch classes.,rock,rock/rock.00045,,rock
rock/rock.00046,A moderate instrumental excerpt at about 103 beats per minute. The timbre is balanced and spread across the spectrum. The recording is moderate and moderately percussive. It covers a moderate range of pitch classes.,rock,rock/rock.00046,,rock
rock/rock.00047,A moderate instrumental excerpt at about 108 beats per minute. The timbre is bright and spread across the spectrum. The recording is moderate and percussive. It covers a wide range of pitch classes.,rock,rock/rock.00047,,rock
rock/rock.00048,A up-tempo instrumental excerpt at about 129 beats per minute. The timbre is dark and focused across the spectrum. The recording is moderate and moderately percussive. It covers a narrow range of pitch classes.,rock,rock/rock.00048,,rock
rock/rock.00049,A moderate instrumental excerpt at about 112 beats per minute. The timbre is balanced and moderately spread across the spectrum. The recording is moderate and moderately percussive. It covers a moderate range of pitch classes.,rock,rock/rock.00049,,rock
rock/rock.00050,A moderate instrumental excerpt at about 123 beats per minute. The timbre is dark and moderately spread across the spectrum. The recording is moderate and smooth. It covers a moderate range of pitch classes.,rock,rock/rock.00050,,rock
rock/rock.00051,A very fast instrumental excerpt at about 172 beats per minute. The timbre is bright and very spread across the spectrum. The recording is loud and percussive. It covers a moderate range of pitch classes.,rock,rock/rock.00051,,rock
rock/rock.00052,A up-tempo instrumental excerpt at about 129 beats per minute. The timbre is balanced and spread across the spectrum. The recording is moderate and moderately percussive. It covers a narrow range of pitch classes.,rock,rock/rock.00052,,rock
rock/rock.00053,A moderate instrumental excerpt at about 117 beats per minute. The timbre is very bright and very spread across the spectrum. The recording is loud and very percussive. It covers a moderate range of pitch classes.,rock,rock/rock.00053,,rock
rock/rock.00054,A moderate instrumental excerpt at about 108 beats per minute. The timbre is bright and spread across the spectrum. The recording is quiet and percussive. It covers a narrow range of pitch classes.,rock,rock/rock.00054,,rock
rock/rock.00055,A up-tempo instrumental excerpt at about 129 beats per minute. The timbre is dark and moderately spread across the spectrum. The recording is moderate and smooth. It covers a wide range of pitch classes.,rock,rock/rock.00055,,rock
rock/rock.00056,A up-tempo instrumental excerpt at about 136 beats per minute. The timbre is very bright and very spread across the spectrum. The recording is loud and very percussive. It covers a wide range of pitch classes.,rock,rock/rock.00056,,rock
rock/rock.00057,A moderate instrumental excerpt at about 123 beats per minute. The timbre is very bright and very spread across the spectrum. The recording is moderate and very percussive. It covers a moderate range of pitch classes.,rock,rock/rock.00057,,rock
rock/rock.00058,A up-tempo instrumental excerpt at about 136 beats per minute. The timbre is balanced and spread across the spectrum. The recording is quiet and moderately percussive. It covers a narrow range of pitch classes.,rock,rock/rock.00058,,rock
rock/rock.00059,A moderate instrumental excerpt at about 117 beats per minute. The timbre is balanced and very spread across the spectrum. The recording is quiet and moderately percussive. It covers a narrow range of pitch classes.,rock,rock/rock.00059,,rock
rock/rock.00060,A slow instrumental excerpt at about 89 beats per minute. The timbre is bright and spread across the spectrum. The recording is moderate and percussive. It covers a moderate range of pitch classes.,rock,rock/rock.00060,,rock
rock/rock.00061,A slow instrumental excerpt at about 81 beats per minute. The timbre is balanced and spread across the spectrum. The recording is quiet and smooth. It covers a narrow range of pitch classes.,rock,rock/rock.00061,,rock
rock/rock.00062,A moderate instrumental excerpt at about 123 beats per minute. The timbre is bright and very spread across the spectrum. The recording is quiet and moderately percussive. It covers a narrow range of pitch classes.,rock,rock/rock.00062,,rock
rock/rock.00063,A very slow instrumental excerpt at about 76 beats per minute. The timbre is dark and moderately spread across the spectrum. The recording is quiet and smooth. It covers a narrow range of pitch classes.,rock,rock/rock.00063,,rock
rock/rock.00064,A very fast instrumental excerpt at about 152 beats per minute. The timbre is balanced and moderately spread across the spectrum. The recording is moderate and moderately percussive. It covers a moderate range of pitch classes.,rock,rock/rock.00064,,rock
rock/rock.00065,A moderate instrumental excerpt at about 123 beats per minute. The timbre is balanced and moderately spread across the spectrum. The recording is moderate and percussive. It covers a moderate range of pitch classes.,rock,rock/rock.00065,,rock
rock/rock.00066,A very slow instrumental excerpt at about 76 beats per minute. The timbre is balanced and moderately spread across the spectrum. The recording is very quiet and moderately percussive. It covers a moderate range of pitch classes.,rock,rock/rock.00066,,rock
rock/rock.00067,A moderate instrumental excerpt at about 103 beats per minute. The timbre is balanced and moderately spread across the spectrum. The recording is moderate and moderately percussive. It covers a moderate range of pitch classes.,rock,rock/rock.00067,,rock
rock/rock.00068,A moderate instrumental excerpt at about 123 beats per minute. The timbre is balanced and moderately spread across the spectrum. The recording is moderate and moderately percussive. It covers a moderate range of pitch classes.,rock,rock/rock.00068,,rock
rock/rock.00069,A very fast instrumental excerpt at about 172 beats per minute. The timbre is bright and moderately spread across the spectrum. The recording is very quiet and percussive. It covers a narrow range of pitch classes.,rock,rock/rock.00069,,rock
rock/rock.00070,A very fast instrumental excerpt at about 172 beats per minute. The timbre is bright and moderately spread across the spectrum. The recording is quiet and percussive. It covers a moderate range of pitch classes.,rock,rock/rock.00070,,rock
rock/rock.00071,A moderate instrumental excerpt at about 112 beats per minute. The timbre is balanced and moderately spread across the spectrum. The recording is loud and moderately percussive. It covers a wide range of pitch classes.,rock,rock/rock.00071,,rock
rock/rock.00072,A moderate instrumental excerpt at about 103 beats per minute. The timbre is balanced and moderately spread across the spectrum. The recording is loud and moderately percussive. It covers a moderate range of pitch classes.,rock,rock/rock.00072,,rock
rock/rock.00073,A slow instrumental excerpt at about 96 beats per minute. The timbre is balanced and moderately spread across the spectrum. The recording is loud and moderately percussive. It covers a wide range of pitch classes.,rock,rock/rock.00073,,rock
rock/rock.00074,A moderate instrumental excerpt at about 112 beats per minute. The timbre is balanced and moderately spread across the spectrum. The recording is loud and moderately percussive. It covers a moderate range of pitch classes.,rock,rock/rock.00074,,rock
rock/rock.00075,A moderate instrumental excerpt at about 117 beats per minute. The timbre is balanced and moderately spread across the spectrum. The recording is moderate and moderately percussive. It covers a moderate range of pitch classes.,rock,rock/rock.00075,,rock
rock/rock.00076,A slow instrumental excerpt at about 96 beats per minute. The timbre is dark and moderately spread across the spectrum. The recording is moderate and smooth. It covers a narrow range of pitch classes.,rock,rock/rock.00076,,rock
rock/rock.00077,A moderate instrumental excerpt at about 108 beats per minute. The timbre is balanced and moderately spread across the spectrum. The recording is moderate and moderately percussive. It covers a wide range of pitch classes.,rock,rock/rock.00077,,rock
rock/rock.00078,A slow instrumental excerpt at about 99 beats per minute. The timbre is dark and moderately spread across the spectrum. The recording is moderate and smooth. It covers a moderate range of pitch classes.,rock,rock/rock.00078,,rock
rock/rock.00079,A moderate instrumental excerpt at about 123 beats per minute. The timbre is balanced and moderately spread across the spectrum. The recording is moderate and moderately percussive. It covers a moderate range of pitch classes.,rock,rock/rock.00079,,rock
rock/rock.00080,A moderate instrumental excerpt at about 117 beats per minute. The timbre is bright and moderately spread across the spectrum. The recording is moderate and percussive. It covers a moderate range of pitch classes.,rock,rock/rock.00080,,rock
rock/rock.00081,A moderate instrumental excerpt at about 117 beats per minute. The timbre is bright and moderately spread across the spectrum. The recording is moderate and percussive. It covers a narrow range of pitch classes.,rock,rock/rock.00081,,rock
rock/rock.00082,A slow instrumental excerpt at about 99 beats per minute. The timbre is bright and spread across the spectrum. The recording is moderate and very percussive. It covers a moderate range of pitch classes.,rock,rock/rock.00082,,rock
rock/rock.00083,A moderate instrumental excerpt at about 123 beats per minute. The timbre is balanced and moderately spread across the spectrum. The recording is moderate and moderately percussive. It covers a moderate range of pitch classes.,rock,rock/rock.00083,,rock
rock/rock.00084,A up-tempo instrumental excerpt at about 129 beats per minute. The timbre is bright and moderately spread across the spectrum. The recording is moderate and percussive. It covers a moderate range of pitch classes.,rock,rock/rock.00084,,rock
rock/rock.00085,A very fast instrumental excerpt at about 185 beats per minute. The timbre is balanced and moderately spread across the spectrum. The recording is quiet and percussive. It covers a narrow range of pitch classes.,rock,rock/rock.00085,,rock
rock/rock.00086,A up-tempo instrumental excerpt at about 129 beats per minute. The timbre is bright and moderately spread across the spectrum. The recording is quiet and percussive. It covers a moderate range of pitch classes.,rock,rock/rock.00086,,rock
rock/rock.00087,A up-tempo instrumental excerpt at about 129 beats per minute. The timbre is balanced and moderately spread across the spectrum. The recording is loud and percussive. It covers a moderate range of pitch classes.,rock,rock/rock.00087,,rock
rock/rock.00088,A slow instrumental excerpt at about 92 beats per minute. The timbre is bright and moderately spread across the spectrum. The recording is quiet and percussive. It covers a moderate range of pitch classes.,rock,rock/rock.00088,,rock
rock/rock.00089,A moderate instrumental excerpt at about 108 beats per minute. The timbre is dark and focused across the spectrum. The recording is moderate and smooth. It covers a narrow range of pitch classes.,rock,rock/rock.00089,,rock
rock/rock.00090,A moderate instrumental excerpt at about 123 beats per minute. The timbre is balanced and moderately spread across the spectrum. The recording is loud and percussive. It covers a very narrow range of pitch classes.,rock,rock/rock.00090,,rock
rock/rock.00091,A up-tempo instrumental excerpt at about 144 beats per minute. The timbre is balanced and moderately spread across the spectrum. The recording is moderate and percussive. It covers a wide range of pitch classes.,rock,rock/rock.00091,,rock
rock/rock.00092,A up-tempo instrumental excerpt at about 129 beats per minute. The timbre is balanced and moderately spread across the spectrum. The recording is moderate and percussive. It covers a moderate range of pitch classes.,rock,rock/rock.00092,,rock
rock/rock.00093,A moderate instrumental excerpt at about 103 beats per minute. The timbre is balanced and focused across the spectrum. The recording is moderate and moderately percussive. It covers a narrow range of pitch classes.,rock,rock/rock.00093,,rock
rock/rock.00094,A moderate instrumental excerpt at about 112 beats per minute. The timbre is bright and moderately spread across the spectrum. The recording is moderate and percussive. It covers a moderate range of pitch classes.,rock,rock/rock.00094,,rock
rock/rock.00095,A moderate instrumental excerpt at about 103 beats per minute. The timbre is balanced and moderately spread across the spectrum. The recording is quiet and moderately percussive. It covers a moderate range of pitch classes.,rock,rock/rock.00095,,rock
rock/rock.00096,A moderate instrumental excerpt at about 117 beats per minute. The timbre is balanced and moderately spread across the spectrum. The recording is quiet and moderately percussive. It covers a moderate range of pitch classes.,rock,rock/rock.00096,,rock
rock/rock.00097,A up-tempo instrumental excerpt at about 129 beats per minute. The timbre is balanced and focused across the spectrum. The recording is quiet and percussive. It covers a wide range of pitch classes.,rock,rock/rock.00097,,rock
rock/rock.00098,A very slow instrumental excerpt at about 74 beats per minute. The timbre is very dark and focused across the spectrum. The recording is quiet and very smooth. It covers a moderate range of pitch classes.,rock,rock/rock.00098,,rock
rock/rock.00099,A moderate instrumental excerpt at about 123 beats per minute. The timbre is dark and focused across the spectrum. The recording is quiet and smooth. It covers a moderate range of pitch classes.,rock,rock/rock.00099,,rock
